<?xml version="1.0" encoding="utf-8"?>
<COLLADA xmlns="http://www.collada.org/2005/11/COLLADASchema" version="1.4.1">
  <asset>
    <contributor>
      <author>Blender User</author>
      <authoring_tool>Blender 2.76.0 commit date:2015-10-11, commit time:06:55, hash:48f7dd6</authoring_tool>
    </contributor>
    <created>2016-07-13T17:46:16</created>
    <modified>2016-07-13T17:46:16</modified>
    <unit name="meter" meter="1"/>
    <up_axis>Z_UP</up_axis>
  </asset>
  <library_images/>
  <library_effects>
    <effect id="Material_005-effect">
      <profile_COMMON>
        <technique sid="common">
          <phong>
            <emission>
              <color sid="emission">0 0 0 1</color>
            </emission>
            <ambient>
              <color sid="ambient">0 0 0 1</color>
            </ambient>
            <diffuse>
              <color sid="diffuse">0 0.4113703 0.8 1</color>
            </diffuse>
            <specular>
              <color sid="specular">0.2336009 0.220288 0.00166292 1</color>
            </specular>
            <shininess>
              <float sid="shininess">10</float>
            </shininess>
            <transparency>
              <float sid="transparency">0.09203184</float>
            </transparency>
            <index_of_refraction>
              <float sid="index_of_refraction">1</float>
            </index_of_refraction>
          </phong>
        </technique>
      </profile_COMMON>
    </effect>
  </library_effects>
  <library_materials>
    <material id="Material_005-material" name="Material_005">
      <instance_effect url="#Material_005-effect"/>
    </material>
  </library_materials>
  <library_geometries>
    <geometry id="Plane-mesh" name="Plane">
      <mesh>
        <source id="Plane-mesh-positions">
          <float_array id="Plane-mesh-positions-array" count="12675">-0.9999999 -0.9999999 0.00165677 0.9999999 -0.9999999 0.00165677 -0.9999999 0.9999999 0.00165677 0.9999999 0.9999999 0.00165677 -0.9999999 0 0.008140981 0 -0.9999999 0.008140981 0.9999999 0 0.00165677 0 0.9999999 0.00165677 0 0 0.00165677 -0.9999999 -0.5 0.00165677 0.5 -0.9999999 0.00165677 0.9999999 0.5 0.00165677 -0.5 0.9999999 0.00165677 -0.9999999 0.5 0.00165677 -0.5 -0.9999999 0.00165677 0.9999999 -0.5 0.008140981 0.5 0.9999999 0.00165677 0 0.5 0.00165677 0 -0.5 0.00165677 -0.5 0 0.00165677 0.5 0 0.00165677 0.5 -0.5 0.008140981 -0.5 -0.5 0.00165677 -0.5 0.5 0.008140981 0.5 0.5 0.008140981 -0.9999999 -0.7499999 0.00165677 0.7499999 -0.9999999 0.00165677 0.9999999 0.7499999 0.00165677 -0.7499999 0.9999999 0.00165677 -0.9999999 0.25 0.00165677 -0.25 -0.9999999 0.008140981 0.9999999 -0.25 0.00165677 0.25 0.9999999 0.00165677 0 0.7499999 0.008140981 0 -0.25 0.008140981 -0.7499999 0 0.00165677 0.25 0 0.008140981 -0.9999999 -0.25 0.00165677 0.25 -0.9999999 0.008140981 0.9999999 0.25 0.00165677 -0.25 0.9999999 0.008140981 -0.9999999 0.7499999 0.008140981 -0.7499999 -0.9999999 0.00165677 0.9999999 -0.7499999 0.008140981 0.7499999 0.9999999 0.008140981 0 0.25 0.00165677 0 -0.7499999 0.008140981 -0.25 0 0.008140981 0.7499999 0 0.008140981 0.5 -0.25 0.008140981 0.5 -0.7499999 0.00165677 0.25 -0.5 0.00165677 0.7499999 -0.5 0.008140981 -0.5 -0.25 0.008140981 -0.5 -0.7499999 0.00165677 -0.7499999 -0.5 0.00165677 -0.25 -0.5 0.00165677 -0.5 0.7499999 0.00165677 -0.5 0.25 0.008140981 -0.7499999 0.5 0.008140981 -0.25 0.5 0.008140981 0.5 0.7499999 0.00165677 0.5 0.25 0.008140981 0.25 0.5 0.00165677 0.7499999 0.5 0.00165677 0.7499999 0.25 0.00165677 0.25 0.25 0.00165677 0.25 0.7499999 0.008140981 -0.25 0.25 0.00165677 -0.7499999 0.25 0.008140981 -0.7499999 0.7499999 0.00165677 -0.25 -0.7499999 0.008140981 -0.7499999 -0.7499999 0.00165677 -0.7499999 -0.25 0.00165677 0.7499999 -0.7499999 0.008140981 0.25 -0.7499999 0.008140981 0.25 -0.25 0.00165677 0.7499999 -0.25 0.00165677 -0.25 -0.25 0.008140981 -0.25 0.7499999 0.00165677 0.7499999 0.7499999 0.008140981 -0.9999999 -0.8749999 0.00165677 0.8749999 -0.9999999 0.00165677 0.9999999 0.8749999 0.008140981 -0.8749999 0.9999999 0.008140981 -0.9999999 0.125 0.00165677 -0.125 -0.9999999 0.008140981 0.9999999 -0.125 0.00165677 0.125 0.9999999 0.008140981 0 0.8749999 0.00165677 0 -0.125 0.00165677 -0.8749999 0 0.008140981 0.125 0 0.008140981 -0.9999999 -0.375 0.00165677 0.375 -0.9999999 0.00165677 0.9999999 0.375 0.00165677 -0.375 0.9999999 0.00165677 -0.9999999 0.6249999 0.00165677 -0.6249999 -0.9999999 0.00165677 0.9999999 -0.6249999 0.008140981 0.6249999 0.9999999 0.00165677 0 0.375 0.008140981 0 -0.6249999 0.00165677 -0.375 0 0.00165677 0.6249999 0 0.00165677 0.5 -0.125 0.008140981 0.5 -0.6249999 0.00165677 0.125 -0.5 0.00165677 0.6249999 -0.5 0.00165677 -0.5 -0.125 0.008140981 -0.5 -0.6249999 0.00165677 -0.8749999 -0.5 0.00165677 -0.375 -0.5 0.00165677 -0.5 0.8749999 0.008140981 -0.5 0.375 0.008140981 -0.8749999 0.5 0.008140981 -0.375 0.5 0.00165677 0.5 0.8749999 0.00165677 0.5 0.375 0.008140981 0.125 0.5 0.00165677 0.6249999 0.5 0.008140981 -0.9999999 -0.6249999 0.00165677 0.6249999 -0.9999999 0.008140981 0.9999999 0.6249999 0.00165677 -0.6249999 0.9999999 0.00165677 -0.9999999 0.375 0.00165677 -0.375 -0.9999999 0.008140981 0.9999999 -0.375 0.008140981 0.375 0.9999999 0.00165677 0 0.6249999 0.00165677 0 -0.375 0.00165677 -0.6249999 0 0.008140981 0.375 0 0.00165677 -0.9999999 -0.125 0.008140981 0.125 -0.9999999 0.008140981 0.9999999 0.125 0.00165677 -0.125 0.9999999 0.00165677 -0.9999999 0.8749999 0.00165677 -0.8749999 -0.9999999 0.00165677 0.9999999 -0.8749999 0.00165677 0.8749999 0.9999999 0.008140981 0 0.125 0.00165677 0 -0.8749999 0.008140981 -0.125 0 0.00165677 0.8749999 0 0.008140981 0.5 -0.375 0.00165677 0.5 -0.8749999 0.00165677 0.375 -0.5 0.00165677 0.8749999 -0.5 0.00165677 -0.5 -0.375 0.00165677 -0.5 -0.8749999 0.00165677 -0.6249999 -0.5 0.008140981 -0.125 -0.5 0.00165677 -0.5 0.6249999 0.00165677 -0.5 0.125 0.00165677 -0.6249999 0.5 0.00165677 -0.125 0.5 0.00165677 0.5 0.6249999 0.00165677 0.5 0.125 0.008140981 0.375 0.5 0.00165677 0.8749999 0.5 0.008140981 0.7499999 0.375 0.008140981 0.7499999 0.125 0.00165677 0.6249999 0.25 0.008140981 0.8749999 0.25 0.00165677 0.25 0.375 0.008140981 0.25 0.125 0.008140981 0.125 0.25 0.008140981 0.375 0.25 0.00165677 0.25 0.8749999 0.008140981 0.25 0.6249999 0.00165677 0.125 0.7499999 0.00165677 0.375 0.7499999 0.00165677 -0.25 0.375 0.00165677 -0.25 0.125 0.00165677 -0.375 0.25 0.00165677 -0.125 0.25 0.00165677 -0.7499999 0.375 0.008140981 -0.7499999 0.125 0.00165677 -0.8749999 0.25 0.00165677 -0.6249999 0.25 0.00165677 -0.7499999 0.8749999 0.00165677 -0.7499999 0.6249999 0.00165677 -0.8749999 0.7499999 0.00165677 -0.6249999 0.7499999 0.008140981 -0.25 -0.6249999 0.008140981 -0.25 -0.8749999 0.00165677 -0.375 -0.7499999 0.008140981 -0.125 -0.7499999 0.00165677 -0.7499999 -0.6249999 0.008140981 -0.7499999 -0.8749999 0.00165677 -0.8749999 -0.7499999 0.008140981 -0.6249999 -0.7499999 0.00165677 -0.7499999 -0.125 0.00165677 -0.7499999 -0.375 0.00165677 -0.8749999 -0.25 0.008140981 -0.6249999 -0.25 0.00165677 0.7499999 -0.6249999 0.008140981 0.7499999 -0.8749999 0.008140981 0.6249999 -0.7499999 0.00165677 0.8749999 -0.7499999 0.00165677 0.25 -0.6249999 0.00165677 0.25 -0.8749999 0.008140981 0.125 -0.7499999 0.00165677 0.375 -0.7499999 0.008140981 0.25 -0.125 0.008140981 0.25 -0.375 0.00165677 0.125 -0.25 0.008140981 0.375 -0.25 0.008140981 0.7499999 -0.125 0.00165677 0.7499999 -0.375 0.008140981 0.6249999 -0.25 0.008140981 0.8749999 -0.25 0.00165677 -0.25 -0.125 0.008140981 -0.25 -0.375 0.008140981 -0.375 -0.25 0.00165677 -0.125 -0.25 0.00165677 -0.25 0.8749999 0.008140981 -0.25 0.6249999 0.008140981 -0.375 0.7499999 0.008140981 -0.125 0.7499999 0.00165677 0.7499999 0.8749999 0.00165677 0.7499999 0.6249999 0.00165677 0.6249999 0.7499999 0.008140981 0.8749999 0.7499999 0.00165677 0.8749999 0.6249999 0.008140981 0.6249999 0.6249999 0.008140981 0.6249999 0.8749999 0.00165677 -0.125 0.6249999 0.00165677 -0.375 0.6249999 0.00165677 -0.375 0.8749999 0.00165677 -0.125 -0.375 0.00165677 -0.375 -0.375 0.00165677 -0.375 -0.125 0.008140981 0.8749999 -0.375 0.00165677 0.6249999 -0.375 0.008140981 0.6249999 -0.125 0.008140981 0.375 -0.375 0.00165677 0.125 -0.375 0.00165677 0.125 -0.125 0.00165677 0.375 -0.8749999 0.00165677 0.125 -0.8749999 0.008140981 0.125 -0.6249999 0.00165677 0.8749999 -0.8749999 0.008140981 0.6249999 -0.8749999 0.00165677 0.6249999 -0.6249999 0.00165677 -0.6249999 -0.375 0.00165677 -0.8749999 -0.375 0.008140981 -0.8749999 -0.125 0.00165677 -0.6249999 -0.8749999 0.008140981 -0.8749999 -0.8749999 0.00165677 -0.8749999 -0.6249999 0.00165677 -0.125 -0.8749999 0.00165677 -0.375 -0.8749999 0.00165677 -0.375 -0.6249999 0.00165677 -0.6249999 0.6249999 0.008140981 -0.8749999 0.6249999 0.00165677 -0.8749999 0.8749999 0.008140981 -0.6249999 0.125 0.008140981 -0.8749999 0.125 0.00165677 -0.8749999 0.375 0.00165677 -0.125 0.125 0.00165677 -0.375 0.125 0.00165677 -0.375 0.375 0.00165677 0.375 0.6249999 0.00165677 0.125 0.6249999 0.00165677 0.125 0.8749999 0.00165677 0.375 0.125 0.008140981 0.125 0.125 0.008140981 0.125 0.375 0.008140981 0.8749999 0.125 0.008140981 0.6249999 0.125 0.00165677 0.6249999 0.375 0.00165677 0.8749999 0.375 0.008140981 0.375 0.375 0.00165677 0.375 0.8749999 0.00165677 -0.125 0.375 0.008140981 -0.6249999 0.375 0.00165677 -0.6249999 0.8749999 0.00165677 -0.125 -0.6249999 0.00165677 -0.6249999 -0.6249999 0.008140981 -0.6249999 -0.125 0.00165677 0.8749999 -0.6249999 0.00165677 0.375 -0.6249999 0.00165677 0.375 -0.125 0.008140981 0.8749999 -0.125 0.008140981 -0.125 -0.125 0.00165677 -0.125 0.8749999 0.008140981 0.8749999 0.8749999 0.00165677 -0.9999999 -0.9374999 0.00165677 0.9374999 -0.9999999 0.00165677 0.9999999 0.9374999 0.00165677 -0.9374999 0.9999999 0.00165677 -0.9999999 0.06249994 0.008140981 -0.06249994 -0.9999999 0.008140981 0.9999999 -0.06249994 0.00165677 0.06249994 0.9999999 0.00165677 0 0.9374999 0.00165677 0 -0.06249994 0.00165677 -0.9374999 0 0.00165677 0.06249994 0 0.008140981 -0.9999999 -0.4375 0.00165677 0.4375 -0.9999999 0.008140981 0.9999999 0.4375 0.008140981 -0.4375 0.9999999 0.00165677 -0.9999999 0.5624999 0.008140981 -0.5624999 -0.9999999 0.00165677 0.9999999 -0.5624999 0.008140981 0.5624999 0.9999999 0.00165677 0 0.4375 0.00165677 0 -0.5624999 0.00165677 -0.4375 0 0.00165677 0.5624999 0 0.008140981 0.5 -0.06249994 0.00165677 0.5 -0.5624999 0.00165677 0.06249994 -0.5 0.008140981 0.5624999 -0.5 0.00165677 -0.5 -0.06249994 0.00165677 -0.5 -0.5624999 0.00165677 -0.9374999 -0.5 0.008140981 -0.4375 -0.5 0.00165677 -0.5 0.9374999 0.008140981 -0.5 0.4375 0.00165677 -0.9374999 0.5 0.00165677 -0.4375 0.5 0.00165677 0.5 0.9374999 0.00165677 0.5 0.4375 0.008140981 0.06249994 0.5 0.008140981 0.5624999 0.5 0.00165677 -0.9999999 -0.6874999 0.008140981 0.6874999 -0.9999999 0.00165677 0.9999999 0.6874999 0.00165677 -0.6874999 0.9999999 0.00165677 -0.9999999 0.3125 0.00165677 -0.3125 -0.9999999 0.00165677 0.9999999 -0.3125 0.00165677 0.3125 0.9999999 0.00165677 0 0.6874999 0.008140981 0 -0.3125 0.00165677 -0.6874999 0 0.008140981 0.3125 0 0.00165677 -0.9999999 -0.1875 0.00165677 0.1875 -0.9999999 0.00165677 0.9999999 0.1875 0.00165677 -0.1875 0.9999999 0.00165677 -0.9999999 0.8124999 0.008140981 -0.8124999 -0.9999999 0.008140981 0.9999999 -0.8124999 0.00165677 0.8124999 0.9999999 0.00165677 0 0.1875 0.00165677 0 -0.8124999 0.008140981 -0.1875 0 0.00165677 0.8124999 0 0.008140981 0.5 -0.3125 0.00165677 0.5 -0.8124999 0.00165677 0.3125 -0.5 0.00165677 0.8124999 -0.5 0.008140981 -0.5 -0.3125 0.008140981 -0.5 -0.8124999 0.00165677 -0.6874999 -0.5 0.00165677 -0.1875 -0.5 0.00165677 -0.5 0.6874999 0.00165677 -0.5 0.1875 0.00165677 -0.6874999 0.5 0.00165677 -0.1875 0.5 0.00165677 0.5 0.6874999 0.00165677 0.5 0.1875 0.008140981 0.3125 0.5 0.008140981 0.8124999 0.5 0.00165677 0.7499999 0.4375 0.00165677 0.7499999 0.1875 0.00165677 0.5624999 0.25 0.008140981 0.8124999 0.25 0.00165677 0.25 0.4375 0.008140981 0.25 0.1875 0.008140981 0.06249994 0.25 0.008140981 0.3125 0.25 0.008140981 0.25 0.9374999 0.00165677 0.25 0.6874999 0.008140981 0.06249994 0.7499999 0.008140981 0.3125 0.7499999 0.00165677 -0.25 0.4375 0.00165677 -0.25 0.1875 0.008140981 -0.4375 0.25 0.008140981 -0.1875 0.25 0.00165677 -0.7499999 0.4375 0.008140981 -0.7499999 0.1875 0.008140981 -0.9374999 0.25 0.00165677 -0.6874999 0.25 0.00165677 -0.7499999 0.9374999 0.00165677 -0.7499999 0.6874999 0.00165677 -0.9374999 0.7499999 0.00165677 -0.6874999 0.7499999 0.008140981 -0.25 -0.5624999 0.00165677 -0.25 -0.8124999 0.00165677 -0.4375 -0.7499999 0.008140981 -0.1875 -0.7499999 0.00165677 -0.7499999 -0.5624999 0.00165677 -0.7499999 -0.8124999 0.008140981 -0.9374999 -0.7499999 0.00165677 -0.6874999 -0.7499999 0.00165677 -0.7499999 -0.06249994 0.008140981 -0.7499999 -0.3125 0.00165677 -0.9374999 -0.25 0.00165677 -0.6874999 -0.25 0.00165677 0.7499999 -0.5624999 0.008140981 0.7499999 -0.8124999 0.008140981 0.5624999 -0.7499999 0.00165677 0.8124999 -0.7499999 0.008140981 0.25 -0.5624999 0.008140981 0.25 -0.8124999 0.008140981 0.06249994 -0.7499999 0.00165677 0.3125 -0.7499999 0.008140981 0.25 -0.06249994 0.00165677 0.25 -0.3125 0.00165677 0.06249994 -0.25 0.00165677 0.3125 -0.25 0.00165677 0.7499999 -0.06249994 0.008140981 0.7499999 -0.3125 0.00165677 0.5624999 -0.25 0.008140981 0.8124999 -0.25 0.008140981 -0.25 -0.06249994 0.00165677 -0.25 -0.3125 0.00165677 -0.4375 -0.25 0.00165677 -0.1875 -0.25 0.008140981 -0.25 0.9374999 0.00165677 -0.25 0.6874999 0.00165677 -0.4375 0.7499999 0.008140981 -0.1875 0.7499999 0.008140981 0.7499999 0.9374999 0.00165677 0.7499999 0.6874999 0.008140981 0.5624999 0.7499999 0.00165677 0.8124999 0.7499999 0.00165677 -0.9999999 -0.8124999 0.00165677 0.8124999 -0.9999999 0.00165677 0.9999999 0.8124999 0.00165677 -0.8124999 0.9999999 0.00165677 -0.9999999 0.1875 0.00165677 -0.1875 -0.9999999 0.00165677 0.9999999 -0.1875 0.00165677 0.1875 0.9999999 0.00165677 0 0.8124999 0.00165677 0 -0.1875 0.00165677 -0.8124999 0 0.008140981 0.1875 0 0.008140981 -0.9999999 -0.3125 0.00165677 0.3125 -0.9999999 0.00165677 0.9999999 0.3125 0.008140981 -0.3125 0.9999999 0.00165677 -0.9999999 0.6874999 0.00165677 -0.6874999 -0.9999999 0.008140981 0.9999999 -0.6874999 0.00165677 0.6874999 0.9999999 0.00165677 0 0.3125 0.00165677 0 -0.6874999 0.00165677 -0.3125 0 0.00165677 0.6874999 0 0.00165677 0.5 -0.1875 0.008140981 0.5 -0.6874999 0.008140981 0.1875 -0.5 0.00165677 0.6874999 -0.5 0.008140981 -0.5 -0.1875 0.00165677 -0.5 -0.6874999 0.00165677 -0.8124999 -0.5 0.00165677 -0.3125 -0.5 0.00165677 -0.5 0.8124999 0.00165677 -0.5 0.3125 0.00165677 -0.8124999 0.5 0.00165677 -0.3125 0.5 0.00165677 0.5 0.8124999 0.008140981 0.5 0.3125 0.00165677 0.1875 0.5 0.00165677 0.6874999 0.5 0.00165677 -0.9999999 -0.5624999 0.00165677 0.5624999 -0.9999999 0.008140981 0.9999999 0.5624999 0.008140981 -0.5624999 0.9999999 0.008140981 -0.9999999 0.4375 0.00165677 -0.4375 -0.9999999 0.00165677 0.9999999 -0.4375 0.008140981 0.4375 0.9999999 0.00165677 0 0.5624999 0.008140981 0 -0.4375 0.008140981 -0.5624999 0 0.008140981 0.4375 0 0.00165677 -0.9999999 -0.06249994 0.00165677 0.06249994 -0.9999999 0.008140981 0.9999999 0.06249994 0.00165677 -0.06249994 0.9999999 0.00165677 -0.9999999 0.9374999 0.008140981 -0.9374999 -0.9999999 0.008140981 0.9999999 -0.9374999 0.00165677 0.9374999 0.9999999 0.00165677 0 0.06249994 0.00165677 0 -0.9374999 0.00165677 -0.06249994 0 0.008140981 0.9374999 0 0.00165677 0.5 -0.4375 0.00165677 0.5 -0.9374999 0.00165677 0.4375 -0.5 0.00165677 0.9374999 -0.5 0.00165677 -0.5 -0.4375 0.00165677 -0.5 -0.9374999 0.00165677 -0.5624999 -0.5 0.00165677 -0.06249994 -0.5 0.008140981 -0.5 0.5624999 0.008140981 -0.5 0.06249994 0.00165677 -0.5624999 0.5 0.00165677 -0.06249994 0.5 0.008140981 0.5 0.5624999 0.008140981 0.5 0.06249994 0.008140981 0.4375 0.5 0.008140981 0.9374999 0.5 0.00165677 0.7499999 0.3125 0.008140981 0.7499999 0.06249994 0.008140981 0.6874999 0.25 0.00165677 0.9374999 0.25 0.00165677 0.25 0.3125 0.00165677 0.25 0.06249994 0.008140981 0.1875 0.25 0.008140981 0.4375 0.25 0.008140981 0.25 0.8124999 0.008140981 0.25 0.5624999 0.008140981 0.1875 0.7499999 0.00165677 0.4375 0.7499999 0.00165677 -0.25 0.3125 0.008140981 -0.25 0.06249994 0.00165677 -0.3125 0.25 0.008140981 -0.06249994 0.25 0.008140981 -0.7499999 0.3125 0.008140981 -0.7499999 0.06249994 0.008140981 -0.8124999 0.25 0.00165677 -0.5624999 0.25 0.008140981 -0.7499999 0.8124999 0.00165677 -0.7499999 0.5624999 0.008140981 -0.8124999 0.7499999 0.00165677 -0.5624999 0.7499999 0.008140981 -0.25 -0.6874999 0.00165677 -0.25 -0.9374999 0.008140981 -0.3125 -0.7499999 0.00165677 -0.06249994 -0.7499999 0.008140981 -0.7499999 -0.6874999 0.008140981 -0.7499999 -0.9374999 0.00165677 -0.8124999 -0.7499999 0.00165677 -0.5624999 -0.7499999 0.00165677 -0.7499999 -0.1875 0.008140981 -0.7499999 -0.4375 0.00165677 -0.8124999 -0.25 0.00165677 -0.5624999 -0.25 0.008140981 0.7499999 -0.6874999 0.00165677 0.7499999 -0.9374999 0.00165677 0.6874999 -0.7499999 0.00165677 0.9374999 -0.7499999 0.00165677 0.25 -0.6874999 0.008140981 0.25 -0.9374999 0.00165677 0.1875 -0.7499999 0.008140981 0.4375 -0.7499999 0.008140981 0.25 -0.1875 0.00165677 0.25 -0.4375 0.00165677 0.1875 -0.25 0.00165677 0.4375 -0.25 0.00165677 0.7499999 -0.1875 0.008140981 0.7499999 -0.4375 0.00165677 0.6874999 -0.25 0.00165677 0.9374999 -0.25 0.008140981 -0.25 -0.1875 0.00165677 -0.25 -0.4375 0.00165677 -0.3125 -0.25 0.00165677 -0.06249994 -0.25 0.008140981 -0.25 0.8124999 0.00165677 -0.25 0.5624999 0.00165677 -0.3125 0.7499999 0.00165677 -0.06249994 0.7499999 0.008140981 0.7499999 0.8124999 0.008140981 0.7499999 0.5624999 0.00165677 0.6874999 0.7499999 0.00165677 0.9374999 0.7499999 0.008140981 0.8749999 0.6874999 0.00165677 0.8749999 0.5624999 0.00165677 0.8124999 0.6249999 0.00165677 0.9374999 0.6249999 0.00165677 0.6249999 0.6874999 0.008140981 0.6249999 0.5624999 0.00165677 0.5624999 0.6249999 0.00165677 0.6874999 0.6249999 0.008140981 0.6249999 0.9374999 0.00165677 0.6249999 0.8124999 0.00165677 0.5624999 0.8749999 0.008140981 0.6874999 0.8749999 0.00165677 -0.125 0.6874999 0.00165677 -0.125 0.5624999 0.00165677 -0.1875 0.6249999 0.00165677 -0.06249994 0.6249999 0.00165677 -0.375 0.6874999 0.00165677 -0.375 0.5624999 0.008140981 -0.4375 0.6249999 0.00165677 -0.3125 0.6249999 0.008140981 -0.375 0.9374999 0.008140981 -0.375 0.8124999 0.008140981 -0.4375 0.8749999 0.00165677 -0.3125 0.8749999 0.008140981 -0.125 -0.3125 0.00165677 -0.125 -0.4375 0.00165677 -0.1875 -0.375 0.00165677 -0.06249994 -0.375 0.008140981 -0.375 -0.3125 0.00165677 -0.375 -0.4375 0.008140981 -0.4375 -0.375 0.00165677 -0.3125 -0.375 0.00165677 -0.375 -0.06249994 0.00165677 -0.375 -0.1875 0.00165677 -0.4375 -0.125 0.00165677 -0.3125 -0.125 0.008140981 0.8749999 -0.3125 0.008140981 0.8749999 -0.4375 0.008140981 0.8124999 -0.375 0.008140981 0.9374999 -0.375 0.00165677 0.6249999 -0.3125 0.00165677 0.6249999 -0.4375 0.008140981 0.5624999 -0.375 0.00165677 0.6874999 -0.375 0.008140981 0.6249999 -0.06249994 0.008140981 0.6249999 -0.1875 0.00165677 0.5624999 -0.125 0.008140981 0.6874999 -0.125 0.008140981 0.375 -0.3125 0.00165677 0.375 -0.4375 0.00165677 0.3125 -0.375 0.008140981 0.4375 -0.375 0.008140981 0.125 -0.3125 0.008140981 0.125 -0.4375 0.00165677 0.06249994 -0.375 0.008140981 0.1875 -0.375 0.00165677 0.125 -0.06249994 0.008140981 0.125 -0.1875 0.00165677 0.06249994 -0.125 0.00165677 0.1875 -0.125 0.00165677 0.375 -0.8124999 0.00165677 0.375 -0.9374999 0.00165677 0.3125 -0.8749999 0.00165677 0.4375 -0.8749999 0.00165677 0.125 -0.8124999 0.008140981 0.125 -0.9374999 0.00165677 0.06249994 -0.8749999 0.00165677 0.1875 -0.8749999 0.00165677 0.125 -0.5624999 0.00165677 0.125 -0.6874999 0.008140981 0.06249994 -0.6249999 0.008140981 0.1875 -0.6249999 0.008140981 0.8749999 -0.8124999 0.008140981 0.8749999 -0.9374999 0.008140981 0.8124999 -0.8749999 0.008140981 0.9374999 -0.8749999 0.00165677 0.6249999 -0.8124999 0.00165677 0.6249999 -0.9374999 0.00165677 0.5624999 -0.8749999 0.00165677 0.6874999 -0.8749999 0.008140981 0.6249999 -0.5624999 0.008140981 0.6249999 -0.6874999 0.00165677 0.5624999 -0.6249999 0.00165677 0.6874999 -0.6249999 0.008140981 -0.6249999 -0.3125 0.008140981 -0.6249999 -0.4375 0.00165677 -0.6874999 -0.375 0.00165677 -0.5624999 -0.375 0.00165677 -0.8749999 -0.3125 0.00165677 -0.8749999 -0.4375 0.008140981 -0.9374999 -0.375 0.00165677 -0.8124999 -0.375 0.00165677 -0.8749999 -0.06249994 0.008140981 -0.8749999 -0.1875 0.008140981 -0.9374999 -0.125 0.00165677 -0.8124999 -0.125 0.008140981 -0.6249999 -0.8124999 0.00165677 -0.6249999 -0.9374999 0.008140981 -0.6874999 -0.8749999 0.008140981 -0.5624999 -0.8749999 0.008140981 -0.8749999 -0.8124999 0.00165677 -0.8749999 -0.9374999 0.00165677 -0.9374999 -0.8749999 0.00165677 -0.8124999 -0.8749999 0.00165677 -0.8749999 -0.5624999 0.00165677 -0.8749999 -0.6874999 0.00165677 -0.9374999 -0.6249999 0.008140981 -0.8124999 -0.6249999 0.008140981 -0.125 -0.8124999 0.00165677 -0.125 -0.9374999 0.008140981 -0.1875 -0.8749999 0.00165677 -0.06249994 -0.8749999 0.008140981 -0.375 -0.8124999 0.008140981 -0.375 -0.9374999 0.00165677 -0.4375 -0.8749999 0.00165677 -0.3125 -0.8749999 0.00165677 -0.375 -0.5624999 0.00165677 -0.375 -0.6874999 0.00165677 -0.4375 -0.6249999 0.008140981 -0.3125 -0.6249999 0.00165677 -0.6249999 0.6874999 0.008140981 -0.6249999 0.5624999 0.00165677 -0.6874999 0.6249999 0.00165677 -0.5624999 0.6249999 0.00165677 -0.8749999 0.6874999 0.00165677 -0.8749999 0.5624999 0.00165677 -0.9374999 0.6249999 0.008140981 -0.8124999 0.6249999 0.00165677 -0.8749999 0.9374999 0.00165677 -0.8749999 0.8124999 0.00165677 -0.9374999 0.8749999 0.00165677 -0.8124999 0.8749999 0.00165677 -0.6249999 0.1875 0.00165677 -0.6249999 0.06249994 0.00165677 -0.6874999 0.125 0.00165677 -0.5624999 0.125 0.008140981 -0.8749999 0.1875 0.00165677 -0.8749999 0.06249994 0.00165677 -0.9374999 0.125 0.008140981 -0.8124999 0.125 0.00165677 -0.8749999 0.4375 0.008140981 -0.8749999 0.3125 0.008140981 -0.9374999 0.375 0.008140981 -0.8124999 0.375 0.008140981 -0.125 0.1875 0.00165677 -0.125 0.06249994 0.008140981 -0.1875 0.125 0.00165677 -0.06249994 0.125 0.00165677 -0.375 0.1875 0.00165677 -0.375 0.06249994 0.008140981 -0.4375 0.125 0.008140981 -0.3125 0.125 0.008140981 -0.375 0.4375 0.00165677 -0.375 0.3125 0.00165677 -0.4375 0.375 0.00165677 -0.3125 0.375 0.008140981 0.375 0.6874999 0.008140981 0.375 0.5624999 0.008140981 0.3125 0.6249999 0.008140981 0.4375 0.6249999 0.00165677 0.125 0.6874999 0.00165677 0.125 0.5624999 0.008140981 0.06249994 0.6249999 0.008140981 0.1875 0.6249999 0.008140981 0.125 0.9374999 0.00165677 0.125 0.8124999 0.008140981 0.06249994 0.8749999 0.008140981 0.1875 0.8749999 0.008140981 0.375 0.1875 0.008140981 0.375 0.06249994 0.00165677 0.3125 0.125 0.008140981 0.4375 0.125 0.008140981 0.125 0.1875 0.00165677 0.125 0.06249994 0.008140981 0.06249994 0.125 0.00165677 0.1875 0.125 0.008140981 0.125 0.4375 0.00165677 0.125 0.3125 0.008140981 0.06249994 0.375 0.008140981 0.1875 0.375 0.00165677 0.8749999 0.1875 0.00165677 0.8749999 0.06249994 0.00165677 0.8124999 0.125 0.008140981 0.9374999 0.125 0.008140981 0.6249999 0.1875 0.00165677 0.6249999 0.06249994 0.00165677 0.5624999 0.125 0.008140981 0.6874999 0.125 0.00165677 0.6249999 0.4375 0.008140981 0.6249999 0.3125 0.00165677 0.5624999 0.375 0.008140981 0.6874999 0.375 0.00165677 0.8749999 0.4375 0.00165677 0.8749999 0.3125 0.00165677 0.8124999 0.375 0.008140981 0.9374999 0.375 0.00165677 0.375 0.4375 0.00165677 0.375 0.3125 0.008140981 0.3125 0.375 0.008140981 0.4375 0.375 0.00165677 0.375 0.9374999 0.008140981 0.375 0.8124999 0.00165677 0.3125 0.8749999 0.00165677 0.4375 0.8749999 0.00165677 -0.125 0.4375 0.00165677 -0.125 0.3125 0.008140981 -0.1875 0.375 0.008140981 -0.06249994 0.375 0.008140981 -0.6249999 0.4375 0.008140981 -0.6249999 0.3125 0.008140981 -0.6874999 0.375 0.008140981 -0.5624999 0.375 0.00165677 -0.6249999 0.9374999 0.008140981 -0.6249999 0.8124999 0.00165677 -0.6874999 0.8749999 0.00165677 -0.5624999 0.8749999 0.00165677 -0.125 -0.5624999 0.00165677 -0.125 -0.6874999 0.00165677 -0.1875 -0.6249999 0.00165677 -0.06249994 -0.6249999 0.00165677 -0.6249999 -0.5624999 0.00165677 -0.6249999 -0.6874999 0.00165677 -0.6874999 -0.6249999 0.00165677 -0.5624999 -0.6249999 0.00165677 -0.6249999 -0.06249994 0.00165677 -0.6249999 -0.1875 0.00165677 -0.6874999 -0.125 0.00165677 -0.5624999 -0.125 0.00165677 0.8749999 -0.5624999 0.00165677 0.8749999 -0.6874999 0.00165677 0.8124999 -0.6249999 0.00165677 0.9374999 -0.6249999 0.00165677 0.375 -0.5624999 0.008140981 0.375 -0.6874999 0.008140981 0.3125 -0.6249999 0.00165677 0.4375 -0.6249999 0.00165677 0.375 -0.06249994 0.008140981 0.375 -0.1875 0.00165677 0.3125 -0.125 0.00165677 0.4375 -0.125 0.00165677 0.8749999 -0.06249994 0.00165677 0.8749999 -0.1875 0.00165677 0.8124999 -0.125 0.00165677 0.9374999 -0.125 0.008140981 -0.125 -0.06249994 0.00165677 -0.125 -0.1875 0.00165677 -0.1875 -0.125 0.008140981 -0.06249994 -0.125 0.008140981 -0.125 0.9374999 0.008140981 -0.125 0.8124999 0.00165677 -0.1875 0.8749999 0.00165677 -0.06249994 0.8749999 0.008140981 0.8749999 0.9374999 0.00165677 0.8749999 0.8124999 0.008140981 0.8124999 0.8749999 0.008140981 0.9374999 0.8749999 0.008140981 0.9374999 0.8124999 0.00165677 0.8124999 0.8124999 0.008140981 0.8124999 0.9374999 0.008140981 -0.06249994 0.8124999 0.008140981 -0.1875 0.8124999 0.00165677 -0.1875 0.9374999 0.00165677 -0.06249994 -0.1875 0.00165677 -0.1875 -0.1875 0.00165677 -0.1875 -0.06249994 0.00165677 0.9374999 -0.1875 0.008140981 0.8124999 -0.1875 0.00165677 0.8124999 -0.06249994 0.008140981 0.4375 -0.1875 0.008140981 0.3125 -0.1875 0.008140981 0.3125 -0.06249994 0.00165677 0.4375 -0.6874999 0.00165677 0.3125 -0.6874999 0.00165677 0.3125 -0.5624999 0.00165677 0.9374999 -0.6874999 0.00165677 0.8124999 -0.6874999 0.008140981 0.8124999 -0.5624999 0.008140981 -0.5624999 -0.1875 0.008140981 -0.6874999 -0.1875 0.00165677 -0.6874999 -0.06249994 0.00165677 -0.5624999 -0.6874999 0.008140981 -0.6874999 -0.6874999 0.00165677 -0.6874999 -0.5624999 0.008140981 -0.06249994 -0.6874999 0.00165677 -0.1875 -0.6874999 0.00165677 -0.1875 -0.5624999 0.00165677 -0.5624999 0.8124999 0.008140981 -0.6874999 0.8124999 0.008140981 -0.6874999 0.9374999 0.008140981 -0.5624999 0.3125 0.00165677 -0.6874999 0.3125 0.008140981 -0.6874999 0.4375 0.008140981 -0.06249994 0.3125 0.008140981 -0.1875 0.3125 0.008140981 -0.1875 0.4375 0.00165677 0.4375 0.8124999 0.00165677 0.3125 0.8124999 0.008140981 0.3125 0.9374999 0.00165677 0.4375 0.3125 0.00165677 0.3125 0.3125 0.00165677 0.3125 0.4375 0.008140981 0.9374999 0.3125 0.00165677 0.8124999 0.3125 0.00165677 0.8124999 0.4375 0.00165677 0.6874999 0.3125 0.00165677 0.5624999 0.3125 0.008140981 0.5624999 0.4375 0.008140981 0.6874999 0.06249994 0.008140981 0.5624999 0.06249994 0.008140981 0.5624999 0.1875 0.00165677 0.9374999 0.06249994 0.00165677 0.8124999 0.06249994 0.00165677 0.8124999 0.1875 0.00165677 0.1875 0.3125 0.00165677 0.06249994 0.3125 0.00165677 0.06249994 0.4375 0.008140981 0.1875 0.06249994 0.00165677 0.06249994 0.06249994 0.008140981 0.06249994 0.1875 0.00165677 0.4375 0.06249994 0.00165677 0.3125 0.06249994 0.00165677 0.3125 0.1875 0.008140981 0.1875 0.8124999 0.00165677 0.06249994 0.8124999 0.008140981 0.06249994 0.9374999 0.008140981 0.1875 0.5624999 0.008140981 0.06249994 0.5624999 0.00165677 0.06249994 0.6874999 0.00165677 0.4375 0.5624999 0.00165677 0.3125 0.5624999 0.00165677 0.3125 0.6874999 0.00165677 -0.3125 0.3125 0.008140981 -0.4375 0.3125 0.00165677 -0.4375 0.4375 0.00165677 -0.3125 0.06249994 0.00165677 -0.4375 0.06249994 0.008140981 -0.4375 0.1875 0.00165677 -0.06249994 0.06249994 0.00165677 -0.1875 0.06249994 0.00165677 -0.1875 0.1875 0.008140981 -0.8124999 0.3125 0.008140981 -0.9374999 0.3125 0.00165677 -0.9374999 0.4375 0.00165677 -0.8124999 0.06249994 0.008140981 -0.9374999 0.06249994 0.008140981 -0.9374999 0.1875 0.00165677 -0.5624999 0.06249994 0.00165677 -0.6874999 0.06249994 0.00165677 -0.6874999 0.1875 0.008140981 -0.8124999 0.8124999 0.00165677 -0.9374999 0.8124999 0.008140981 -0.9374999 0.9374999 0.008140981 -0.8124999 0.5624999 0.008140981 -0.9374999 0.5624999 0.008140981 -0.9374999 0.6874999 0.008140981 -0.5624999 0.5624999 0.00165677 -0.6874999 0.5624999 0.00165677 -0.6874999 0.6874999 0.008140981 -0.3125 -0.6874999 0.00165677 -0.4375 -0.6874999 0.008140981 -0.4375 -0.5624999 0.00165677 -0.3125 -0.9374999 0.00165677 -0.4375 -0.9374999 0.00165677 -0.4375 -0.8124999 0.00165677 -0.06249994 -0.9374999 0.00165677 -0.1875 -0.9374999 0.008140981 -0.1875 -0.8124999 0.008140981 -0.8124999 -0.6874999 0.00165677 -0.9374999 -0.6874999 0.00165677 -0.9374999 -0.5624999 0.008140981 -0.8124999 -0.9374999 0.00165677 -0.9374999 -0.9374999 0.008140981 -0.9374999 -0.8124999 0.00165677 -0.5624999 -0.9374999 0.00165677 -0.6874999 -0.9374999 0.00165677 -0.6874999 -0.8124999 0.008140981 -0.8124999 -0.1875 0.00165677 -0.9374999 -0.1875 0.00165677 -0.9374999 -0.06249994 0.008140981 -0.8124999 -0.4375 0.00165677 -0.9374999 -0.4375 0.008140981 -0.9374999 -0.3125 0.00165677 -0.5624999 -0.4375 0.00165677 -0.6874999 -0.4375 0.00165677 -0.6874999 -0.3125 0.00165677 0.6874999 -0.6874999 0.00165677 0.5624999 -0.6874999 0.00165677 0.5624999 -0.5624999 0.00165677 0.6874999 -0.9374999 0.00165677 0.5624999 -0.9374999 0.00165677 0.5624999 -0.8124999 0.00165677 0.9374999 -0.9374999 0.008140981 0.8124999 -0.9374999 0.00165677 0.8124999 -0.8124999 0.008140981 0.1875 -0.6874999 0.00165677 0.06249994 -0.6874999 0.00165677 0.06249994 -0.5624999 0.00165677 0.1875 -0.9374999 0.00165677 0.06249994 -0.9374999 0.00165677 0.06249994 -0.8124999 0.00165677 0.4375 -0.9374999 0.00165677 0.3125 -0.9374999 0.00165677 0.3125 -0.8124999 0.008140981 0.1875 -0.1875 0.008140981 0.06249994 -0.1875 0.008140981 0.06249994 -0.06249994 0.008140981 0.1875 -0.4375 0.008140981 0.06249994 -0.4375 0.00165677 0.06249994 -0.3125 0.008140981 0.4375 -0.4375 0.00165677 0.3125 -0.4375 0.008140981 0.3125 -0.3125 0.00165677 0.6874999 -0.1875 0.00165677 0.5624999 -0.1875 0.00165677 0.5624999 -0.06249994 0.00165677 0.6874999 -0.4375 0.008140981 0.5624999 -0.4375 0.00165677 0.5624999 -0.3125 0.00165677 0.9374999 -0.4375 0.00165677 0.8124999 -0.4375 0.008140981 0.8124999 -0.3125 0.00165677 -0.3125 -0.1875 0.00165677 -0.4375 -0.1875 0.008140981 -0.4375 -0.06249994 0.008140981 -0.3125 -0.4375 0.008140981 -0.4375 -0.4375 0.00165677 -0.4375 -0.3125 0.00165677 -0.06249994 -0.4375 0.00165677 -0.1875 -0.4375 0.00165677 -0.1875 -0.3125 0.00165677 -0.3125 0.8124999 0.008140981 -0.4375 0.8124999 0.008140981 -0.4375 0.9374999 0.008140981 -0.3125 0.5624999 0.008140981 -0.4375 0.5624999 0.008140981 -0.4375 0.6874999 0.008140981 -0.06249994 0.5624999 0.00165677 -0.1875 0.5624999 0.00165677 -0.1875 0.6874999 0.00165677 0.6874999 0.8124999 0.00165677 0.5624999 0.8124999 0.008140981 0.5624999 0.9374999 0.008140981 0.6874999 0.5624999 0.008140981 0.5624999 0.5624999 0.00165677 0.5624999 0.6874999 0.00165677 0.9374999 0.5624999 0.00165677 0.8124999 0.5624999 0.00165677 0.8124999 0.6874999 0.00165677 0.9374999 0.6874999 0.00165677 0.6874999 0.6874999 0.00165677 0.6874999 0.9374999 0.00165677 -0.06249994 0.6874999 0.00165677 -0.3125 0.6874999 0.00165677 -0.3125 0.9374999 0.00165677 -0.06249994 -0.3125 0.008140981 -0.3125 -0.3125 0.00165677 -0.3125 -0.06249994 0.00165677 0.9374999 -0.3125 0.00165677 0.6874999 -0.3125 0.008140981 0.6874999 -0.06249994 0.008140981 0.4375 -0.3125 0.00165677 0.1875 -0.3125 0.00165677 0.1875 -0.06249994 0.00165677 0.4375 -0.8124999 0.008140981 0.1875 -0.8124999 0.00165677 0.1875 -0.5624999 0.00165677 0.9374999 -0.8124999 0.00165677 0.6874999 -0.8124999 0.008140981 0.6874999 -0.5624999 0.008140981 -0.5624999 -0.3125 0.008140981 -0.8124999 -0.3125 0.00165677 -0.8124999 -0.06249994 0.008140981 -0.5624999 -0.8124999 0.00165677 -0.8124999 -0.8124999 0.008140981 -0.8124999 -0.5624999 0.00165677 -0.06249994 -0.8124999 0.008140981 -0.3125 -0.8124999 0.008140981 -0.3125 -0.5624999 0.008140981 -0.5624999 0.6874999 0.008140981 -0.8124999 0.6874999 0.00165677 -0.8124999 0.9374999 0.00165677 -0.5624999 0.1875 0.008140981 -0.8124999 0.1875 0.00165677 -0.8124999 0.4375 0.008140981 -0.06249994 0.1875 0.00165677 -0.3125 0.1875 0.008140981 -0.3125 0.4375 0.008140981 0.4375 0.6874999 0.00165677 0.1875 0.6874999 0.008140981 0.1875 0.9374999 0.008140981 0.4375 0.1875 0.00165677 0.1875 0.1875 0.00165677 0.1875 0.4375 0.00165677 0.9374999 0.1875 0.00165677 0.6874999 0.1875 0.00165677 0.6874999 0.4375 0.00165677 0.9374999 0.4375 0.00165677 0.4375 0.4375 0.00165677 0.4375 0.9374999 0.00165677 -0.06249994 0.4375 0.00165677 -0.5624999 0.4375 0.00165677 -0.5624999 0.9374999 0.00165677 -0.06249994 -0.5624999 0.00165677 -0.5624999 -0.5624999 0.008140981 -0.5624999 -0.06249994 0.00165677 0.9374999 -0.5624999 0.00165677 0.4375 -0.5624999 0.00165677 0.4375 -0.06249994 0.008140981 0.9374999 -0.06249994 0.00165677 -0.06249994 -0.06249994 0.00165677 -0.06249994 0.9374999 0.00165677 0.9374999 0.9374999 0.00165677 -0.9999999 -0.9687499 0.00165677 0.9687499 -0.9999999 0.00165677 0.9999999 0.9687499 0.00165677 -0.9687499 0.9999999 0.00165677 -0.9999999 0.03125 0.008140981 -0.03125 -0.9999999 0.00165677 0.9999999 -0.03125 0.00165677 0.03125 0.9999999 0.00165677 0 0.9687499 0.00165677 0 -0.03125 0.00165677 -0.9687499 0 0.00165677 0.03125 0 0.00165677 -0.9999999 -0.46875 0.00165677 0.46875 -0.9999999 0.00165677 0.9999999 0.46875 0.00165677 -0.46875 0.9999999 0.00165677 -0.9999999 0.5312499 0.008140981 -0.5312499 -0.9999999 0.00165677 0.9999999 -0.5312499 0.00165677 0.5312499 0.9999999 0.008140981 0 0.46875 0.008140981 0 -0.5312499 0.00165677 -0.46875 0 0.00165677 0.5312499 0 0.00165677 0.5 -0.03125 0.00165677 0.5 -0.5312499 0.008140981 0.03125 -0.5 0.008140981 0.5312499 -0.5 0.00165677 -0.5 -0.03125 0.00165677 -0.5 -0.5312499 0.00165677 -0.9687499 -0.5 0.00165677 -0.46875 -0.5 0.00165677 -0.5 0.9687499 0.00165677 -0.5 0.46875 0.00165677 -0.9687499 0.5 0.00165677 -0.46875 0.5 0.00165677 0.5 0.9687499 0.00165677 0.5 0.46875 0.008140981 0.03125 0.5 0.008140981 0.5312499 0.5 0.008140981 -0.9999999 -0.7187499 0.00165677 0.7187499 -0.9999999 0.00165677 0.9999999 0.7187499 0.00165677 -0.7187499 0.9999999 0.00165677 -0.9999999 0.28125 0.00165677 -0.28125 -0.9999999 0.008140981 0.9999999 -0.28125 0.00165677 0.28125 0.9999999 0.00165677 0 0.7187499 0.008140981 0 -0.28125 0.00165677 -0.7187499 0 0.00165677 0.28125 0 0.00165677 -0.9999999 -0.21875 0.00165677 0.21875 -0.9999999 0.00165677 0.9999999 0.21875 0.00165677 -0.21875 0.9999999 0.008140981 -0.9999999 0.7812499 0.008140981 -0.7812499 -0.9999999 0.008140981 0.9999999 -0.7812499 0.00165677 0.7812499 0.9999999 0.00165677 0 0.21875 0.00165677 0 -0.7812499 0.00165677 -0.21875 0 0.008140981 0.7812499 0 0.008140981 0.5 -0.28125 0.008140981 0.5 -0.7812499 0.00165677 0.28125 -0.5 0.00165677 0.7812499 -0.5 0.008140981 -0.5 -0.28125 0.008140981 -0.5 -0.7812499 0.00165677 -0.7187499 -0.5 0.00165677 -0.21875 -0.5 0.00165677 -0.5 0.7187499 0.00165677 -0.5 0.21875 0.008140981 -0.7187499 0.5 0.008140981 -0.21875 0.5 0.008140981 0.5 0.7187499 0.00165677 0.5 0.21875 0.008140981 0.28125 0.5 0.00165677 0.7812499 0.5 0.00165677 0.7499999 0.46875 0.00165677 0.7499999 0.21875 0.00165677 0.5312499 0.25 0.008140981 0.7812499 0.25 0.008140981 0.25 0.46875 0.00165677 0.25 0.21875 0.008140981 0.03125 0.25 0.00165677 0.28125 0.25 0.00165677 0.25 0.9687499 0.00165677 0.25 0.7187499 0.00165677 0.03125 0.7499999 0.008140981 0.28125 0.7499999 0.00165677 -0.25 0.46875 0.00165677 -0.25 0.21875 0.00165677 -0.46875 0.25 0.008140981 -0.21875 0.25 0.00165677 -0.7499999 0.46875 0.008140981 -0.7499999 0.21875 0.008140981 -0.9687499 0.25 0.00165677 -0.7187499 0.25 0.008140981 -0.7499999 0.9687499 0.00165677 -0.7499999 0.7187499 0.00165677 -0.9687499 0.7499999 0.008140981 -0.7187499 0.7499999 0.008140981 -0.25 -0.5312499 0.00165677 -0.25 -0.7812499 0.00165677 -0.46875 -0.7499999 0.00165677 -0.21875 -0.7499999 0.008140981 -0.7499999 -0.5312499 0.00165677 -0.7499999 -0.7812499 0.008140981 -0.9687499 -0.7499999 0.00165677 -0.7187499 -0.7499999 0.00165677 -0.7499999 -0.03125 0.008140981 -0.7499999 -0.28125 0.008140981 -0.9687499 -0.25 0.00165677 -0.7187499 -0.25 0.008140981 0.7499999 -0.5312499 0.008140981 0.7499999 -0.7812499 0.00165677 0.5312499 -0.7499999 0.00165677 0.7812499 -0.7499999 0.008140981 0.25 -0.5312499 0.00165677 0.25 -0.7812499 0.008140981 0.03125 -0.7499999 0.008140981 0.28125 -0.7499999 0.008140981 0.25 -0.03125 0.008140981 0.25 -0.28125 0.00165677 0.03125 -0.25 0.008140981 0.28125 -0.25 0.00165677 0.7499999 -0.03125 0.008140981 0.7499999 -0.28125 0.00165677 0.5312499 -0.25 0.008140981 0.7812499 -0.25 0.00165677 -0.25 -0.03125 0.00165677 -0.25 -0.28125 0.00165677 -0.46875 -0.25 0.00165677 -0.21875 -0.25 0.008140981 -0.25 0.9687499 0.008140981 -0.25 0.7187499 0.00165677 -0.46875 0.7499999 0.00165677 -0.21875 0.7499999 0.008140981 0.7499999 0.9687499 0.008140981 0.7499999 0.7187499 0.00165677 0.5312499 0.7499999 0.008140981 0.7812499 0.7499999 0.008140981 -0.9999999 -0.8437499 0.00165677 0.8437499 -0.9999999 0.00165677 0.9999999 0.8437499 0.008140981 -0.8437499 0.9999999 0.00165677 -0.9999999 0.15625 0.00165677 -0.15625 -0.9999999 0.00165677 0.9999999 -0.15625 0.00165677 0.15625 0.9999999 0.008140981 0 0.8437499 0.00165677 0 -0.15625 0.00165677 -0.8437499 0 0.00165677 0.15625 0 0.008140981 -0.9999999 -0.34375 0.00165677 0.34375 -0.9999999 0.00165677 0.9999999 0.34375 0.008140981 -0.34375 0.9999999 0.00165677 -0.9999999 0.6562499 0.00165677 -0.6562499 -0.9999999 0.008140981 0.9999999 -0.6562499 0.008140981 0.6562499 0.9999999 0.00165677 0 0.34375 0.00165677 0 -0.6562499 0.00165677 -0.34375 0 0.008140981 0.6562499 0 0.008140981 0.5 -0.15625 0.00165677 0.5 -0.6562499 0.00165677 0.15625 -0.5 0.00165677 0.6562499 -0.5 0.00165677 -0.5 -0.15625 0.008140981 -0.5 -0.6562499 0.00165677 -0.8437499 -0.5 0.00165677 -0.34375 -0.5 0.008140981 -0.5 0.8437499 0.00165677 -0.5 0.34375 0.008140981 -0.8437499 0.5 0.00165677 -0.34375 0.5 0.00165677 0.5 0.8437499 0.008140981 0.5 0.34375 0.008140981 0.15625 0.5 0.00165677 0.6562499 0.5 0.00165677 -0.9999999 -0.5937499 0.008140981 0.5937499 -0.9999999 0.008140981 0.9999999 0.5937499 0.00165677 -0.5937499 0.9999999 0.008140981 -0.9999999 0.40625 0.00165677 -0.40625 -0.9999999 0.008140981 0.9999999 -0.40625 0.008140981 0.40625 0.9999999 0.00165677 0 0.5937499 0.008140981 0 -0.40625 0.00165677 -0.5937499 0 0.008140981 0.40625 0 0.00165677 -0.9999999 -0.09374994 0.00165677 0.09374994 -0.9999999 0.008140981 0.9999999 0.09374994 0.00165677 -0.09374994 0.9999999 0.00165677 -0.9999999 0.9062499 0.00165677 -0.9062499 -0.9999999 0.00165677 0.9999999 -0.9062499 0.00165677 0.9062499 0.9999999 0.00165677 0 0.09374994 0.008140981 0 -0.9062499 0.00165677 -0.09374994 0 0.00165677 0.9062499 0 0.00165677 0.5 -0.40625 0.00165677 0.5 -0.9062499 0.008140981 0.40625 -0.5 0.00165677 0.9062499 -0.5 0.00165677 -0.5 -0.40625 0.00165677 -0.5 -0.9062499 0.00165677 -0.5937499 -0.5 0.008140981 -0.09374994 -0.5 0.008140981 -0.5 0.5937499 0.008140981 -0.5 0.09374994 0.00165677 -0.5937499 0.5 0.008140981 -0.09374994 0.5 0.008140981 0.5 0.5937499 0.00165677 0.5 0.09374994 0.00165677 0.40625 0.5 0.008140981 0.9062499 0.5 0.008140981 0.7499999 0.34375 0.008140981 0.7499999 0.09374994 0.00165677 0.6562499 0.25 0.008140981 0.9062499 0.25 0.00165677 0.25 0.34375 0.00165677 0.25 0.09374994 0.00165677 0.15625 0.25 0.008140981 0.40625 0.25 0.00165677 0.25 0.8437499 0.008140981 0.25 0.5937499 0.008140981 0.15625 0.7499999 0.00165677 0.40625 0.7499999 0.00165677 -0.25 0.34375 0.00165677 -0.25 0.09374994 0.00165677 -0.34375 0.25 0.00165677 -0.09374994 0.25 0.008140981 -0.7499999 0.34375 0.00165677 -0.7499999 0.09374994 0.008140981 -0.8437499 0.25 0.00165677 -0.5937499 0.25 0.00165677 -0.7499999 0.8437499 0.00165677 -0.7499999 0.5937499 0.00165677 -0.8437499 0.7499999 0.008140981 -0.5937499 0.7499999 0.00165677 -0.25 -0.6562499 0.00165677 -0.25 -0.9062499 0.008140981 -0.34375 -0.7499999 0.008140981 -0.09374994 -0.7499999 0.008140981 -0.7499999 -0.6562499 0.00165677 -0.7499999 -0.9062499 0.00165677 -0.8437499 -0.7499999 0.008140981 -0.5937499 -0.7499999 0.00165677 -0.7499999 -0.15625 0.00165677 -0.7499999 -0.40625 0.00165677 -0.8437499 -0.25 0.00165677 -0.5937499 -0.25 0.00165677 0.7499999 -0.6562499 0.00165677 0.7499999 -0.9062499 0.00165677 0.6562499 -0.7499999 0.008140981 0.9062499 -0.7499999 0.00165677 0.25 -0.6562499 0.00165677 0.25 -0.9062499 0.008140981 0.15625 -0.7499999 0.008140981 0.40625 -0.7499999 0.008140981 0.25 -0.15625 0.00165677 0.25 -0.40625 0.00165677 0.15625 -0.25 0.008140981 0.40625 -0.25 0.00165677 0.7499999 -0.15625 0.008140981 0.7499999 -0.40625 0.00165677 0.6562499 -0.25 0.00165677 0.9062499 -0.25 0.008140981 -0.25 -0.15625 0.00165677 -0.25 -0.40625 0.00165677 -0.34375 -0.25 0.00165677 -0.09374994 -0.25 0.00165677 -0.25 0.8437499 0.008140981 -0.25 0.5937499 0.008140981 -0.34375 0.7499999 0.008140981 -0.09374994 0.7499999 0.008140981 0.7499999 0.8437499 0.00165677 0.7499999 0.5937499 0.00165677 0.6562499 0.7499999 0.008140981 0.9062499 0.7499999 0.00165677 0.8749999 0.7187499 0.00165677 0.8749999 0.5937499 0.008140981 0.7812499 0.6249999 0.00165677 0.9062499 0.6249999 0.00165677 0.6249999 0.7187499 0.008140981 0.6249999 0.5937499 0.00165677 0.5312499 0.6249999 0.00165677 0.6562499 0.6249999 0.00165677 0.6249999 0.9687499 0.00165677 0.6249999 0.8437499 0.00165677 0.5312499 0.8749999 0.00165677 0.6562499 0.8749999 0.00165677 -0.125 0.7187499 0.008140981 -0.125 0.5937499 0.00165677 -0.21875 0.6249999 0.008140981 -0.09374994 0.6249999 0.00165677 -0.375 0.7187499 0.00165677 -0.375 0.5937499 0.008140981 -0.46875 0.6249999 0.00165677 -0.34375 0.6249999 0.008140981 -0.375 0.9687499 0.008140981 -0.375 0.8437499 0.00165677 -0.46875 0.8749999 0.00165677 -0.34375 0.8749999 0.008140981 -0.125 -0.28125 0.00165677 -0.125 -0.40625 0.00165677 -0.21875 -0.375 0.008140981 -0.09374994 -0.375 0.008140981 -0.375 -0.28125 0.008140981 -0.375 -0.40625 0.008140981 -0.46875 -0.375 0.00165677 -0.34375 -0.375 0.00165677 -0.375 -0.03125 0.00165677 -0.375 -0.15625 0.00165677 -0.46875 -0.125 0.00165677 -0.34375 -0.125 0.008140981 0.8749999 -0.28125 0.008140981 0.8749999 -0.40625 0.00165677 0.7812499 -0.375 0.00165677 0.9062499 -0.375 0.00165677 0.6249999 -0.28125 0.00165677 0.6249999 -0.40625 0.00165677 0.5312499 -0.375 0.008140981 0.6562499 -0.375 0.008140981 0.6249999 -0.03125 0.00165677 0.6249999 -0.15625 0.008140981 0.5312499 -0.125 0.00165677 0.6562499 -0.125 0.008140981 0.375 -0.28125 0.00165677 0.375 -0.40625 0.008140981 0.28125 -0.375 0.008140981 0.40625 -0.375 0.008140981 0.125 -0.28125 0.008140981 0.125 -0.40625 0.00165677 0.03125 -0.375 0.00165677 0.15625 -0.375 0.00165677 0.125 -0.03125 0.00165677 0.125 -0.15625 0.00165677 0.03125 -0.125 0.00165677 0.15625 -0.125 0.008140981 0.375 -0.7812499 0.008140981 0.375 -0.9062499 0.008140981 0.28125 -0.8749999 0.00165677 0.40625 -0.8749999 0.008140981 0.125 -0.7812499 0.00165677 0.125 -0.9062499 0.00165677 0.03125 -0.8749999 0.00165677 0.15625 -0.8749999 0.00165677 0.125 -0.5312499 0.00165677 0.125 -0.6562499 0.00165677 0.03125 -0.6249999 0.008140981 0.15625 -0.6249999 0.008140981 0.8749999 -0.7812499 0.008140981 0.8749999 -0.9062499 0.008140981 0.7812499 -0.8749999 0.008140981 0.9062499 -0.8749999 0.008140981 0.6249999 -0.7812499 0.00165677 0.6249999 -0.9062499 0.00165677 0.5312499 -0.8749999 0.00165677 0.6562499 -0.8749999 0.008140981 0.6249999 -0.5312499 0.008140981 0.6249999 -0.6562499 0.00165677 0.5312499 -0.6249999 0.008140981 0.6562499 -0.6249999 0.00165677 -0.6249999 -0.28125 0.00165677 -0.6249999 -0.40625 0.00165677 -0.7187499 -0.375 0.008140981 -0.5937499 -0.375 0.00165677 -0.8749999 -0.28125 0.00165677 -0.8749999 -0.40625 0.008140981 -0.9687499 -0.375 0.00165677 -0.8437499 -0.375 0.00165677 -0.8749999 -0.03125 0.008140981 -0.8749999 -0.15625 0.008140981 -0.9687499 -0.125 0.008140981 -0.8437499 -0.125 0.00165677 -0.6249999 -0.7812499 0.008140981 -0.6249999 -0.9062499 0.00165677 -0.7187499 -0.8749999 0.00165677 -0.5937499 -0.8749999 0.008140981 -0.8749999 -0.7812499 0.00165677 -0.8749999 -0.9062499 0.008140981 -0.9687499 -0.8749999 0.00165677 -0.8437499 -0.8749999 0.00165677 -0.8749999 -0.5312499 0.00165677 -0.8749999 -0.6562499 0.00165677 -0.9687499 -0.6249999 0.00165677 -0.8437499 -0.6249999 0.00165677 -0.125 -0.7812499 0.00165677 -0.125 -0.9062499 0.00165677 -0.21875 -0.8749999 0.00165677 -0.09374994 -0.8749999 0.00165677 -0.375 -0.7812499 0.00165677 -0.375 -0.9062499 0.00165677 -0.46875 -0.8749999 0.00165677 -0.34375 -0.8749999 0.00165677 -0.375 -0.5312499 0.00165677 -0.375 -0.6562499 0.00165677 -0.46875 -0.6249999 0.00165677 -0.34375 -0.6249999 0.00165677 -0.6249999 0.7187499 0.00165677 -0.6249999 0.5937499 0.008140981 -0.7187499 0.6249999 0.00165677 -0.5937499 0.6249999 0.008140981 -0.8749999 0.7187499 0.00165677 -0.8749999 0.5937499 0.00165677 -0.9687499 0.6249999 0.008140981 -0.8437499 0.6249999 0.008140981 -0.8749999 0.9687499 0.00165677 -0.8749999 0.8437499 0.00165677 -0.9687499 0.8749999 0.00165677 -0.8437499 0.8749999 0.008140981 -0.6249999 0.21875 0.00165677 -0.6249999 0.09374994 0.00165677 -0.7187499 0.125 0.00165677 -0.5937499 0.125 0.008140981 -0.8749999 0.21875 0.00165677 -0.8749999 0.09374994 0.00165677 -0.9687499 0.125 0.00165677 -0.8437499 0.125 0.00165677 -0.8749999 0.46875 0.008140981 -0.8749999 0.34375 0.00165677 -0.9687499 0.375 0.008140981 -0.8437499 0.375 0.00165677 -0.125 0.21875 0.00165677 -0.125 0.09374994 0.008140981 -0.21875 0.125 0.00165677 -0.09374994 0.125 0.00165677 -0.375 0.21875 0.00165677 -0.375 0.09374994 0.008140981 -0.46875 0.125 0.008140981 -0.34375 0.125 0.00165677 -0.375 0.46875 0.00165677 -0.375 0.34375 0.008140981 -0.46875 0.375 0.00165677 -0.34375 0.375 0.008140981 0.375 0.7187499 0.008140981 0.375 0.5937499 0.00165677 0.28125 0.6249999 0.00165677 0.40625 0.6249999 0.00165677 0.125 0.7187499 0.00165677 0.125 0.5937499 0.008140981 0.03125 0.6249999 0.008140981 0.15625 0.6249999 0.00165677 0.125 0.9687499 0.00165677 0.125 0.8437499 0.008140981 0.03125 0.8749999 0.008140981 0.15625 0.8749999 0.00165677 0.375 0.21875 0.008140981 0.375 0.09374994 0.008140981 0.28125 0.125 0.00165677 0.40625 0.125 0.00165677 0.125 0.21875 0.00165677 0.125 0.09374994 0.008140981 0.03125 0.125 0.00165677 0.15625 0.125 0.008140981 0.125 0.46875 0.00165677 0.125 0.34375 0.00165677 0.03125 0.375 0.008140981 0.15625 0.375 0.008140981 0.8749999 0.21875 0.00165677 0.8749999 0.09374994 0.008140981 0.7812499 0.125 0.008140981 0.9062499 0.125 0.00165677 0.6249999 0.21875 0.008140981 0.6249999 0.09374994 0.008140981 0.5312499 0.125 0.008140981 0.6562499 0.125 0.00165677 0.6249999 0.46875 0.00165677 0.6249999 0.34375 0.00165677 0.5312499 0.375 0.008140981 0.6562499 0.375 0.008140981 0.8749999 0.46875 0.008140981 0.8749999 0.34375 0.008140981 0.7812499 0.375 0.00165677 0.9062499 0.375 0.00165677 0.375 0.46875 0.00165677 0.375 0.34375 0.00165677 0.28125 0.375 0.008140981 0.40625 0.375 0.00165677 0.375 0.9687499 0.008140981 0.375 0.8437499 0.00165677 0.28125 0.8749999 0.00165677 0.40625 0.8749999 0.00165677 -0.125 0.46875 0.008140981 -0.125 0.34375 0.008140981 -0.21875 0.375 0.008140981 -0.09374994 0.375 0.008140981 -0.6249999 0.46875 0.00165677 -0.6249999 0.34375 0.00165677 -0.7187499 0.375 0.008140981 -0.5937499 0.375 0.00165677 -0.6249999 0.9687499 0.008140981 -0.6249999 0.8437499 0.00165677 -0.7187499 0.8749999 0.008140981 -0.5937499 0.8749999 0.00165677 -0.125 -0.5312499 0.00165677 -0.125 -0.6562499 0.00165677 -0.21875 -0.6249999 0.008140981 -0.09374994 -0.6249999 0.00165677 -0.6249999 -0.5312499 0.008140981 -0.6249999 -0.6562499 0.00165677 -0.7187499 -0.6249999 0.00165677 -0.5937499 -0.6249999 0.00165677 -0.6249999 -0.03125 0.008140981 -0.6249999 -0.15625 0.00165677 -0.7187499 -0.125 0.00165677 -0.5937499 -0.125 0.008140981 0.8749999 -0.5312499 0.00165677 0.8749999 -0.6562499 0.00165677 0.7812499 -0.6249999 0.00165677 0.9062499 -0.6249999 0.00165677 0.375 -0.5312499 0.008140981 0.375 -0.6562499 0.008140981 0.28125 -0.6249999 0.00165677 0.40625 -0.6249999 0.008140981 0.375 -0.03125 0.008140981 0.375 -0.15625 0.00165677 0.28125 -0.125 0.008140981 0.40625 -0.125 0.008140981 0.8749999 -0.03125 0.00165677 0.8749999 -0.15625 0.00165677 0.7812499 -0.125 0.008140981 0.9062499 -0.125 0.008140981 -0.125 -0.03125 0.00165677 -0.125 -0.15625 0.00165677 -0.21875 -0.125 0.008140981 -0.09374994 -0.125 0.00165677 -0.125 0.9687499 0.008140981 -0.125 0.8437499 0.008140981 -0.21875 0.8749999 0.00165677 -0.09374994 0.8749999 0.008140981 0.8749999 0.9687499 0.008140981 0.8749999 0.8437499 0.008140981 0.7812499 0.8749999 0.00165677 0.9062499 0.8749999 0.008140981 -0.9999999 -0.9062499 0.00165677 0.9062499 -0.9999999 0.00165677 0.9999999 0.9062499 0.00165677 -0.9062499 0.9999999 0.00165677 -0.9999999 0.09374994 0.00165677 -0.09374994 -0.9999999 0.008140981 0.9999999 -0.09374994 0.00165677 0.09374994 0.9999999 0.00165677 0 0.9062499 0.00165677 0 -0.09374994 0.00165677 -0.9062499 0 0.008140981 0.09374994 0 0.008140981 -0.9999999 -0.40625 0.00165677 0.40625 -0.9999999 0.008140981 0.9999999 0.40625 0.008140981 -0.40625 0.9999999 0.00165677 -0.9999999 0.5937499 0.00165677 -0.5937499 -0.9999999 0.00165677 0.9999999 -0.5937499 0.008140981 0.5937499 0.9999999 0.00165677 0 0.40625 0.008140981 0 -0.5937499 0.008140981 -0.40625 0 0.00165677 0.5937499 0 0.008140981 0.5 -0.09374994 0.008140981 0.5 -0.5937499 0.00165677 0.09374994 -0.5 0.00165677 0.5937499 -0.5 0.00165677 -0.5 -0.09374994 0.00165677 -0.5 -0.5937499 0.00165677 -0.9062499 -0.5 0.00165677 -0.40625 -0.5 0.00165677 -0.5 0.9062499 0.008140981 -0.5 0.40625 0.00165677 -0.9062499 0.5 0.008140981 -0.40625 0.5 0.00165677 0.5 0.9062499 0.00165677 0.5 0.40625 0.00165677 0.09374994 0.5 0.00165677 0.5937499 0.5 0.008140981 -0.9999999 -0.6562499 0.008140981 0.6562499 -0.9999999 0.00165677 0.9999999 0.6562499 0.00165677 -0.6562499 0.9999999 0.00165677 -0.9999999 0.34375 0.008140981 -0.34375 -0.9999999 0.00165677 0.9999999 -0.34375 0.008140981 0.34375 0.9999999 0.00165677 0 0.6562499 0.008140981 0 -0.34375 0.00165677 -0.6562499 0 0.00165677 0.34375 0 0.00165677 -0.9999999 -0.15625 0.008140981 0.15625 -0.9999999 0.00165677 0.9999999 0.15625 0.00165677 -0.15625 0.9999999 0.00165677 -0.9999999 0.8437499 0.008140981 -0.8437499 -0.9999999 0.00165677 0.9999999 -0.8437499 0.008140981 0.8437499 0.9999999 0.00165677 0 0.15625 0.00165677 0 -0.8437499 0.008140981 -0.15625 0 0.00165677 0.8437499 0 0.008140981 0.5 -0.34375 0.00165677 0.5 -0.8437499 0.00165677 0.34375 -0.5 0.00165677 0.8437499 -0.5 0.00165677 -0.5 -0.34375 0.00165677 -0.5 -0.8437499 0.00165677 -0.6562499 -0.5 0.00165677 -0.15625 -0.5 0.00165677 -0.5 0.6562499 0.00165677 -0.5 0.15625 0.00165677 -0.6562499 0.5 0.00165677 -0.15625 0.5 0.00165677 0.5 0.6562499 0.008140981 0.5 0.15625 0.00165677 0.34375 0.5 0.00165677 0.8437499 0.5 0.00165677 0.7499999 0.40625 0.008140981 0.7499999 0.15625 0.00165677 0.5937499 0.25 0.008140981 0.8437499 0.25 0.00165677 0.25 0.40625 0.008140981 0.25 0.15625 0.00165677 0.09374994 0.25 0.008140981 0.34375 0.25 0.008140981 0.25 0.9062499 0.00165677 0.25 0.6562499 0.00165677 0.09374994 0.7499999 0.008140981 0.34375 0.7499999 0.00165677 -0.25 0.40625 0.00165677 -0.25 0.15625 0.008140981 -0.40625 0.25 0.00165677 -0.15625 0.25 0.00165677 -0.7499999 0.40625 0.008140981 -0.7499999 0.15625 0.008140981 -0.9062499 0.25 0.00165677 -0.6562499 0.25 0.00165677 -0.7499999 0.9062499 0.00165677 -0.7499999 0.6562499 0.00165677 -0.9062499 0.7499999 0.00165677 -0.6562499 0.7499999 0.008140981 -0.25 -0.5937499 0.00165677 -0.25 -0.8437499 0.00165677 -0.40625 -0.7499999 0.008140981 -0.15625 -0.7499999 0.00165677 -0.7499999 -0.5937499 0.00165677 -0.7499999 -0.8437499 0.00165677 -0.9062499 -0.7499999 0.00165677 -0.6562499 -0.7499999 0.00165677 -0.7499999 -0.09374994 0.00165677 -0.7499999 -0.34375 0.008140981 -0.9062499 -0.25 0.00165677 -0.6562499 -0.25 0.00165677 0.7499999 -0.5937499 0.008140981 0.7499999 -0.8437499 0.00165677 0.5937499 -0.7499999 0.00165677 0.8437499 -0.7499999 0.008140981 0.25 -0.5937499 0.00165677 0.25 -0.8437499 0.00165677 0.09374994 -0.7499999 0.00165677 0.34375 -0.7499999 0.008140981 0.25 -0.09374994 0.00165677 0.25 -0.34375 0.008140981 0.09374994 -0.25 0.00165677 0.34375 -0.25 0.008140981 0.7499999 -0.09374994 0.00165677 0.7499999 -0.34375 0.00165677 0.5937499 -0.25 0.008140981 0.8437499 -0.25 0.00165677 -0.25 -0.09374994 0.008140981 -0.25 -0.34375 0.008140981 -0.40625 -0.25 0.00165677 -0.15625 -0.25 0.008140981 -0.25 0.9062499 0.00165677 -0.25 0.6562499 0.00165677 -0.40625 0.7499999 0.008140981 -0.15625 0.7499999 0.00165677 0.7499999 0.9062499 0.00165677 0.7499999 0.6562499 0.00165677 0.5937499 0.7499999 0.008140981 0.8437499 0.7499999 0.00165677 -0.9999999 -0.7812499 0.008140981 0.7812499 -0.9999999 0.00165677 0.9999999 0.7812499 0.00165677 -0.7812499 0.9999999 0.008140981 -0.9999999 0.21875 0.00165677 -0.21875 -0.9999999 0.00165677 0.9999999 -0.21875 0.00165677 0.21875 0.9999999 0.00165677 0 0.7812499 0.00165677 0 -0.21875 0.008140981 -0.7812499 0 0.008140981 0.21875 0 0.00165677 -0.9999999 -0.28125 0.00165677 0.28125 -0.9999999 0.008140981 0.9999999 0.28125 0.00165677 -0.28125 0.9999999 0.00165677 -0.9999999 0.7187499 0.00165677 -0.7187499 -0.9999999 0.00165677 0.9999999 -0.7187499 0.00165677 0.7187499 0.9999999 0.008140981 0 0.28125 0.00165677 0 -0.7187499 0.00165677 -0.28125 0 0.00165677 0.7187499 0 0.00165677 0.5 -0.21875 0.00165677 0.5 -0.7187499 0.008140981 0.21875 -0.5 0.008140981 0.7187499 -0.5 0.00165677 -0.5 -0.21875 0.008140981 -0.5 -0.7187499 0.00165677 -0.7812499 -0.5 0.00165677 -0.28125 -0.5 0.00165677 -0.5 0.7812499 0.00165677 -0.5 0.28125 0.00165677 -0.7812499 0.5 0.00165677 -0.28125 0.5 0.008140981 0.5 0.7812499 0.008140981 0.5 0.28125 0.00165677 0.21875 0.5 0.00165677 0.7187499 0.5 0.00165677 -0.9999999 -0.5312499 0.00165677 0.5312499 -0.9999999 0.00165677 0.9999999 0.5312499 0.00165677 -0.5312499 0.9999999 0.00165677 -0.9999999 0.46875 0.00165677 -0.46875 -0.9999999 0.00165677 0.9999999 -0.46875 0.008140981 0.46875 0.9999999 0.00165677 0 0.5312499 0.008140981 0 -0.46875 0.00165677 -0.5312499 0 0.00165677 0.46875 0 0.00165677 -0.9999999 -0.03125 0.00165677 0.03125 -0.9999999 0.00165677 0.9999999 0.03125 0.00165677 -0.03125 0.9999999 0.00165677 -0.9999999 0.9687499 0.00165677 -0.9687499 -0.9999999 0.00165677 0.9999999 -0.9687499 0.00165677 0.9687499 0.9999999 0.00165677 0 0.03125 0.00165677 0 -0.9687499 0.008140981 -0.03125 0 0.00165677 0.9687499 0 0.008140981 0.5 -0.46875 0.008140981 0.5 -0.9687499 0.00165677 0.46875 -0.5 0.008140981 0.9687499 -0.5 0.008140981 -0.5 -0.46875 0.00165677 -0.5 -0.9687499 0.00165677 -0.5312499 -0.5 0.008140981 -0.03125 -0.5 0.00165677 -0.5 0.5312499 0.008140981 -0.5 0.03125 0.00165677 -0.5312499 0.5 0.00165677 -0.03125 0.5 0.00165677 0.5 0.5312499 0.00165677 0.5 0.03125 0.00165677 0.46875 0.5 0.008140981 0.9687499 0.5 0.00165677 0.7499999 0.28125 0.008140981 0.7499999 0.03125 0.008140981 0.7187499 0.25 0.00165677 0.9687499 0.25 0.00165677 0.25 0.28125 0.00165677 0.25 0.03125 0.008140981 0.21875 0.25 0.00165677 0.46875 0.25 0.008140981 0.25 0.7812499 0.008140981 0.25 0.5312499 0.00165677 0.21875 0.7499999 0.00165677 0.46875 0.7499999 0.00165677 -0.25 0.28125 0.008140981 -0.25 0.03125 0.00165677 -0.28125 0.25 0.008140981 -0.03125 0.25 0.00165677 -0.7499999 0.28125 0.008140981 -0.7499999 0.03125 0.00165677 -0.7812499 0.25 0.00165677 -0.5312499 0.25 0.008140981 -0.7499999 0.7812499 0.00165677 -0.7499999 0.5312499 0.00165677 -0.7812499 0.7499999 0.00165677 -0.5312499 0.7499999 0.008140981 -0.25 -0.7187499 0.008140981 -0.25 -0.9687499 0.008140981 -0.28125 -0.7499999 0.00165677 -0.03125 -0.7499999 0.008140981 -0.7499999 -0.7187499 0.008140981 -0.7499999 -0.9687499 0.00165677 -0.7812499 -0.7499999 0.00165677 -0.5312499 -0.7499999 0.00165677 -0.7499999 -0.21875 0.008140981 -0.7499999 -0.46875 0.00165677 -0.7812499 -0.25 0.008140981 -0.5312499 -0.25 0.008140981 0.7499999 -0.7187499 0.008140981 0.7499999 -0.9687499 0.00165677 0.7187499 -0.7499999 0.00165677 0.9687499 -0.7499999 0.00165677 0.25 -0.7187499 0.00165677 0.25 -0.9687499 0.008140981 0.21875 -0.7499999 0.008140981 0.46875 -0.7499999 0.00165677 0.25 -0.21875 0.008140981 0.25 -0.46875 0.00165677 0.21875 -0.25 0.008140981 0.46875 -0.25 0.00165677 0.7499999 -0.21875 0.00165677 0.7499999 -0.46875 0.00165677 0.7187499 -0.25 0.00165677 0.9687499 -0.25 0.00165677 -0.25 -0.21875 0.008140981 -0.25 -0.46875 0.00165677 -0.28125 -0.25 0.00165677 -0.03125 -0.25 0.008140981 -0.25 0.7812499 0.00165677 -0.25 0.5312499 0.008140981 -0.28125 0.7499999 0.00165677 -0.03125 0.7499999 0.008140981 0.7499999 0.7812499 0.008140981 0.7499999 0.5312499 0.008140981 0.7187499 0.7499999 0.00165677 0.9687499 0.7499999 0.00165677 0.8749999 0.6562499 0.00165677 0.8749999 0.5312499 0.00165677 0.8437499 0.6249999 0.00165677 0.9687499 0.6249999 0.00165677 0.6249999 0.6562499 0.00165677 0.6249999 0.5312499 0.008140981 0.5937499 0.6249999 0.008140981 0.7187499 0.6249999 0.00165677 0.6249999 0.9062499 0.00165677 0.6249999 0.7812499 0.00165677 0.5937499 0.8749999 0.008140981 0.7187499 0.8749999 0.00165677 -0.125 0.6562499 0.00165677 -0.125 0.5312499 0.00165677 -0.15625 0.6249999 0.00165677 -0.03125 0.6249999 0.00165677 -0.375 0.6562499 0.008140981 -0.375 0.5312499 0.008140981 -0.40625 0.6249999 0.00165677 -0.28125 0.6249999 0.008140981 -0.375 0.9062499 0.00165677 -0.375 0.7812499 0.008140981 -0.40625 0.8749999 0.00165677 -0.28125 0.8749999 0.008140981 -0.125 -0.34375 0.00165677 -0.125 -0.46875 0.00165677 -0.15625 -0.375 0.00165677 -0.03125 -0.375 0.008140981 -0.375 -0.34375 0.00165677 -0.375 -0.46875 0.008140981 -0.40625 -0.375 0.00165677 -0.28125 -0.375 0.008140981 -0.375 -0.09374994 0.00165677 -0.375 -0.21875 0.00165677 -0.40625 -0.125 0.00165677 -0.28125 -0.125 0.008140981 0.8749999 -0.34375 0.00165677 0.8749999 -0.46875 0.00165677 0.8437499 -0.375 0.00165677 0.9687499 -0.375 0.00165677 0.6249999 -0.34375 0.008140981 0.6249999 -0.46875 0.008140981 0.5937499 -0.375 0.00165677 0.7187499 -0.375 0.008140981 0.6249999 -0.09374994 0.008140981 0.6249999 -0.21875 0.008140981 0.5937499 -0.125 0.008140981 0.7187499 -0.125 0.00165677 0.375 -0.34375 0.008140981 0.375 -0.46875 0.00165677 0.34375 -0.375 0.00165677 0.46875 -0.375 0.00165677 0.125 -0.34375 0.008140981 0.125 -0.46875 0.00165677 0.09374994 -0.375 0.00165677 0.21875 -0.375 0.00165677 0.125 -0.09374994 0.00165677 0.125 -0.21875 0.00165677 0.09374994 -0.125 0.00165677 0.21875 -0.125 0.00165677 0.375 -0.8437499 0.00165677 0.375 -0.9687499 0.00165677 0.34375 -0.8749999 0.00165677 0.46875 -0.8749999 0.00165677 0.125 -0.8437499 0.008140981 0.125 -0.9687499 0.00165677 0.09374994 -0.8749999 0.00165677 0.21875 -0.8749999 0.00165677 0.125 -0.5937499 0.00165677 0.125 -0.7187499 0.008140981 0.09374994 -0.6249999 0.008140981 0.21875 -0.6249999 0.008140981 0.8749999 -0.8437499 0.00165677 0.8749999 -0.9687499 0.00165677 0.8437499 -0.8749999 0.008140981 0.9687499 -0.8749999 0.00165677 0.6249999 -0.8437499 0.00165677 0.6249999 -0.9687499 0.00165677 0.5937499 -0.8749999 0.00165677 0.7187499 -0.8749999 0.00165677 0.6249999 -0.5937499 0.00165677 0.6249999 -0.7187499 0.00165677 0.5937499 -0.6249999 0.00165677 0.7187499 -0.6249999 0.008140981 -0.6249999 -0.34375 0.008140981 -0.6249999 -0.46875 0.00165677 -0.6562499 -0.375 0.00165677 -0.5312499 -0.375 0.00165677 -0.8749999 -0.34375 0.00165677 -0.8749999 -0.46875 0.008140981 -0.9062499 -0.375 0.00165677 -0.7812499 -0.375 0.00165677 -0.8749999 -0.09374994 0.00165677 -0.8749999 -0.21875 0.008140981 -0.9062499 -0.125 0.00165677 -0.7812499 -0.125 0.00165677 -0.6249999 -0.8437499 0.008140981 -0.6249999 -0.9687499 0.008140981 -0.6562499 -0.8749999 0.008140981 -0.5312499 -0.8749999 0.00165677 -0.8749999 -0.8437499 0.00165677 -0.8749999 -0.9687499 0.00165677 -0.9062499 -0.8749999 0.00165677 -0.7812499 -0.8749999 0.00165677 -0.8749999 -0.5937499 0.00165677 -0.8749999 -0.7187499 0.00165677 -0.9062499 -0.6249999 0.008140981 -0.7812499 -0.6249999 0.008140981 -0.125 -0.8437499 0.00165677 -0.125 -0.9687499 0.008140981 -0.15625 -0.8749999 0.008140981 -0.03125 -0.8749999 0.008140981 -0.375 -0.8437499 0.008140981 -0.375 -0.9687499 0.008140981 -0.40625 -0.8749999 0.00165677 -0.28125 -0.8749999 0.00165677 -0.375 -0.5937499 0.00165677 -0.375 -0.7187499 0.008140981 -0.40625 -0.6249999 0.00165677 -0.28125 -0.6249999 0.00165677 -0.6249999 0.6562499 0.008140981 -0.6249999 0.5312499 0.00165677 -0.6562499 0.6249999 0.008140981 -0.5312499 0.6249999 0.00165677 -0.8749999 0.6562499 0.00165677 -0.8749999 0.5312499 0.008140981 -0.9062499 0.6249999 0.00165677 -0.7812499 0.6249999 0.008140981 -0.8749999 0.9062499 0.00165677 -0.8749999 0.7812499 0.00165677 -0.9062499 0.8749999 0.00165677 -0.7812499 0.8749999 0.00165677 -0.6249999 0.15625 0.008140981 -0.6249999 0.03125 0.008140981 -0.6562499 0.125 0.008140981 -0.5312499 0.125 0.008140981 -0.8749999 0.15625 0.00165677 -0.8749999 0.03125 0.00165677 -0.9062499 0.125 0.00165677 -0.7812499 0.125 0.00165677 -0.8749999 0.40625 0.008140981 -0.8749999 0.28125 0.008140981 -0.9062499 0.375 0.008140981 -0.7812499 0.375 0.00165677 -0.125 0.15625 0.008140981 -0.125 0.03125 0.00165677 -0.15625 0.125 0.00165677 -0.03125 0.125 0.00165677 -0.375 0.15625 0.00165677 -0.375 0.03125 0.008140981 -0.40625 0.125 0.008140981 -0.28125 0.125 0.008140981 -0.375 0.40625 0.00165677 -0.375 0.28125 0.00165677 -0.40625 0.375 0.008140981 -0.28125 0.375 0.008140981 0.375 0.6562499 0.00165677 0.375 0.5312499 0.008140981 0.34375 0.6249999 0.00165677 0.46875 0.6249999 0.00165677 0.125 0.6562499 0.00165677 0.125 0.5312499 0.00165677 0.09374994 0.6249999 0.008140981 0.21875 0.6249999 0.008140981 0.125 0.9062499 0.00165677 0.125 0.7812499 0.00165677 0.09374994 0.8749999 0.008140981 0.21875 0.8749999 0.008140981 0.375 0.15625 0.00165677 0.375 0.03125 0.00165677 0.34375 0.125 0.008140981 0.46875 0.125 0.008140981 0.125 0.15625 0.00165677 0.125 0.03125 0.008140981 0.09374994 0.125 0.00165677 0.21875 0.125 0.008140981 0.125 0.40625 0.008140981 0.125 0.28125 0.008140981 0.09374994 0.375 0.00165677 0.21875 0.375 0.00165677 0.8749999 0.15625 0.00165677 0.8749999 0.03125 0.00165677 0.8437499 0.125 0.00165677 0.9687499 0.125 0.008140981 0.6249999 0.15625 0.00165677 0.6249999 0.03125 0.008140981 0.5937499 0.125 0.008140981 0.7187499 0.125 0.008140981 0.6249999 0.40625 0.008140981 0.6249999 0.28125 0.008140981 0.5937499 0.375 0.008140981 0.7187499 0.375 0.008140981 0.8749999 0.40625 0.00165677 0.8749999 0.28125 0.00165677 0.8437499 0.375 0.008140981 0.9687499 0.375 0.00165677 0.375 0.40625 0.00165677 0.375 0.28125 0.008140981 0.34375 0.375 0.00165677 0.46875 0.375 0.00165677 0.375 0.9062499 0.008140981 0.375 0.7812499 0.00165677 0.34375 0.8749999 0.008140981 0.46875 0.8749999 0.00165677 -0.125 0.40625 0.008140981 -0.125 0.28125 0.008140981 -0.15625 0.375 0.008140981 -0.03125 0.375 0.008140981 -0.6249999 0.40625 0.00165677 -0.6249999 0.28125 0.00165677 -0.6562499 0.375 0.008140981 -0.5312499 0.375 0.00165677 -0.6249999 0.9062499 0.00165677 -0.6249999 0.7812499 0.008140981 -0.6562499 0.8749999 0.008140981 -0.5312499 0.8749999 0.008140981 -0.125 -0.5937499 0.00165677 -0.125 -0.7187499 0.00165677 -0.15625 -0.6249999 0.00165677 -0.03125 -0.6249999 0.00165677 -0.6249999 -0.5937499 0.00165677 -0.6249999 -0.7187499 0.008140981 -0.6562499 -0.6249999 0.008140981 -0.5312499 -0.6249999 0.00165677 -0.6249999 -0.09374994 0.00165677 -0.6249999 -0.21875 0.00165677 -0.6562499 -0.125 0.00165677 -0.5312499 -0.125 0.008140981 0.8749999 -0.5937499 0.00165677 0.8749999 -0.7187499 0.00165677 0.8437499 -0.6249999 0.00165677 0.9687499 -0.6249999 0.008140981 0.375 -0.5937499 0.00165677 0.375 -0.7187499 0.008140981 0.34375 -0.6249999 0.00165677 0.46875 -0.6249999 0.00165677 0.375 -0.09374994 0.00165677 0.375 -0.21875 0.00165677 0.34375 -0.125 0.00165677 0.46875 -0.125 0.00165677 0.8749999 -0.09374994 0.008140981 0.8749999 -0.21875 0.00165677 0.8437499 -0.125 0.008140981 0.9687499 -0.125 0.00165677 -0.125 -0.09374994 0.00165677 -0.125 -0.21875 0.00165677 -0.15625 -0.125 0.008140981 -0.03125 -0.125 0.00165677 -0.125 0.9062499 0.008140981 -0.125 0.7812499 0.00165677 -0.15625 0.8749999 0.00165677 -0.03125 0.8749999 0.00165677 0.8749999 0.9062499 0.008140981 0.8749999 0.7812499 0.00165677 0.8437499 0.8749999 0.008140981 0.9687499 0.8749999 0.008140981 0.9374999 0.8437499 0.008140981 0.9374999 0.7812499 0.00165677 0.9062499 0.8124999 0.00165677 0.9687499 0.8124999 0.00165677 0.8124999 0.8437499 0.008140981 0.8124999 0.7812499 0.00165677 0.7812499 0.8124999 0.00165677 0.8437499 0.8124999 0.008140981 0.8124999 0.9687499 0.008140981 0.8124999 0.9062499 0.008140981 0.7812499 0.9374999 0.00165677 0.8437499 0.9374999 0.008140981 -0.06249994 0.8437499 0.00165677 -0.06249994 0.7812499 0.008140981 -0.09374994 0.8124999 0.00165677 -0.03125 0.8124999 0.008140981 -0.1875 0.8437499 0.00165677 -0.1875 0.7812499 0.00165677 -0.21875 0.8124999 0.00165677 -0.15625 0.8124999 0.008140981 -0.1875 0.9687499 0.00165677 -0.1875 0.9062499 0.00165677 -0.21875 0.9374999 0.00165677 -0.15625 0.9374999 0.00165677 -0.06249994 -0.15625 0.00165677 -0.06249994 -0.21875 0.00165677 -0.09374994 -0.1875 0.00165677 -0.03125 -0.1875 0.00165677 -0.1875 -0.15625 0.008140981 -0.1875 -0.21875 0.00165677 -0.21875 -0.1875 0.00165677 -0.15625 -0.1875 0.00165677 -0.1875 -0.03125 0.00165677 -0.1875 -0.09374994 0.008140981 -0.21875 -0.06249994 0.00165677 -0.15625 -0.06249994 0.00165677 0.9374999 -0.15625 0.008140981 0.9374999 -0.21875 0.008140981 0.9062499 -0.1875 0.00165677 0.9687499 -0.1875 0.008140981 0.8124999 -0.15625 0.00165677 0.8124999 -0.21875 0.00165677 0.7812499 -0.1875 0.00165677 0.8437499 -0.1875 0.00165677 0.8124999 -0.03125 0.008140981 0.8124999 -0.09374994 0.00165677 0.7812499 -0.06249994 0.00165677 0.8437499 -0.06249994 0.008140981 0.4375 -0.15625 0.008140981 0.4375 -0.21875 0.008140981 0.40625 -0.1875 0.008140981 0.46875 -0.1875 0.008140981 0.3125 -0.15625 0.008140981 0.3125 -0.21875 0.008140981 0.28125 -0.1875 0.008140981 0.34375 -0.1875 0.008140981 0.3125 -0.03125 0.00165677 0.3125 -0.09374994 0.00165677 0.28125 -0.06249994 0.00165677 0.34375 -0.06249994 0.008140981 0.4375 -0.6562499 0.00165677 0.4375 -0.7187499 0.00165677 0.40625 -0.6874999 0.008140981 0.46875 -0.6874999 0.008140981 0.3125 -0.6562499 0.00165677 0.3125 -0.7187499 0.008140981 0.28125 -0.6874999 0.008140981 0.34375 -0.6874999 0.00165677 0.3125 -0.5312499 0.00165677 0.3125 -0.5937499 0.008140981 0.28125 -0.5624999 0.00165677 0.34375 -0.5624999 0.00165677 0.9374999 -0.6562499 0.008140981 0.9374999 -0.7187499 0.00165677 0.9062499 -0.6874999 0.00165677 0.9687499 -0.6874999 0.008140981 0.8124999 -0.6562499 0.008140981 0.8124999 -0.7187499 0.008140981 0.7812499 -0.6874999 0.008140981 0.8437499 -0.6874999 0.00165677 0.8124999 -0.5312499 0.00165677 0.8124999 -0.5937499 0.00165677 0.7812499 -0.5624999 0.00165677 0.8437499 -0.5624999 0.008140981 -0.5624999 -0.15625 0.00165677 -0.5624999 -0.21875 0.008140981 -0.5937499 -0.1875 0.00165677 -0.5312499 -0.1875 0.00165677 -0.6874999 -0.15625 0.008140981 -0.6874999 -0.21875 0.00165677 -0.7187499 -0.1875 0.00165677 -0.6562499 -0.1875 0.00165677 -0.6874999 -0.03125 0.00165677 -0.6874999 -0.09374994 0.00165677 -0.7187499 -0.06249994 0.00165677 -0.6562499 -0.06249994 0.00165677 -0.5624999 -0.6562499 0.00165677 -0.5624999 -0.7187499 0.008140981 -0.5937499 -0.6874999 0.00165677 -0.5312499 -0.6874999 0.008140981 -0.6874999 -0.6562499 0.00165677 -0.6874999 -0.7187499 0.00165677 -0.7187499 -0.6874999 0.008140981 -0.6562499 -0.6874999 0.00165677 -0.6874999 -0.5312499 0.008140981 -0.6874999 -0.5937499 0.00165677 -0.7187499 -0.5624999 0.00165677 -0.6562499 -0.5624999 0.008140981 -0.06249994 -0.6562499 0.00165677 -0.06249994 -0.7187499 0.008140981 -0.09374994 -0.6874999 0.00165677 -0.03125 -0.6874999 0.008140981 -0.1875 -0.6562499 0.00165677 -0.1875 -0.7187499 0.00165677 -0.21875 -0.6874999 0.00165677 -0.15625 -0.6874999 0.00165677 -0.1875 -0.5312499 0.00165677 -0.1875 -0.5937499 0.00165677 -0.21875 -0.5624999 0.00165677 -0.15625 -0.5624999 0.00165677 -0.5624999 0.8437499 0.00165677 -0.5624999 0.7812499 0.008140981 -0.5937499 0.8124999 0.008140981 -0.5312499 0.8124999 0.00165677 -0.6874999 0.8437499 0.00165677 -0.6874999 0.7812499 0.008140981 -0.7187499 0.8124999 0.00165677 -0.6562499 0.8124999 0.008140981 -0.6874999 0.9687499 0.00165677 -0.6874999 0.9062499 0.008140981 -0.7187499 0.9374999 0.008140981 -0.6562499 0.9374999 0.008140981 -0.5624999 0.34375 0.00165677 -0.5624999 0.28125 0.008140981 -0.5937499 0.3125 0.00165677 -0.5312499 0.3125 0.00165677 -0.6874999 0.34375 0.00165677 -0.6874999 0.28125 0.00165677 -0.7187499 0.3125 0.008140981 -0.6562499 0.3125 0.008140981 -0.6874999 0.46875 0.008140981 -0.6874999 0.40625 0.00165677 -0.7187499 0.4375 0.008140981 -0.6562499 0.4375 0.00165677 -0.06249994 0.34375 0.008140981 -0.06249994 0.28125 0.008140981 -0.09374994 0.3125 0.00165677 -0.03125 0.3125 0.008140981 -0.1875 0.34375 0.008140981 -0.1875 0.28125 0.00165677 -0.21875 0.3125 0.008140981 -0.15625 0.3125 0.008140981 -0.1875 0.46875 0.008140981 -0.1875 0.40625 0.008140981 -0.21875 0.4375 0.00165677 -0.15625 0.4375 0.00165677 0.4375 0.8437499 0.00165677 0.4375 0.7812499 0.00165677 0.40625 0.8124999 0.00165677 0.46875 0.8124999 0.00165677 0.3125 0.8437499 0.008140981 0.3125 0.7812499 0.00165677 0.28125 0.8124999 0.008140981 0.34375 0.8124999 0.00165677 0.3125 0.9687499 0.00165677 0.3125 0.9062499 0.00165677 0.28125 0.9374999 0.00165677 0.34375 0.9374999 0.008140981 0.4375 0.34375 0.008140981 0.4375 0.28125 0.00165677 0.40625 0.3125 0.00165677 0.46875 0.3125 0.008140981 0.3125 0.34375 0.008140981 0.3125 0.28125 0.00165677 0.28125 0.3125 0.00165677 0.34375 0.3125 0.008140981 0.3125 0.46875 0.008140981 0.3125 0.40625 0.008140981 0.28125 0.4375 0.00165677 0.34375 0.4375 0.00165677 0.9374999 0.34375 0.00165677 0.9374999 0.28125 0.00165677 0.9062499 0.3125 0.00165677 0.9687499 0.3125 0.00165677 0.8124999 0.34375 0.008140981 0.8124999 0.28125 0.00165677 0.7812499 0.3125 0.008140981 0.8437499 0.3125 0.008140981 0.8124999 0.46875 0.00165677 0.8124999 0.40625 0.00165677 0.7812499 0.4375 0.00165677 0.8437499 0.4375 0.00165677 0.6874999 0.34375 0.00165677 0.6874999 0.28125 0.00165677 0.6562499 0.3125 0.00165677 0.7187499 0.3125 0.00165677 0.5624999 0.34375 0.00165677 0.5624999 0.28125 0.008140981 0.5312499 0.3125 0.008140981 0.5937499 0.3125 0.00165677 0.5624999 0.46875 0.008140981 0.5624999 0.40625 0.008140981 0.5312499 0.4375 0.00165677 0.5937499 0.4375 0.008140981 0.6874999 0.09374994 0.008140981 0.6874999 0.03125 0.008140981 0.6562499 0.06249994 0.00165677 0.7187499 0.06249994 0.008140981 0.5624999 0.09374994 0.008140981 0.5624999 0.03125 0.008140981 0.5312499 0.06249994 0.008140981 0.5937499 0.06249994 0.008140981 0.5624999 0.21875 0.008140981 0.5624999 0.15625 0.008140981 0.5312499 0.1875 0.00165677 0.5937499 0.1875 0.00165677 0.9374999 0.09374994 0.008140981 0.9374999 0.03125 0.00165677 0.9062499 0.06249994 0.00165677 0.9687499 0.06249994 0.00165677 0.8124999 0.09374994 0.00165677 0.8124999 0.03125 0.00165677 0.7812499 0.06249994 0.008140981 0.8437499 0.06249994 0.00165677 0.8124999 0.21875 0.00165677 0.8124999 0.15625 0.008140981 0.7812499 0.1875 0.008140981 0.8437499 0.1875 0.008140981 0.1875 0.34375 0.00165677 0.1875 0.28125 0.008140981 0.15625 0.3125 0.008140981 0.21875 0.3125 0.00165677 0.06249994 0.34375 0.008140981 0.06249994 0.28125 0.008140981 0.03125 0.3125 0.00165677 0.09374994 0.3125 0.00165677 0.06249994 0.46875 0.00165677 0.06249994 0.40625 0.008140981 0.03125 0.4375 0.008140981 0.09374994 0.4375 0.00165677 0.1875 0.09374994 0.00165677 0.1875 0.03125 0.00165677 0.15625 0.06249994 0.008140981 0.21875 0.06249994 0.00165677 0.06249994 0.09374994 0.008140981 0.06249994 0.03125 0.008140981 0.03125 0.06249994 0.00165677 0.09374994 0.06249994 0.008140981 0.06249994 0.21875 0.00165677 0.06249994 0.15625 0.00165677 0.03125 0.1875 0.00165677 0.09374994 0.1875 0.00165677 0.4375 0.09374994 0.008140981 0.4375 0.03125 0.00165677 0.40625 0.06249994 0.00165677 0.46875 0.06249994 0.008140981 0.3125 0.09374994 0.008140981 0.3125 0.03125 0.00165677 0.28125 0.06249994 0.008140981 0.34375 0.06249994 0.00165677 0.3125 0.21875 0.008140981 0.3125 0.15625 0.008140981 0.28125 0.1875 0.008140981 0.34375 0.1875 0.00165677 0.1875 0.8437499 0.00165677 0.1875 0.7812499 0.008140981 0.15625 0.8124999 0.008140981 0.21875 0.8124999 0.008140981 0.06249994 0.8437499 0.008140981 0.06249994 0.7812499 0.008140981 0.03125 0.8124999 0.00165677 0.09374994 0.8124999 0.00165677 0.06249994 0.9687499 0.008140981 0.06249994 0.9062499 0.00165677 0.03125 0.9374999 0.00165677 0.09374994 0.9374999 0.008140981 0.1875 0.5937499 0.008140981 0.1875 0.5312499 0.008140981 0.15625 0.5624999 0.008140981 0.21875 0.5624999 0.00165677 0.06249994 0.5937499 0.00165677 0.06249994 0.5312499 0.00165677 0.03125 0.5624999 0.00165677 0.09374994 0.5624999 0.00165677 0.06249994 0.7187499 0.008140981 0.06249994 0.6562499 0.008140981 0.03125 0.6874999 0.00165677 0.09374994 0.6874999 0.00165677 0.4375 0.5937499 0.00165677 0.4375 0.5312499 0.00165677 0.40625 0.5624999 0.008140981 0.46875 0.5624999 0.008140981 0.3125 0.5937499 0.008140981 0.3125 0.5312499 0.00165677 0.28125 0.5624999 0.00165677 0.34375 0.5624999 0.00165677 0.3125 0.7187499 0.00165677 0.3125 0.6562499 0.00165677 0.28125 0.6874999 0.00165677 0.34375 0.6874999 0.008140981 -0.3125 0.34375 0.008140981 -0.3125 0.28125 0.008140981 -0.34375 0.3125 0.00165677 -0.28125 0.3125 0.008140981 -0.4375 0.34375 0.00165677 -0.4375 0.28125 0.00165677 -0.46875 0.3125 0.00165677 -0.40625 0.3125 0.00165677 -0.4375 0.46875 0.008140981 -0.4375 0.40625 0.00165677 -0.46875 0.4375 0.00165677 -0.40625 0.4375 0.008140981 -0.3125 0.09374994 0.00165677 -0.3125 0.03125 0.00165677 -0.34375 0.06249994 0.00165677 -0.28125 0.06249994 0.00165677 -0.4375 0.09374994 0.00165677 -0.4375 0.03125 0.008140981 -0.46875 0.06249994 0.00165677 -0.40625 0.06249994 0.008140981 -0.4375 0.21875 0.008140981 -0.4375 0.15625 0.00165677 -0.46875 0.1875 0.00165677 -0.40625 0.1875 0.00165677 -0.06249994 0.09374994 0.00165677 -0.06249994 0.03125 0.008140981 -0.09374994 0.06249994 0.00165677 -0.03125 0.06249994 0.00165677 -0.1875 0.09374994 0.00165677 -0.1875 0.03125 0.00165677 -0.21875 0.06249994 0.00165677 -0.15625 0.06249994 0.008140981 -0.1875 0.21875 0.008140981 -0.1875 0.15625 0.008140981 -0.21875 0.1875 0.008140981 -0.15625 0.1875 0.008140981 -0.8124999 0.34375 0.008140981 -0.8124999 0.28125 0.008140981 -0.8437499 0.3125 0.008140981 -0.7812499 0.3125 0.008140981 -0.9374999 0.34375 0.00165677 -0.9374999 0.28125 0.00165677 -0.9687499 0.3125 0.00165677 -0.9062499 0.3125 0.008140981 -0.9374999 0.46875 0.00165677 -0.9374999 0.40625 0.00165677 -0.9687499 0.4375 0.00165677 -0.9062499 0.4375 0.00165677 -0.8124999 0.09374994 0.00165677 -0.8124999 0.03125 0.008140981 -0.8437499 0.06249994 0.00165677 -0.7812499 0.06249994 0.008140981 -0.9374999 0.09374994 0.008140981 -0.9374999 0.03125 0.008140981 -0.9687499 0.06249994 0.008140981 -0.9062499 0.06249994 0.00165677 -0.9374999 0.21875 0.008140981 -0.9374999 0.15625 0.00165677 -0.9687499 0.1875 0.00165677 -0.9062499 0.1875 0.00165677 -0.5624999 0.09374994 0.008140981 -0.5624999 0.03125 0.008140981 -0.5937499 0.06249994 0.00165677 -0.5312499 0.06249994 0.00165677 -0.6874999 0.09374994 0.00165677 -0.6874999 0.03125 0.008140981 -0.7187499 0.06249994 0.00165677 -0.6562499 0.06249994 0.00165677 -0.6874999 0.21875 0.008140981 -0.6874999 0.15625 0.008140981 -0.7187499 0.1875 0.008140981 -0.6562499 0.1875 0.00165677 -0.8124999 0.8437499 0.00165677 -0.8124999 0.7812499 0.00165677 -0.8437499 0.8124999 0.00165677 -0.7812499 0.8124999 0.00165677 -0.9374999 0.8437499 0.00165677 -0.9374999 0.7812499 0.00165677 -0.9687499 0.8124999 0.008140981 -0.9062499 0.8124999 0.00165677 -0.9374999 0.9687499 0.00165677 -0.9374999 0.9062499 0.00165677 -0.9687499 0.9374999 0.008140981 -0.9062499 0.9374999 0.00165677 -0.8124999 0.5937499 0.00165677 -0.8124999 0.5312499 0.008140981 -0.8437499 0.5624999 0.008140981 -0.7812499 0.5624999 0.008140981 -0.9374999 0.5937499 0.00165677 -0.9374999 0.5312499 0.008140981 -0.9687499 0.5624999 0.00165677 -0.9062499 0.5624999 0.00165677 -0.9374999 0.7187499 0.008140981 -0.9374999 0.6562499 0.008140981 -0.9687499 0.6874999 0.008140981 -0.9062499 0.6874999 0.00165677 -0.5624999 0.5937499 0.00165677 -0.5624999 0.5312499 0.008140981 -0.5937499 0.5624999 0.00165677 -0.5312499 0.5624999 0.008140981 -0.6874999 0.5937499 0.008140981 -0.6874999 0.5312499 0.00165677 -0.7187499 0.5624999 0.00165677 -0.6562499 0.5624999 0.00165677 -0.6874999 0.7187499 0.008140981 -0.6874999 0.6562499 0.008140981 -0.7187499 0.6874999 0.008140981 -0.6562499 0.6874999 0.008140981 -0.3125 -0.6562499 0.00165677 -0.3125 -0.7187499 0.00165677 -0.34375 -0.6874999 0.00165677 -0.28125 -0.6874999 0.00165677 -0.4375 -0.6562499 0.008140981 -0.4375 -0.7187499 0.00165677 -0.46875 -0.6874999 0.00165677 -0.40625 -0.6874999 0.008140981 -0.4375 -0.5312499 0.00165677 -0.4375 -0.5937499 0.008140981 -0.46875 -0.5624999 0.00165677 -0.40625 -0.5624999 0.00165677 -0.3125 -0.9062499 0.00165677 -0.3125 -0.9687499 0.00165677 -0.34375 -0.9374999 0.00165677 -0.28125 -0.9374999 0.008140981 -0.4375 -0.9062499 0.00165677 -0.4375 -0.9687499 0.00165677 -0.46875 -0.9374999 0.00165677 -0.40625 -0.9374999 0.00165677 -0.4375 -0.7812499 0.00165677 -0.4375 -0.8437499 0.00165677 -0.46875 -0.8124999 0.008140981 -0.40625 -0.8124999 0.00165677 -0.06249994 -0.9062499 0.00165677 -0.06249994 -0.9687499 0.00165677 -0.09374994 -0.9374999 0.00165677 -0.03125 -0.9374999 0.008140981 -0.1875 -0.9062499 0.00165677 -0.1875 -0.9687499 0.008140981 -0.21875 -0.9374999 0.00165677 -0.15625 -0.9374999 0.00165677 -0.1875 -0.7812499 0.00165677 -0.1875 -0.8437499 0.00165677 -0.21875 -0.8124999 0.00165677 -0.15625 -0.8124999 0.008140981 -0.8124999 -0.6562499 0.00165677 -0.8124999 -0.7187499 0.00165677 -0.8437499 -0.6874999 0.00165677 -0.7812499 -0.6874999 0.00165677 -0.9374999 -0.6562499 0.008140981 -0.9374999 -0.7187499 0.00165677 -0.9687499 -0.6874999 0.00165677 -0.9062499 -0.6874999 0.00165677 -0.9374999 -0.5312499 0.008140981 -0.9374999 -0.5937499 0.008140981 -0.9687499 -0.5624999 0.00165677 -0.9062499 -0.5624999 0.008140981 -0.8124999 -0.9062499 0.00165677 -0.8124999 -0.9687499 0.00165677 -0.8437499 -0.9374999 0.008140981 -0.7812499 -0.9374999 0.00165677 -0.9374999 -0.9062499 0.00165677 -0.9374999 -0.9687499 0.008140981 -0.9687499 -0.9374999 0.00165677 -0.9062499 -0.9374999 0.00165677 -0.9374999 -0.7812499 0.00165677 -0.9374999 -0.8437499 0.00165677 -0.9687499 -0.8124999 0.00165677 -0.9062499 -0.8124999 0.00165677 -0.5624999 -0.9062499 0.008140981 -0.5624999 -0.9687499 0.00165677 -0.5937499 -0.9374999 0.00165677 -0.5312499 -0.9374999 0.00165677 -0.6874999 -0.9062499 0.00165677 -0.6874999 -0.9687499 0.00165677 -0.7187499 -0.9374999 0.00165677 -0.6562499 -0.9374999 0.008140981 -0.6874999 -0.7812499 0.008140981 -0.6874999 -0.8437499 0.00165677 -0.7187499 -0.8124999 0.008140981 -0.6562499 -0.8124999 0.00165677 -0.8124999 -0.15625 0.00165677 -0.8124999 -0.21875 0.00165677 -0.8437499 -0.1875 0.008140981 -0.7812499 -0.1875 0.008140981 -0.9374999 -0.15625 0.00165677 -0.9374999 -0.21875 0.00165677 -0.9687499 -0.1875 0.00165677 -0.9062499 -0.1875 0.00165677 -0.9374999 -0.03125 0.008140981 -0.9374999 -0.09374994 0.00165677 -0.9687499 -0.06249994 0.00165677 -0.9062499 -0.06249994 0.008140981 -0.8124999 -0.40625 0.00165677 -0.8124999 -0.46875 0.00165677 -0.8437499 -0.4375 0.00165677 -0.7812499 -0.4375 0.008140981 -0.9374999 -0.40625 0.00165677 -0.9374999 -0.46875 0.008140981 -0.9687499 -0.4375 0.00165677 -0.9062499 -0.4375 0.008140981 -0.9374999 -0.28125 0.00165677 -0.9374999 -0.34375 0.00165677 -0.9687499 -0.3125 0.00165677 -0.9062499 -0.3125 0.00165677 -0.5624999 -0.40625 0.00165677 -0.5624999 -0.46875 0.00165677 -0.5937499 -0.4375 0.00165677 -0.5312499 -0.4375 0.00165677 -0.6874999 -0.40625 0.00165677 -0.6874999 -0.46875 0.008140981 -0.7187499 -0.4375 0.008140981 -0.6562499 -0.4375 0.00165677 -0.6874999 -0.28125 0.00165677 -0.6874999 -0.34375 0.00165677 -0.7187499 -0.3125 0.00165677 -0.6562499 -0.3125 0.00165677 0.6874999 -0.6562499 0.00165677 0.6874999 -0.7187499 0.00165677 0.6562499 -0.6874999 0.00165677 0.7187499 -0.6874999 0.00165677 0.5624999 -0.6562499 0.008140981 0.5624999 -0.7187499 0.008140981 0.5312499 -0.6874999 0.008140981 0.5937499 -0.6874999 0.00165677 0.5624999 -0.5312499 0.00165677 0.5624999 -0.5937499 0.00165677 0.5312499 -0.5624999 0.00165677 0.5937499 -0.5624999 0.00165677 0.6874999 -0.9062499 0.008140981 0.6874999 -0.9687499 0.00165677 0.6562499 -0.9374999 0.00165677 0.7187499 -0.9374999 0.00165677 0.5624999 -0.9062499 0.00165677 0.5624999 -0.9687499 0.008140981 0.5312499 -0.9374999 0.00165677 0.5937499 -0.9374999 0.00165677 0.5624999 -0.7812499 0.00165677 0.5624999 -0.8437499 0.00165677 0.5312499 -0.8124999 0.00165677 0.5937499 -0.8124999 0.00165677 0.9374999 -0.9062499 0.008140981 0.9374999 -0.9687499 0.00165677 0.9062499 -0.9374999 0.008140981 0.9687499 -0.9374999 0.00165677 0.8124999 -0.9062499 0.008140981 0.8124999 -0.9687499 0.00165677 0.7812499 -0.9374999 0.00165677 0.8437499 -0.9374999 0.00165677 0.8124999 -0.7812499 0.008140981 0.8124999 -0.8437499 0.00165677 0.7812499 -0.8124999 0.008140981 0.8437499 -0.8124999 0.008140981 0.1875 -0.6562499 0.00165677 0.1875 -0.7187499 0.00165677 0.15625 -0.6874999 0.008140981 0.21875 -0.6874999 0.00165677 0.06249994 -0.6562499 0.008140981 0.06249994 -0.7187499 0.00165677 0.03125 -0.6874999 0.008140981 0.09374994 -0.6874999 0.00165677 0.06249994 -0.5312499 0.008140981 0.06249994 -0.5937499 0.00165677 0.03125 -0.5624999 0.008140981 0.09374994 -0.5624999 0.00165677 0.1875 -0.9062499 0.00165677 0.1875 -0.9687499 0.00165677 0.15625 -0.9374999 0.00165677 0.21875 -0.9374999 0.00165677 0.06249994 -0.9062499 0.00165677 0.06249994 -0.9687499 0.00165677 0.03125 -0.9374999 0.00165677 0.09374994 -0.9374999 0.00165677 0.06249994 -0.7812499 0.008140981 0.06249994 -0.8437499 0.00165677 0.03125 -0.8124999 0.00165677 0.09374994 -0.8124999 0.008140981 0.4375 -0.9062499 0.00165677 0.4375 -0.9687499 0.00165677 0.40625 -0.9374999 0.00165677 0.46875 -0.9374999 0.00165677 0.3125 -0.9062499 0.008140981 0.3125 -0.9687499 0.008140981 0.28125 -0.9374999 0.00165677 0.34375 -0.9374999 0.008140981 0.3125 -0.7812499 0.008140981 0.3125 -0.8437499 0.00165677 0.28125 -0.8124999 0.008140981 0.34375 -0.8124999 0.00165677 0.1875 -0.15625 0.008140981 0.1875 -0.21875 0.00165677 0.15625 -0.1875 0.00165677 0.21875 -0.1875 0.008140981 0.06249994 -0.15625 0.008140981 0.06249994 -0.21875 0.00165677 0.03125 -0.1875 0.00165677 0.09374994 -0.1875 0.00165677 0.06249994 -0.03125 0.008140981 0.06249994 -0.09374994 0.008140981 0.03125 -0.06249994 0.00165677 0.09374994 -0.06249994 0.008140981 0.1875 -0.40625 0.00165677 0.1875 -0.46875 0.008140981 0.15625 -0.4375 0.008140981 0.21875 -0.4375 0.00165677 0.06249994 -0.40625 0.00165677 0.06249994 -0.46875 0.008140981 0.03125 -0.4375 0.008140981 0.09374994 -0.4375 0.00165677 0.06249994 -0.28125 0.00165677 0.06249994 -0.34375 0.008140981 0.03125 -0.3125 0.008140981 0.09374994 -0.3125 0.00165677 0.4375 -0.40625 0.00165677 0.4375 -0.46875 0.00165677 0.40625 -0.4375 0.00165677 0.46875 -0.4375 0.00165677 0.3125 -0.40625 0.008140981 0.3125 -0.46875 0.008140981 0.28125 -0.4375 0.008140981 0.34375 -0.4375 0.00165677 0.3125 -0.28125 0.00165677 0.3125 -0.34375 0.00165677 0.28125 -0.3125 0.00165677 0.34375 -0.3125 0.00165677 0.6874999 -0.15625 0.008140981 0.6874999 -0.21875 0.00165677 0.6562499 -0.1875 0.008140981 0.7187499 -0.1875 0.00165677 0.5624999 -0.15625 0.008140981 0.5624999 -0.21875 0.00165677 0.5312499 -0.1875 0.00165677 0.5937499 -0.1875 0.00165677 0.5624999 -0.03125 0.00165677 0.5624999 -0.09374994 0.00165677 0.5312499 -0.06249994 0.00165677 0.5937499 -0.06249994 0.00165677 0.6874999 -0.40625 0.00165677 0.6874999 -0.46875 0.008140981 0.6562499 -0.4375 0.008140981 0.7187499 -0.4375 0.00165677 0.5624999 -0.40625 0.00165677 0.5624999 -0.46875 0.008140981 0.5312499 -0.4375 0.00165677 0.5937499 -0.4375 0.00165677 0.5624999 -0.28125 0.008140981 0.5624999 -0.34375 0.00165677 0.5312499 -0.3125 0.00165677 0.5937499 -0.3125 0.00165677 0.9374999 -0.40625 0.00165677 0.9374999 -0.46875 0.00165677 0.9062499 -0.4375 0.00165677 0.9687499 -0.4375 0.008140981 0.8124999 -0.40625 0.008140981 0.8124999 -0.46875 0.008140981 0.7812499 -0.4375 0.00165677 0.8437499 -0.4375 0.008140981 0.8124999 -0.28125 0.008140981 0.8124999 -0.34375 0.008140981 0.7812499 -0.3125 0.00165677 0.8437499 -0.3125 0.008140981 -0.3125 -0.15625 0.00165677 -0.3125 -0.21875 0.00165677 -0.34375 -0.1875 0.00165677 -0.28125 -0.1875 0.008140981 -0.4375 -0.15625 0.008140981 -0.4375 -0.21875 0.008140981 -0.46875 -0.1875 0.00165677 -0.40625 -0.1875 0.00165677 -0.4375 -0.03125 0.008140981 -0.4375 -0.09374994 0.008140981 -0.46875 -0.06249994 0.00165677 -0.40625 -0.06249994 0.008140981 -0.3125 -0.40625 0.00165677 -0.3125 -0.46875 0.00165677 -0.34375 -0.4375 0.008140981 -0.28125 -0.4375 0.008140981 -0.4375 -0.40625 0.00165677 -0.4375 -0.46875 0.00165677 -0.46875 -0.4375 0.00165677 -0.40625 -0.4375 0.00165677 -0.4375 -0.28125 0.00165677 -0.4375 -0.34375 0.00165677 -0.46875 -0.3125 0.008140981 -0.40625 -0.3125 0.00165677 -0.06249994 -0.40625 0.008140981 -0.06249994 -0.46875 0.008140981 -0.09374994 -0.4375 0.00165677 -0.03125 -0.4375 0.00165677 -0.1875 -0.40625 0.00165677 -0.1875 -0.46875 0.00165677 -0.21875 -0.4375 0.00165677 -0.15625 -0.4375 0.00165677 -0.1875 -0.28125 0.008140981 -0.1875 -0.34375 0.00165677 -0.21875 -0.3125 0.00165677 -0.15625 -0.3125 0.00165677 -0.3125 0.8437499 0.008140981 -0.3125 0.7812499 0.00165677 -0.34375 0.8124999 0.008140981 -0.28125 0.8124999 0.00165677 -0.4375 0.8437499 0.00165677 -0.4375 0.7812499 0.008140981 -0.46875 0.8124999 0.008140981 -0.40625 0.8124999 0.008140981 -0.4375 0.9687499 0.00165677 -0.4375 0.9062499 0.008140981 -0.46875 0.9374999 0.00165677 -0.40625 0.9374999 0.008140981 -0.3125 0.5937499 0.008140981 -0.3125 0.5312499 0.00165677 -0.34375 0.5624999 0.008140981 -0.28125 0.5624999 0.00165677 -0.4375 0.5937499 0.00165677 -0.4375 0.5312499 0.00165677 -0.46875 0.5624999 0.008140981 -0.40625 0.5624999 0.008140981 -0.4375 0.7187499 0.008140981 -0.4375 0.6562499 0.00165677 -0.46875 0.6874999 0.008140981 -0.40625 0.6874999 0.008140981 -0.06249994 0.5937499 0.00165677 -0.06249994 0.5312499 0.00165677 -0.09374994 0.5624999 0.00165677 -0.03125 0.5624999 0.00165677 -0.1875 0.5937499 0.00165677 -0.1875 0.5312499 0.00165677 -0.21875 0.5624999 0.00165677 -0.15625 0.5624999 0.00165677 -0.1875 0.7187499 0.008140981 -0.1875 0.6562499 0.00165677 -0.21875 0.6874999 0.00165677 -0.15625 0.6874999 0.00165677 0.6874999 0.8437499 0.00165677 0.6874999 0.7812499 0.00165677 0.6562499 0.8124999 0.00165677 0.7187499 0.8124999 0.00165677 0.5624999 0.8437499 0.008140981 0.5624999 0.7812499 0.00165677 0.5312499 0.8124999 0.008140981 0.5937499 0.8124999 0.00165677 0.5624999 0.9687499 0.008140981 0.5624999 0.9062499 0.00165677 0.5312499 0.9374999 0.00165677 0.5937499 0.9374999 0.008140981 0.6874999 0.5937499 0.00165677 0.6874999 0.5312499 0.008140981 0.6562499 0.5624999 0.00165677 0.7187499 0.5624999 0.008140981 0.5624999 0.5937499 0.00165677 0.5624999 0.5312499 0.00165677 0.5312499 0.5624999 0.00165677 0.5937499 0.5624999 0.00165677 0.5624999 0.7187499 0.00165677 0.5624999 0.6562499 0.008140981 0.5312499 0.6874999 0.008140981 0.5937499 0.6874999 0.008140981 0.9374999 0.5937499 0.008140981 0.9374999 0.5312499 0.00165677 0.9062499 0.5624999 0.00165677 0.9687499 0.5624999 0.00165677 0.8124999 0.5937499 0.00165677 0.8124999 0.5312499 0.00165677 0.7812499 0.5624999 0.00165677 0.8437499 0.5624999 0.00165677 0.8124999 0.7187499 0.00165677 0.8124999 0.6562499 0.00165677 0.7812499 0.6874999 0.008140981 0.8437499 0.6874999 0.00165677 0.9374999 0.7187499 0.008140981 0.9374999 0.6562499 0.00165677 0.9062499 0.6874999 0.00165677 0.9687499 0.6874999 0.00165677 0.6874999 0.7187499 0.00165677 0.6874999 0.6562499 0.008140981 0.6562499 0.6874999 0.008140981 0.7187499 0.6874999 0.00165677 0.6874999 0.9687499 0.00165677 0.6874999 0.9062499 0.00165677 0.6562499 0.9374999 0.00165677 0.7187499 0.9374999 0.00165677 -0.06249994 0.7187499 0.008140981 -0.06249994 0.6562499 0.008140981 -0.09374994 0.6874999 0.008140981 -0.03125 0.6874999 0.008140981 -0.3125 0.7187499 0.00165677 -0.3125 0.6562499 0.008140981 -0.34375 0.6874999 0.00165677 -0.28125 0.6874999 0.00165677 -0.3125 0.9687499 0.00165677 -0.3125 0.9062499 0.008140981 -0.34375 0.9374999 0.00165677 -0.28125 0.9374999 0.00165677 -0.06249994 -0.28125 0.008140981 -0.06249994 -0.34375 0.008140981 -0.09374994 -0.3125 0.00165677 -0.03125 -0.3125 0.00165677 -0.3125 -0.28125 0.00165677 -0.3125 -0.34375 0.00165677 -0.34375 -0.3125 0.00165677 -0.28125 -0.3125 0.00165677 -0.3125 -0.03125 0.00165677 -0.3125 -0.09374994 0.00165677 -0.34375 -0.06249994 0.00165677 -0.28125 -0.06249994 0.008140981 0.9374999 -0.28125 0.008140981 0.9374999 -0.34375 0.00165677 0.9062499 -0.3125 0.008140981 0.9687499 -0.3125 0.00165677 0.6874999 -0.28125 0.008140981 0.6874999 -0.34375 0.008140981 0.6562499 -0.3125 0.008140981 0.7187499 -0.3125 0.00165677 0.6874999 -0.03125 0.008140981 0.6874999 -0.09374994 0.00165677 0.6562499 -0.06249994 0.00165677 0.7187499 -0.06249994 0.008140981 0.4375 -0.28125 0.00165677 0.4375 -0.34375 0.008140981 0.40625 -0.3125 0.00165677 0.46875 -0.3125 0.00165677 0.1875 -0.28125 0.00165677 0.1875 -0.34375 0.00165677 0.15625 -0.3125 0.00165677 0.21875 -0.3125 0.00165677 0.1875 -0.03125 0.008140981 0.1875 -0.09374994 0.00165677 0.15625 -0.06249994 0.008140981 0.21875 -0.06249994 0.00165677 0.4375 -0.7812499 0.00165677 0.4375 -0.8437499 0.00165677 0.40625 -0.8124999 0.008140981 0.46875 -0.8124999 0.00165677 0.1875 -0.7812499 0.00165677 0.1875 -0.8437499 0.00165677 0.15625 -0.8124999 0.00165677 0.21875 -0.8124999 0.00165677 0.1875 -0.5312499 0.00165677 0.1875 -0.5937499 0.008140981 0.15625 -0.5624999 0.00165677 0.21875 -0.5624999 0.008140981 0.9374999 -0.7812499 0.00165677 0.9374999 -0.8437499 0.00165677 0.9062499 -0.8124999 0.008140981 0.9687499 -0.8124999 0.00165677 0.6874999 -0.7812499 0.00165677 0.6874999 -0.8437499 0.008140981 0.6562499 -0.8124999 0.008140981 0.7187499 -0.8124999 0.00165677 0.6874999 -0.5312499 0.00165677 0.6874999 -0.5937499 0.008140981 0.6562499 -0.5624999 0.008140981 0.7187499 -0.5624999 0.00165677 -0.5624999 -0.28125 0.008140981 -0.5624999 -0.34375 0.00165677 -0.5937499 -0.3125 0.00165677 -0.5312499 -0.3125 0.008140981 -0.8124999 -0.28125 0.00165677 -0.8124999 -0.34375 0.00165677 -0.8437499 -0.3125 0.00165677 -0.7812499 -0.3125 0.00165677 -0.8124999 -0.03125 0.008140981 -0.8124999 -0.09374994 0.008140981 -0.8437499 -0.06249994 0.008140981 -0.7812499 -0.06249994 0.00165677 -0.5624999 -0.7812499 0.00165677 -0.5624999 -0.8437499 0.00165677 -0.5937499 -0.8124999 0.008140981 -0.5312499 -0.8124999 0.00165677 -0.8124999 -0.7812499 0.008140981 -0.8124999 -0.8437499 0.00165677 -0.8437499 -0.8124999 0.00165677 -0.7812499 -0.8124999 0.008140981 -0.8124999 -0.5312499 0.00165677 -0.8124999 -0.5937499 0.008140981 -0.8437499 -0.5624999 0.00165677 -0.7812499 -0.5624999 0.008140981 -0.06249994 -0.7812499 0.00165677 -0.06249994 -0.8437499 0.008140981 -0.09374994 -0.8124999 0.008140981 -0.03125 -0.8124999 0.008140981 -0.3125 -0.7812499 0.008140981 -0.3125 -0.8437499 0.00165677 -0.34375 -0.8124999 0.00165677 -0.28125 -0.8124999 0.008140981 -0.3125 -0.5312499 0.008140981 -0.3125 -0.5937499 0.00165677 -0.34375 -0.5624999 0.008140981 -0.28125 -0.5624999 0.008140981 -0.5624999 0.7187499 0.00165677 -0.5624999 0.6562499 0.00165677 -0.5937499 0.6874999 0.008140981 -0.5312499 0.6874999 0.008140981 -0.8124999 0.7187499 0.00165677 -0.8124999 0.6562499 0.008140981 -0.8437499 0.6874999 0.00165677 -0.7812499 0.6874999 0.00165677 -0.8124999 0.9687499 0.00165677 -0.8124999 0.9062499 0.00165677 -0.8437499 0.9374999 0.00165677 -0.7812499 0.9374999 0.00165677 -0.5624999 0.21875 0.00165677 -0.5624999 0.15625 0.008140981 -0.5937499 0.1875 0.00165677 -0.5312499 0.1875 0.00165677 -0.8124999 0.21875 0.00165677 -0.8124999 0.15625 0.00165677 -0.8437499 0.1875 0.008140981 -0.7812499 0.1875 0.008140981 -0.8124999 0.46875 0.008140981 -0.8124999 0.40625 0.00165677 -0.8437499 0.4375 0.008140981 -0.7812499 0.4375 0.008140981 -0.06249994 0.21875 0.00165677 -0.06249994 0.15625 0.00165677 -0.09374994 0.1875 0.00165677 -0.03125 0.1875 0.00165677 -0.3125 0.21875 0.008140981 -0.3125 0.15625 0.008140981 -0.34375 0.1875 0.008140981 -0.28125 0.1875 0.008140981 -0.3125 0.46875 0.008140981 -0.3125 0.40625 0.00165677 -0.34375 0.4375 0.00165677 -0.28125 0.4375 0.008140981 0.4375 0.7187499 0.00165677 0.4375 0.6562499 0.00165677 0.40625 0.6874999 0.008140981 0.46875 0.6874999 0.00165677 0.1875 0.7187499 0.008140981 0.1875 0.6562499 0.008140981 0.15625 0.6874999 0.00165677 0.21875 0.6874999 0.00165677 0.1875 0.9687499 0.008140981 0.1875 0.9062499 0.00165677 0.15625 0.9374999 0.008140981 0.21875 0.9374999 0.00165677 0.4375 0.21875 0.008140981 0.4375 0.15625 0.008140981 0.40625 0.1875 0.008140981 0.46875 0.1875 0.008140981 0.1875 0.21875 0.008140981 0.1875 0.15625 0.008140981 0.15625 0.1875 0.008140981 0.21875 0.1875 0.00165677 0.1875 0.46875 0.00165677 0.1875 0.40625 0.00165677 0.15625 0.4375 0.00165677 0.21875 0.4375 0.00165677 0.9374999 0.21875 0.00165677 0.9374999 0.15625 0.00165677 0.9062499 0.1875 0.00165677 0.9687499 0.1875 0.00165677 0.6874999 0.21875 0.00165677 0.6874999 0.15625 0.008140981 0.6562499 0.1875 0.00165677 0.7187499 0.1875 0.00165677 0.6874999 0.46875 0.00165677 0.6874999 0.40625 0.00165677 0.6562499 0.4375 0.00165677 0.7187499 0.4375 0.00165677 0.9374999 0.46875 0.00165677 0.9374999 0.40625 0.00165677 0.9062499 0.4375 0.00165677 0.9687499 0.4375 0.008140981 0.4375 0.46875 0.00165677 0.4375 0.40625 0.00165677 0.40625 0.4375 0.00165677 0.46875 0.4375 0.008140981 0.4375 0.9687499 0.00165677 0.4375 0.9062499 0.00165677 0.40625 0.9374999 0.00165677 0.46875 0.9374999 0.008140981 -0.06249994 0.46875 0.008140981 -0.06249994 0.40625 0.008140981 -0.09374994 0.4375 0.008140981 -0.03125 0.4375 0.00165677 -0.5624999 0.46875 0.00165677 -0.5624999 0.40625 0.00165677 -0.5937499 0.4375 0.00165677 -0.5312499 0.4375 0.00165677 -0.5624999 0.9687499 0.008140981 -0.5624999 0.9062499 0.00165677 -0.5937499 0.9374999 0.00165677 -0.5312499 0.9374999 0.008140981 -0.06249994 -0.5312499 0.00165677 -0.06249994 -0.5937499 0.00165677 -0.09374994 -0.5624999 0.00165677 -0.03125 -0.5624999 0.00165677 -0.5624999 -0.5312499 0.00165677 -0.5624999 -0.5937499 0.008140981 -0.5937499 -0.5624999 0.00165677 -0.5312499 -0.5624999 0.00165677 -0.5624999 -0.03125 0.00165677 -0.5624999 -0.09374994 0.00165677 -0.5937499 -0.06249994 0.00165677 -0.5312499 -0.06249994 0.00165677 0.9374999 -0.5312499 0.00165677 0.9374999 -0.5937499 0.00165677 0.9062499 -0.5624999 0.00165677 0.9687499 -0.5624999 0.008140981 0.4375 -0.5312499 0.00165677 0.4375 -0.5937499 0.00165677 0.40625 -0.5624999 0.008140981 0.46875 -0.5624999 0.00165677 0.4375 -0.03125 0.008140981 0.4375 -0.09374994 0.008140981 0.40625 -0.06249994 0.008140981 0.46875 -0.06249994 0.008140981 0.9374999 -0.03125 0.00165677 0.9374999 -0.09374994 0.00165677 0.9062499 -0.06249994 0.00165677 0.9687499 -0.06249994 0.00165677 -0.06249994 -0.03125 0.008140981 -0.06249994 -0.09374994 0.008140981 -0.09374994 -0.06249994 0.008140981 -0.03125 -0.06249994 0.00165677 -0.06249994 0.9687499 0.00165677 -0.06249994 0.9062499 0.008140981 -0.09374994 0.9374999 0.008140981 -0.03125 0.9374999 0.00165677 0.9374999 0.9687499 0.00165677 0.9374999 0.9062499 0.00165677 0.9062499 0.9374999 0.00165677 0.9687499 0.9374999 0.00165677 0.9687499 0.9062499 0.00165677 0.9062499 0.9062499 0.008140981 0.9062499 0.9687499 0.008140981 -0.03125 0.9062499 0.00165677 -0.09374994 0.9062499 0.008140981 -0.09374994 0.9687499 0.00165677 -0.03125 -0.09374994 0.00165677 -0.09374994 -0.09374994 0.008140981 -0.09374994 -0.03125 0.008140981 0.9687499 -0.09374994 0.00165677 0.9062499 -0.09374994 0.00165677 0.9062499 -0.03125 0.00165677 0.46875 -0.09374994 0.008140981 0.40625 -0.09374994 0.00165677 0.40625 -0.03125 0.00165677 0.46875 -0.5937499 0.00165677 0.40625 -0.5937499 0.00165677 0.40625 -0.5312499 0.008140981 0.9687499 -0.5937499 0.008140981 0.9062499 -0.5937499 0.00165677 0.9062499 -0.5312499 0.00165677 -0.5312499 -0.09374994 0.00165677 -0.5937499 -0.09374994 0.008140981 -0.5937499 -0.03125 0.00165677 -0.5312499 -0.5937499 0.008140981 -0.5937499 -0.5937499 0.00165677 -0.5937499 -0.5312499 0.008140981 -0.03125 -0.5937499 0.00165677 -0.09374994 -0.5937499 0.00165677 -0.09374994 -0.5312499 0.00165677 -0.5312499 0.9062499 0.008140981 -0.5937499 0.9062499 0.00165677 -0.5937499 0.9687499 0.008140981 -0.5312499 0.40625 0.00165677 -0.5937499 0.40625 0.008140981 -0.5937499 0.46875 0.00165677 -0.03125 0.40625 0.008140981 -0.09374994 0.40625 0.008140981 -0.09374994 0.46875 0.008140981 0.46875 0.9062499 0.00165677 0.40625 0.9062499 0.00165677 0.40625 0.9687499 0.00165677 0.46875 0.40625 0.00165677 0.40625 0.40625 0.00165677 0.40625 0.46875 0.00165677 0.9687499 0.40625 0.008140981 0.9062499 0.40625 0.00165677 0.9062499 0.46875 0.008140981 0.7187499 0.40625 0.008140981 0.6562499 0.40625 0.008140981 0.6562499 0.46875 0.00165677 0.7187499 0.15625 0.008140981 0.6562499 0.15625 0.00165677 0.6562499 0.21875 0.008140981 0.9687499 0.15625 0.00165677 0.9062499 0.15625 0.00165677 0.9062499 0.21875 0.00165677 0.21875 0.40625 0.00165677 0.15625 0.40625 0.008140981 0.15625 0.46875 0.00165677 0.21875 0.15625 0.00165677 0.15625 0.15625 0.008140981 0.15625 0.21875 0.008140981 0.46875 0.15625 0.00165677 0.40625 0.15625 0.008140981 0.40625 0.21875 0.00165677 0.21875 0.9062499 0.00165677 0.15625 0.9062499 0.00165677 0.15625 0.9687499 0.008140981 0.21875 0.6562499 0.008140981 0.15625 0.6562499 0.008140981 0.15625 0.7187499 0.00165677 0.46875 0.6562499 0.00165677 0.40625 0.6562499 0.008140981 0.40625 0.7187499 0.008140981 -0.28125 0.40625 0.00165677 -0.34375 0.40625 0.00165677 -0.34375 0.46875 0.00165677 -0.28125 0.15625 0.008140981 -0.34375 0.15625 0.00165677 -0.34375 0.21875 0.00165677 -0.03125 0.15625 0.00165677 -0.09374994 0.15625 0.00165677 -0.09374994 0.21875 0.00165677 -0.7812499 0.40625 0.008140981 -0.8437499 0.40625 0.008140981 -0.8437499 0.46875 0.008140981 -0.7812499 0.15625 0.008140981 -0.8437499 0.15625 0.00165677 -0.8437499 0.21875 0.008140981 -0.5312499 0.15625 0.008140981 -0.5937499 0.15625 0.008140981 -0.5937499 0.21875 0.00165677 -0.7812499 0.9062499 0.00165677 -0.8437499 0.9062499 0.008140981 -0.8437499 0.9687499 0.00165677 -0.7812499 0.6562499 0.008140981 -0.8437499 0.6562499 0.008140981 -0.8437499 0.7187499 0.00165677 -0.5312499 0.6562499 0.00165677 -0.5937499 0.6562499 0.00165677 -0.5937499 0.7187499 0.00165677 -0.28125 -0.5937499 0.00165677 -0.34375 -0.5937499 0.00165677 -0.34375 -0.5312499 0.008140981 -0.28125 -0.8437499 0.00165677 -0.34375 -0.8437499 0.008140981 -0.34375 -0.7812499 0.00165677 -0.03125 -0.8437499 0.008140981 -0.09374994 -0.8437499 0.008140981 -0.09374994 -0.7812499 0.008140981 -0.7812499 -0.5937499 0.008140981 -0.8437499 -0.5937499 0.00165677 -0.8437499 -0.5312499 0.00165677 -0.7812499 -0.8437499 0.008140981 -0.8437499 -0.8437499 0.00165677 -0.8437499 -0.7812499 0.008140981 -0.5312499 -0.8437499 0.00165677 -0.5937499 -0.8437499 0.008140981 -0.5937499 -0.7812499 0.008140981 -0.7812499 -0.09374994 0.00165677 -0.8437499 -0.09374994 0.008140981 -0.8437499 -0.03125 0.008140981 -0.7812499 -0.34375 0.00165677 -0.8437499 -0.34375 0.00165677 -0.8437499 -0.28125 0.00165677 -0.5312499 -0.34375 0.008140981 -0.5937499 -0.34375 0.00165677 -0.5937499 -0.28125 0.00165677 0.7187499 -0.5937499 0.008140981 0.6562499 -0.5937499 0.00165677 0.6562499 -0.5312499 0.00165677 0.7187499 -0.8437499 0.008140981 0.6562499 -0.8437499 0.008140981 0.6562499 -0.7812499 0.00165677 0.9687499 -0.8437499 0.00165677 0.9062499 -0.8437499 0.00165677 0.9062499 -0.7812499 0.00165677 0.21875 -0.5937499 0.00165677 0.15625 -0.5937499 0.008140981 0.15625 -0.5312499 0.00165677 0.21875 -0.8437499 0.00165677 0.15625 -0.8437499 0.008140981 0.15625 -0.7812499 0.00165677 0.46875 -0.8437499 0.00165677 0.40625 -0.8437499 0.008140981 0.40625 -0.7812499 0.00165677 0.21875 -0.09374994 0.00165677 0.15625 -0.09374994 0.008140981 0.15625 -0.03125 0.008140981 0.21875 -0.34375 0.00165677 0.15625 -0.34375 0.00165677 0.15625 -0.28125 0.008140981 0.46875 -0.34375 0.00165677 0.40625 -0.34375 0.00165677 0.40625 -0.28125 0.00165677 0.7187499 -0.09374994 0.00165677 0.6562499 -0.09374994 0.008140981 0.6562499 -0.03125 0.008140981 0.7187499 -0.34375 0.008140981 0.6562499 -0.34375 0.008140981 0.6562499 -0.28125 0.00165677 0.9687499 -0.34375 0.00165677 0.9062499 -0.34375 0.00165677 0.9062499 -0.28125 0.008140981 -0.28125 -0.09374994 0.008140981 -0.34375 -0.09374994 0.00165677 -0.34375 -0.03125 0.008140981 -0.28125 -0.34375 0.008140981 -0.34375 -0.34375 0.00165677 -0.34375 -0.28125 0.008140981 -0.03125 -0.34375 0.008140981 -0.09374994 -0.34375 0.00165677 -0.09374994 -0.28125 0.00165677 -0.28125 0.9062499 0.008140981 -0.34375 0.9062499 0.00165677 -0.34375 0.9687499 0.00165677 -0.28125 0.6562499 0.00165677 -0.34375 0.6562499 0.008140981 -0.34375 0.7187499 0.00165677 -0.03125 0.6562499 0.008140981 -0.09374994 0.6562499 0.00165677 -0.09374994 0.7187499 0.008140981 0.7187499 0.9062499 0.00165677 0.6562499 0.9062499 0.00165677 0.6562499 0.9687499 0.00165677 0.7187499 0.6562499 0.00165677 0.6562499 0.6562499 0.00165677 0.6562499 0.7187499 0.008140981 0.9687499 0.6562499 0.00165677 0.9062499 0.6562499 0.00165677 0.9062499 0.7187499 0.00165677 0.8437499 0.6562499 0.00165677 0.7812499 0.6562499 0.00165677 0.7812499 0.7187499 0.008140981 0.8437499 0.5312499 0.00165677 0.7812499 0.5312499 0.008140981 0.7812499 0.5937499 0.00165677 0.9687499 0.5312499 0.00165677 0.9062499 0.5312499 0.00165677 0.9062499 0.5937499 0.00165677 0.5937499 0.6562499 0.008140981 0.5312499 0.6562499 0.008140981 0.5312499 0.7187499 0.00165677 0.5937499 0.5312499 0.008140981 0.5312499 0.5312499 0.00165677 0.5312499 0.5937499 0.00165677 0.7187499 0.5312499 0.008140981 0.6562499 0.5312499 0.00165677 0.6562499 0.5937499 0.00165677 0.5937499 0.9062499 0.00165677 0.5312499 0.9062499 0.00165677 0.5312499 0.9687499 0.00165677 0.5937499 0.7812499 0.008140981 0.5312499 0.7812499 0.00165677 0.5312499 0.8437499 0.00165677 0.7187499 0.7812499 0.00165677 0.6562499 0.7812499 0.00165677 0.6562499 0.8437499 0.00165677 -0.15625 0.6562499 0.00165677 -0.21875 0.6562499 0.00165677 -0.21875 0.7187499 0.00165677 -0.15625 0.5312499 0.00165677 -0.21875 0.5312499 0.008140981 -0.21875 0.5937499 0.008140981 -0.03125 0.5312499 0.00165677 -0.09374994 0.5312499 0.00165677 -0.09374994 0.5937499 0.00165677 -0.40625 0.6562499 0.008140981 -0.46875 0.6562499 0.00165677 -0.46875 0.7187499 0.008140981 -0.40625 0.5312499 0.00165677 -0.46875 0.5312499 0.00165677 -0.46875 0.5937499 0.008140981 -0.28125 0.5312499 0.00165677 -0.34375 0.5312499 0.008140981 -0.34375 0.5937499 0.008140981 -0.40625 0.9062499 0.00165677 -0.46875 0.9062499 0.00165677 -0.46875 0.9687499 0.00165677 -0.40625 0.7812499 0.008140981 -0.46875 0.7812499 0.00165677 -0.46875 0.8437499 0.00165677 -0.28125 0.7812499 0.00165677 -0.34375 0.7812499 0.008140981 -0.34375 0.8437499 0.008140981 -0.15625 -0.34375 0.00165677 -0.21875 -0.34375 0.008140981 -0.21875 -0.28125 0.00165677 -0.15625 -0.46875 0.00165677 -0.21875 -0.46875 0.00165677 -0.21875 -0.40625 0.00165677 -0.03125 -0.46875 0.00165677 -0.09374994 -0.46875 0.008140981 -0.09374994 -0.40625 0.008140981 -0.40625 -0.34375 0.00165677 -0.46875 -0.34375 0.00165677 -0.46875 -0.28125 0.008140981 -0.40625 -0.46875 0.00165677 -0.46875 -0.46875 0.00165677 -0.46875 -0.40625 0.00165677 -0.28125 -0.46875 0.00165677 -0.34375 -0.46875 0.008140981 -0.34375 -0.40625 0.008140981 -0.40625 -0.09374994 0.00165677 -0.46875 -0.09374994 0.00165677 -0.46875 -0.03125 0.00165677 -0.40625 -0.21875 0.008140981 -0.46875 -0.21875 0.00165677 -0.46875 -0.15625 0.00165677 -0.28125 -0.21875 0.008140981 -0.34375 -0.21875 0.00165677 -0.34375 -0.15625 0.008140981 0.8437499 -0.34375 0.008140981 0.7812499 -0.34375 0.00165677 0.7812499 -0.28125 0.00165677 0.8437499 -0.46875 0.00165677 0.7812499 -0.46875 0.00165677 0.7812499 -0.40625 0.00165677 0.9687499 -0.46875 0.008140981 0.9062499 -0.46875 0.00165677 0.9062499 -0.40625 0.00165677 0.5937499 -0.34375 0.00165677 0.5312499 -0.34375 0.008140981 0.5312499 -0.28125 0.00165677 0.5937499 -0.46875 0.00165677 0.5312499 -0.46875 0.008140981 0.5312499 -0.40625 0.00165677 0.7187499 -0.46875 0.008140981 0.6562499 -0.46875 0.008140981 0.6562499 -0.40625 0.00165677 0.5937499 -0.09374994 0.008140981 0.5312499 -0.09374994 0.00165677 0.5312499 -0.03125 0.00165677 0.5937499 -0.21875 0.008140981 0.5312499 -0.21875 0.008140981 0.5312499 -0.15625 0.00165677 0.7187499 -0.21875 0.00165677 0.6562499 -0.21875 0.008140981 0.6562499 -0.15625 0.00165677 0.34375 -0.34375 0.008140981 0.28125 -0.34375 0.008140981 0.28125 -0.28125 0.00165677 0.34375 -0.46875 0.00165677 0.28125 -0.46875 0.008140981 0.28125 -0.40625 0.008140981 0.46875 -0.46875 0.00165677 0.40625 -0.46875 0.00165677 0.40625 -0.40625 0.008140981 0.09374994 -0.34375 0.008140981 0.03125 -0.34375 0.00165677 0.03125 -0.28125 0.00165677 0.09374994 -0.46875 0.00165677 0.03125 -0.46875 0.008140981 0.03125 -0.40625 0.008140981 0.21875 -0.46875 0.008140981 0.15625 -0.46875 0.008140981 0.15625 -0.40625 0.00165677 0.09374994 -0.09374994 0.00165677 0.03125 -0.09374994 0.00165677 0.03125 -0.03125 0.00165677 0.09374994 -0.21875 0.00165677 0.03125 -0.21875 0.008140981 0.03125 -0.15625 0.00165677 0.21875 -0.21875 0.008140981 0.15625 -0.21875 0.00165677 0.15625 -0.15625 0.00165677 0.34375 -0.8437499 0.00165677 0.28125 -0.8437499 0.008140981 0.28125 -0.7812499 0.008140981 0.34375 -0.9687499 0.008140981 0.28125 -0.9687499 0.008140981 0.28125 -0.9062499 0.00165677 0.46875 -0.9687499 0.00165677 0.40625 -0.9687499 0.00165677 0.40625 -0.9062499 0.008140981 0.09374994 -0.8437499 0.008140981 0.03125 -0.8437499 0.008140981 0.03125 -0.7812499 0.008140981 0.09374994 -0.9687499 0.00165677 0.03125 -0.9687499 0.00165677 0.03125 -0.9062499 0.008140981 0.21875 -0.9687499 0.00165677 0.15625 -0.9687499 0.00165677 0.15625 -0.9062499 0.00165677 0.09374994 -0.5937499 0.00165677 0.03125 -0.5937499 0.008140981 0.03125 -0.5312499 0.008140981 0.09374994 -0.7187499 0.00165677 0.03125 -0.7187499 0.008140981 0.03125 -0.6562499 0.00165677 0.21875 -0.7187499 0.00165677 0.15625 -0.7187499 0.008140981 0.15625 -0.6562499 0.00165677 0.8437499 -0.8437499 0.00165677 0.7812499 -0.8437499 0.00165677 0.7812499 -0.7812499 0.008140981 0.8437499 -0.9687499 0.00165677 0.7812499 -0.9687499 0.008140981 0.7812499 -0.9062499 0.008140981 0.9687499 -0.9687499 0.00165677 0.9062499 -0.9687499 0.00165677 0.9062499 -0.9062499 0.008140981 0.5937499 -0.8437499 0.00165677 0.5312499 -0.8437499 0.00165677 0.5312499 -0.7812499 0.00165677 0.5937499 -0.9687499 0.008140981 0.5312499 -0.9687499 0.00165677 0.5312499 -0.9062499 0.008140981 0.7187499 -0.9687499 0.00165677 0.6562499 -0.9687499 0.00165677 0.6562499 -0.9062499 0.008140981 0.5937499 -0.5937499 0.00165677 0.5312499 -0.5937499 0.008140981 0.5312499 -0.5312499 0.00165677 0.5937499 -0.7187499 0.00165677 0.5312499 -0.7187499 0.008140981 0.5312499 -0.6562499 0.008140981 0.7187499 -0.7187499 0.00165677 0.6562499 -0.7187499 0.008140981 0.6562499 -0.6562499 0.00165677 -0.6562499 -0.34375 0.008140981 -0.7187499 -0.34375 0.008140981 -0.7187499 -0.28125 0.008140981 -0.6562499 -0.46875 0.00165677 -0.7187499 -0.46875 0.008140981 -0.7187499 -0.40625 0.00165677 -0.5312499 -0.46875 0.008140981 -0.5937499 -0.46875 0.00165677 -0.5937499 -0.40625 0.00165677 -0.9062499 -0.34375 0.00165677 -0.9687499 -0.34375 0.00165677 -0.9687499 -0.28125 0.00165677 -0.9062499 -0.46875 0.008140981 -0.9687499 -0.46875 0.00165677 -0.9687499 -0.40625 0.00165677 -0.7812499 -0.46875 0.00165677 -0.8437499 -0.46875 0.008140981 -0.8437499 -0.40625 0.00165677 -0.9062499 -0.09374994 0.00165677 -0.9687499 -0.09374994 0.00165677 -0.9687499 -0.03125 0.00165677 -0.9062499 -0.21875 0.00165677 -0.9687499 -0.21875 0.00165677 -0.9687499 -0.15625 0.00165677 -0.7812499 -0.21875 0.00165677 -0.8437499 -0.21875 0.008140981 -0.8437499 -0.15625 0.008140981 -0.6562499 -0.8437499 0.00165677 -0.7187499 -0.8437499 0.00165677 -0.7187499 -0.7812499 0.008140981 -0.6562499 -0.9687499 0.008140981 -0.7187499 -0.9687499 0.00165677 -0.7187499 -0.9062499 0.00165677 -0.5312499 -0.9687499 0.00165677 -0.5937499 -0.9687499 0.00165677 -0.5937499 -0.9062499 0.008140981 -0.9062499 -0.8437499 0.00165677 -0.9687499 -0.8437499 0.00165677 -0.9687499 -0.7812499 0.008140981 -0.9062499 -0.9687499 0.00165677 -0.9687499 -0.9687499 0.00165677 -0.9687499 -0.9062499 0.00165677 -0.7812499 -0.9687499 0.008140981 -0.8437499 -0.9687499 0.00165677 -0.8437499 -0.9062499 0.008140981 -0.9062499 -0.5937499 0.008140981 -0.9687499 -0.5937499 0.008140981 -0.9687499 -0.5312499 0.00165677 -0.9062499 -0.7187499 0.00165677 -0.9687499 -0.7187499 0.00165677 -0.9687499 -0.6562499 0.00165677 -0.7812499 -0.7187499 0.00165677 -0.8437499 -0.7187499 0.00165677 -0.8437499 -0.6562499 0.00165677 -0.15625 -0.8437499 0.008140981 -0.21875 -0.8437499 0.00165677 -0.21875 -0.7812499 0.00165677 -0.15625 -0.9687499 0.008140981 -0.21875 -0.9687499 0.00165677 -0.21875 -0.9062499 0.008140981 -0.03125 -0.9687499 0.008140981 -0.09374994 -0.9687499 0.00165677 -0.09374994 -0.9062499 0.00165677 -0.40625 -0.8437499 0.00165677 -0.46875 -0.8437499 0.00165677 -0.46875 -0.7812499 0.00165677 -0.40625 -0.9687499 0.008140981 -0.46875 -0.9687499 0.00165677 -0.46875 -0.9062499 0.00165677 -0.28125 -0.9687499 0.00165677 -0.34375 -0.9687499 0.00165677 -0.34375 -0.9062499 0.00165677 -0.40625 -0.5937499 0.008140981 -0.46875 -0.5937499 0.00165677 -0.46875 -0.5312499 0.00165677 -0.40625 -0.7187499 0.00165677 -0.46875 -0.7187499 0.00165677 -0.46875 -0.6562499 0.00165677 -0.28125 -0.7187499 0.00165677 -0.34375 -0.7187499 0.008140981 -0.34375 -0.6562499 0.00165677 -0.6562499 0.6562499 0.008140981 -0.7187499 0.6562499 0.008140981 -0.7187499 0.7187499 0.008140981 -0.6562499 0.5312499 0.00165677 -0.7187499 0.5312499 0.00165677 -0.7187499 0.5937499 0.00165677 -0.5312499 0.5312499 0.00165677 -0.5937499 0.5312499 0.008140981 -0.5937499 0.5937499 0.008140981 -0.9062499 0.6562499 0.00165677 -0.9687499 0.6562499 0.00165677 -0.9687499 0.7187499 0.008140981 -0.9062499 0.5312499 0.008140981 -0.9687499 0.5312499 0.008140981 -0.9687499 0.5937499 0.00165677 -0.7812499 0.5312499 0.00165677 -0.8437499 0.5312499 0.00165677 -0.8437499 0.5937499 0.00165677 -0.9062499 0.9062499 0.00165677 -0.9687499 0.9062499 0.00165677 -0.9687499 0.9687499 0.008140981 -0.9062499 0.7812499 0.00165677 -0.9687499 0.7812499 0.008140981 -0.9687499 0.8437499 0.008140981 -0.7812499 0.7812499 0.00165677 -0.8437499 0.7812499 0.008140981 -0.8437499 0.8437499 0.00165677 -0.6562499 0.15625 0.008140981 -0.7187499 0.15625 0.008140981 -0.7187499 0.21875 0.008140981 -0.6562499 0.03125 0.00165677 -0.7187499 0.03125 0.00165677 -0.7187499 0.09374994 0.00165677 -0.5312499 0.03125 0.00165677 -0.5937499 0.03125 0.008140981 -0.5937499 0.09374994 0.00165677 -0.9062499 0.15625 0.00165677 -0.9687499 0.15625 0.00165677 -0.9687499 0.21875 0.008140981 -0.9062499 0.03125 0.008140981 -0.9687499 0.03125 0.00165677 -0.9687499 0.09374994 0.008140981 -0.7812499 0.03125 0.008140981 -0.8437499 0.03125 0.00165677 -0.8437499 0.09374994 0.00165677 -0.9062499 0.40625 0.00165677 -0.9687499 0.40625 0.00165677 -0.9687499 0.46875 0.00165677 -0.9062499 0.28125 0.008140981 -0.9687499 0.28125 0.00165677 -0.9687499 0.34375 0.008140981 -0.7812499 0.28125 0.00165677 -0.8437499 0.28125 0.008140981 -0.8437499 0.34375 0.00165677 -0.15625 0.15625 0.008140981 -0.21875 0.15625 0.008140981 -0.21875 0.21875 0.00165677 -0.15625 0.03125 0.00165677 -0.21875 0.03125 0.00165677 -0.21875 0.09374994 0.00165677 -0.03125 0.03125 0.00165677 -0.09374994 0.03125 0.00165677 -0.09374994 0.09374994 0.00165677 -0.40625 0.15625 0.008140981 -0.46875 0.15625 0.00165677 -0.46875 0.21875 0.008140981 -0.40625 0.03125 0.008140981 -0.46875 0.03125 0.00165677 -0.46875 0.09374994 0.00165677 -0.28125 0.03125 0.00165677 -0.34375 0.03125 0.00165677 -0.34375 0.09374994 0.008140981 -0.40625 0.40625 0.008140981 -0.46875 0.40625 0.00165677 -0.46875 0.46875 0.008140981 -0.40625 0.28125 0.00165677 -0.46875 0.28125 0.00165677 -0.46875 0.34375 0.008140981 -0.28125 0.28125 0.008140981 -0.34375 0.28125 0.00165677 -0.34375 0.34375 0.008140981 0.34375 0.6562499 0.00165677 0.28125 0.6562499 0.00165677 0.28125 0.7187499 0.00165677 0.34375 0.5312499 0.00165677 0.28125 0.5312499 0.00165677 0.28125 0.5937499 0.008140981 0.46875 0.5312499 0.00165677 0.40625 0.5312499 0.008140981 0.40625 0.5937499 0.00165677 0.09374994 0.6562499 0.008140981 0.03125 0.6562499 0.008140981 0.03125 0.7187499 0.008140981 0.09374994 0.5312499 0.00165677 0.03125 0.5312499 0.00165677 0.03125 0.5937499 0.00165677 0.21875 0.5312499 0.00165677 0.15625 0.5312499 0.008140981 0.15625 0.5937499 0.00165677 0.09374994 0.9062499 0.008140981 0.03125 0.9062499 0.00165677 0.03125 0.9687499 0.008140981 0.09374994 0.7812499 0.008140981 0.03125 0.7812499 0.00165677 0.03125 0.8437499 0.008140981 0.21875 0.7812499 0.008140981 0.15625 0.7812499 0.008140981 0.15625 0.8437499 0.008140981 0.34375 0.15625 0.00165677 0.28125 0.15625 0.00165677 0.28125 0.21875 0.008140981 0.34375 0.03125 0.00165677 0.28125 0.03125 0.008140981 0.28125 0.09374994 0.008140981 0.46875 0.03125 0.00165677 0.40625 0.03125 0.00165677 0.40625 0.09374994 0.00165677 0.09374994 0.15625 0.00165677 0.03125 0.15625 0.00165677 0.03125 0.21875 0.00165677 0.09374994 0.03125 0.008140981 0.03125 0.03125 0.00165677 0.03125 0.09374994 0.00165677 0.21875 0.03125 0.00165677 0.15625 0.03125 0.008140981 0.15625 0.09374994 0.00165677 0.09374994 0.40625 0.00165677 0.03125 0.40625 0.00165677 0.03125 0.46875 0.008140981 0.09374994 0.28125 0.008140981 0.03125 0.28125 0.00165677 0.03125 0.34375 0.008140981 0.21875 0.28125 0.008140981 0.15625 0.28125 0.008140981 0.15625 0.34375 0.00165677 0.8437499 0.15625 0.008140981 0.7812499 0.15625 0.008140981 0.7812499 0.21875 0.00165677 0.8437499 0.03125 0.008140981 0.7812499 0.03125 0.008140981 0.7812499 0.09374994 0.00165677 0.9687499 0.03125 0.008140981 0.9062499 0.03125 0.00165677 0.9062499 0.09374994 0.00165677 0.5937499 0.15625 0.00165677 0.5312499 0.15625 0.00165677 0.5312499 0.21875 0.008140981 0.5937499 0.03125 0.008140981 0.5312499 0.03125 0.008140981 0.5312499 0.09374994 0.008140981 0.7187499 0.03125 0.008140981 0.6562499 0.03125 0.008140981 0.6562499 0.09374994 0.00165677 0.5937499 0.40625 0.008140981 0.5312499 0.40625 0.00165677 0.5312499 0.46875 0.008140981 0.5937499 0.28125 0.008140981 0.5312499 0.28125 0.008140981 0.5312499 0.34375 0.00165677 0.7187499 0.28125 0.00165677 0.6562499 0.28125 0.00165677 0.6562499 0.34375 0.00165677 0.8437499 0.40625 0.00165677 0.7812499 0.40625 0.00165677 0.7812499 0.46875 0.00165677 0.8437499 0.28125 0.00165677 0.7812499 0.28125 0.008140981 0.7812499 0.34375 0.008140981 0.9687499 0.28125 0.00165677 0.9062499 0.28125 0.00165677 0.9062499 0.34375 0.008140981 0.34375 0.40625 0.00165677 0.28125 0.40625 0.008140981 0.28125 0.46875 0.00165677 0.34375 0.28125 0.008140981 0.28125 0.28125 0.00165677 0.28125 0.34375 0.00165677 0.46875 0.28125 0.00165677 0.40625 0.28125 0.00165677 0.40625 0.34375 0.008140981 0.34375 0.9062499 0.008140981 0.28125 0.9062499 0.00165677 0.28125 0.9687499 0.00165677 0.34375 0.7812499 0.00165677 0.28125 0.7812499 0.00165677 0.28125 0.8437499 0.008140981 0.46875 0.7812499 0.00165677 0.40625 0.7812499 0.00165677 0.40625 0.8437499 0.00165677 -0.15625 0.40625 0.008140981 -0.21875 0.40625 0.008140981 -0.21875 0.46875 0.008140981 -0.15625 0.28125 0.008140981 -0.21875 0.28125 0.00165677 -0.21875 0.34375 0.00165677 -0.03125 0.28125 0.00165677 -0.09374994 0.28125 0.008140981 -0.09374994 0.34375 0.008140981 -0.6562499 0.40625 0.00165677 -0.7187499 0.40625 0.008140981 -0.7187499 0.46875 0.008140981 -0.6562499 0.28125 0.00165677 -0.7187499 0.28125 0.008140981 -0.7187499 0.34375 0.008140981 -0.5312499 0.28125 0.008140981 -0.5937499 0.28125 0.00165677 -0.5937499 0.34375 0.00165677 -0.6562499 0.9062499 0.008140981 -0.7187499 0.9062499 0.00165677 -0.7187499 0.9687499 0.00165677 -0.6562499 0.7812499 0.008140981 -0.7187499 0.7812499 0.008140981 -0.7187499 0.8437499 0.008140981 -0.5312499 0.7812499 0.008140981 -0.5937499 0.7812499 0.008140981 -0.5937499 0.8437499 0.00165677 -0.15625 -0.5937499 0.00165677 -0.21875 -0.5937499 0.00165677 -0.21875 -0.5312499 0.00165677 -0.15625 -0.7187499 0.00165677 -0.21875 -0.7187499 0.00165677 -0.21875 -0.6562499 0.00165677 -0.03125 -0.7187499 0.008140981 -0.09374994 -0.7187499 0.00165677 -0.09374994 -0.6562499 0.00165677 -0.6562499 -0.5937499 0.00165677 -0.7187499 -0.5937499 0.00165677 -0.7187499 -0.5312499 0.008140981 -0.6562499 -0.7187499 0.008140981 -0.7187499 -0.7187499 0.008140981 -0.7187499 -0.6562499 0.00165677 -0.5312499 -0.7187499 0.008140981 -0.5937499 -0.7187499 0.00165677 -0.5937499 -0.6562499 0.00165677 -0.6562499 -0.09374994 0.00165677 -0.7187499 -0.09374994 0.00165677 -0.7187499 -0.03125 0.00165677 -0.6562499 -0.21875 0.00165677 -0.7187499 -0.21875 0.00165677 -0.7187499 -0.15625 0.00165677 -0.5312499 -0.21875 0.008140981 -0.5937499 -0.21875 0.00165677 -0.5937499 -0.15625 0.008140981 0.8437499 -0.5937499 0.00165677 0.7812499 -0.5937499 0.00165677 0.7812499 -0.5312499 0.008140981 0.8437499 -0.7187499 0.00165677 0.7812499 -0.7187499 0.008140981 0.7812499 -0.6562499 0.008140981 0.9687499 -0.7187499 0.00165677 0.9062499 -0.7187499 0.00165677 0.9062499 -0.6562499 0.00165677 0.34375 -0.5937499 0.00165677 0.28125 -0.5937499 0.008140981 0.28125 -0.5312499 0.00165677 0.34375 -0.7187499 0.008140981 0.28125 -0.7187499 0.00165677 0.28125 -0.6562499 0.00165677 0.46875 -0.7187499 0.00165677 0.40625 -0.7187499 0.008140981 0.40625 -0.6562499 0.00165677 0.34375 -0.09374994 0.00165677 0.28125 -0.09374994 0.008140981 0.28125 -0.03125 0.008140981 0.34375 -0.21875 0.008140981 0.28125 -0.21875 0.008140981 0.28125 -0.15625 0.00165677 0.46875 -0.21875 0.00165677 0.40625 -0.21875 0.008140981 0.40625 -0.15625 0.008140981 0.8437499 -0.09374994 0.008140981 0.7812499 -0.09374994 0.00165677 0.7812499 -0.03125 0.008140981 0.8437499 -0.21875 0.00165677 0.7812499 -0.21875 0.00165677 0.7812499 -0.15625 0.008140981 0.9687499 -0.21875 0.008140981 0.9062499 -0.21875 0.00165677 0.9062499 -0.15625 0.00165677 -0.15625 -0.09374994 0.00165677 -0.21875 -0.09374994 0.008140981 -0.21875 -0.03125 0.008140981 -0.15625 -0.21875 0.00165677 -0.21875 -0.21875 0.00165677 -0.21875 -0.15625 0.00165677 -0.03125 -0.21875 0.00165677 -0.09374994 -0.21875 0.00165677 -0.09374994 -0.15625 0.00165677 -0.15625 0.9062499 0.00165677 -0.21875 0.9062499 0.00165677 -0.21875 0.9687499 0.008140981 -0.15625 0.7812499 0.00165677 -0.21875 0.7812499 0.00165677 -0.21875 0.8437499 0.00165677 -0.03125 0.7812499 0.008140981 -0.09374994 0.7812499 0.00165677 -0.09374994 0.8437499 0.00165677 0.8437499 0.9062499 0.00165677 0.7812499 0.9062499 0.00165677 0.7812499 0.9687499 0.00165677 0.8437499 0.7812499 0.00165677 0.7812499 0.7812499 0.008140981 0.7812499 0.8437499 0.00165677 0.9687499 0.7812499 0.00165677 0.9062499 0.7812499 0.00165677 0.9062499 0.8437499 0.008140981 0.9687499 0.8437499 0.00165677 0.8437499 0.8437499 0.008140981 0.8437499 0.9687499 0.008140981 -0.03125 0.8437499 0.008140981 -0.15625 0.8437499 0.008140981 -0.15625 0.9687499 0.008140981 -0.03125 -0.15625 0.00165677 -0.15625 -0.15625 0.00165677 -0.15625 -0.03125 0.00165677 0.9687499 -0.15625 0.00165677 0.8437499 -0.15625 0.00165677 0.8437499 -0.03125 0.00165677 0.46875 -0.15625 0.00165677 0.34375 -0.15625 0.00165677 0.34375 -0.03125 0.008140981 0.46875 -0.6562499 0.00165677 0.34375 -0.6562499 0.008140981 0.34375 -0.5312499 0.00165677 0.9687499 -0.6562499 0.008140981 0.8437499 -0.6562499 0.00165677 0.8437499 -0.5312499 0.008140981 -0.5312499 -0.15625 0.008140981 -0.6562499 -0.15625 0.008140981 -0.6562499 -0.03125 0.00165677 -0.5312499 -0.6562499 0.00165677 -0.6562499 -0.6562499 0.008140981 -0.6562499 -0.5312499 0.008140981 -0.03125 -0.6562499 0.008140981 -0.15625 -0.6562499 0.00165677 -0.15625 -0.5312499 0.00165677 -0.5312499 0.8437499 0.00165677 -0.6562499 0.8437499 0.008140981 -0.6562499 0.9687499 0.008140981 -0.5312499 0.34375 0.00165677 -0.6562499 0.34375 0.008140981 -0.6562499 0.46875 0.00165677 -0.03125 0.34375 0.008140981 -0.15625 0.34375 0.008140981 -0.15625 0.46875 0.00165677 0.46875 0.8437499 0.008140981 0.34375 0.8437499 0.00165677 0.34375 0.9687499 0.008140981 0.46875 0.34375 0.00165677 0.34375 0.34375 0.008140981 0.34375 0.46875 0.00165677 0.9687499 0.34375 0.00165677 0.8437499 0.34375 0.008140981 0.8437499 0.46875 0.00165677 0.7187499 0.34375 0.00165677 0.5937499 0.34375 0.00165677 0.5937499 0.46875 0.00165677 0.7187499 0.09374994 0.00165677 0.5937499 0.09374994 0.008140981 0.5937499 0.21875 0.008140981 0.9687499 0.09374994 0.008140981 0.8437499 0.09374994 0.00165677 0.8437499 0.21875 0.00165677 0.21875 0.34375 0.00165677 0.09374994 0.34375 0.00165677 0.09374994 0.46875 0.00165677 0.21875 0.09374994 0.008140981 0.09374994 0.09374994 0.008140981 0.09374994 0.21875 0.00165677 0.46875 0.09374994 0.008140981 0.34375 0.09374994 0.008140981 0.34375 0.21875 0.008140981 0.21875 0.8437499 0.00165677 0.09374994 0.8437499 0.00165677 0.09374994 0.9687499 0.008140981 0.21875 0.5937499 0.008140981 0.09374994 0.5937499 0.008140981 0.09374994 0.7187499 0.008140981 0.46875 0.5937499 0.00165677 0.34375 0.5937499 0.00165677 0.34375 0.7187499 0.00165677 -0.28125 0.34375 0.008140981 -0.40625 0.34375 0.008140981 -0.40625 0.46875 0.00165677 -0.28125 0.09374994 0.00165677 -0.40625 0.09374994 0.00165677 -0.40625 0.21875 0.00165677 -0.03125 0.09374994 0.008140981 -0.15625 0.09374994 0.008140981 -0.15625 0.21875 0.008140981 -0.7812499 0.34375 0.00165677 -0.9062499 0.34375 0.008140981 -0.9062499 0.46875 0.008140981 -0.7812499 0.09374994 0.008140981 -0.9062499 0.09374994 0.00165677 -0.9062499 0.21875 0.00165677 -0.5312499 0.09374994 0.008140981 -0.6562499 0.09374994 0.00165677 -0.6562499 0.21875 0.00165677 -0.7812499 0.8437499 0.00165677 -0.9062499 0.8437499 0.00165677 -0.9062499 0.9687499 0.00165677 -0.7812499 0.5937499 0.00165677 -0.9062499 0.5937499 0.00165677 -0.9062499 0.7187499 0.00165677 -0.5312499 0.5937499 0.008140981 -0.6562499 0.5937499 0.008140981 -0.6562499 0.7187499 0.008140981 -0.28125 -0.6562499 0.00165677 -0.40625 -0.6562499 0.008140981 -0.40625 -0.5312499 0.00165677 -0.28125 -0.9062499 0.00165677 -0.40625 -0.9062499 0.00165677 -0.40625 -0.7812499 0.00165677 -0.03125 -0.9062499 0.008140981 -0.15625 -0.9062499 0.00165677 -0.15625 -0.7812499 0.00165677 -0.7812499 -0.6562499 0.00165677 -0.9062499 -0.6562499 0.008140981 -0.9062499 -0.5312499 0.008140981 -0.7812499 -0.9062499 0.00165677 -0.9062499 -0.9062499 0.00165677 -0.9062499 -0.7812499 0.00165677 -0.5312499 -0.9062499 0.00165677 -0.6562499 -0.9062499 0.008140981 -0.6562499 -0.7812499 0.00165677 -0.7812499 -0.15625 0.00165677 -0.9062499 -0.15625 0.00165677 -0.9062499 -0.03125 0.008140981 -0.7812499 -0.40625 0.00165677 -0.9062499 -0.40625 0.008140981 -0.9062499 -0.28125 0.00165677 -0.5312499 -0.40625 0.00165677 -0.6562499 -0.40625 0.00165677 -0.6562499 -0.28125 0.00165677 0.7187499 -0.6562499 0.00165677 0.5937499 -0.6562499 0.008140981 0.5937499 -0.5312499 0.00165677 0.7187499 -0.9062499 0.00165677 0.5937499 -0.9062499 0.00165677 0.5937499 -0.7812499 0.00165677 0.9687499 -0.9062499 0.00165677 0.8437499 -0.9062499 0.008140981 0.8437499 -0.7812499 0.008140981 0.21875 -0.6562499 0.008140981 0.09374994 -0.6562499 0.00165677 0.09374994 -0.5312499 0.00165677 0.21875 -0.9062499 0.00165677 0.09374994 -0.9062499 0.00165677 0.09374994 -0.7812499 0.008140981 0.46875 -0.9062499 0.00165677 0.34375 -0.9062499 0.008140981 0.34375 -0.7812499 0.008140981 0.21875 -0.15625 0.008140981 0.09374994 -0.15625 0.008140981 0.09374994 -0.03125 0.008140981 0.21875 -0.40625 0.00165677 0.09374994 -0.40625 0.00165677 0.09374994 -0.28125 0.00165677 0.46875 -0.40625 0.00165677 0.34375 -0.40625 0.00165677 0.34375 -0.28125 0.00165677 0.7187499 -0.15625 0.00165677 0.5937499 -0.15625 0.00165677 0.5937499 -0.03125 0.00165677 0.7187499 -0.40625 0.00165677 0.5937499 -0.40625 0.00165677 0.5937499 -0.28125 0.00165677 0.9687499 -0.40625 0.00165677 0.8437499 -0.40625 0.008140981 0.8437499 -0.28125 0.008140981 -0.28125 -0.15625 0.008140981 -0.40625 -0.15625 0.00165677 -0.40625 -0.03125 0.008140981 -0.28125 -0.40625 0.00165677 -0.40625 -0.40625 0.00165677 -0.40625 -0.28125 0.00165677 -0.03125 -0.40625 0.008140981 -0.15625 -0.40625 0.00165677 -0.15625 -0.28125 0.00165677 -0.28125 0.8437499 0.00165677 -0.40625 0.8437499 0.00165677 -0.40625 0.9687499 0.008140981 -0.28125 0.5937499 0.008140981 -0.40625 0.5937499 0.00165677 -0.40625 0.7187499 0.008140981 -0.03125 0.5937499 0.00165677 -0.15625 0.5937499 0.00165677 -0.15625 0.7187499 0.008140981 0.7187499 0.8437499 0.00165677 0.5937499 0.8437499 0.008140981 0.5937499 0.9687499 0.00165677 0.7187499 0.5937499 0.00165677 0.5937499 0.5937499 0.00165677 0.5937499 0.7187499 0.00165677 0.9687499 0.5937499 0.008140981 0.8437499 0.5937499 0.00165677 0.8437499 0.7187499 0.00165677 0.9687499 0.7187499 0.00165677 0.7187499 0.7187499 0.00165677 0.7187499 0.9687499 0.008140981 -0.03125 0.7187499 0.008140981 -0.28125 0.7187499 0.00165677 -0.28125 0.9687499 0.00165677 -0.03125 -0.28125 0.008140981 -0.28125 -0.28125 0.00165677 -0.28125 -0.03125 0.00165677 0.9687499 -0.28125 0.00165677 0.7187499 -0.28125 0.00165677 0.7187499 -0.03125 0.008140981 0.46875 -0.28125 0.00165677 0.21875 -0.28125 0.00165677 0.21875 -0.03125 0.008140981 0.46875 -0.7812499 0.00165677 0.21875 -0.7812499 0.008140981 0.21875 -0.5312499 0.008140981 0.9687499 -0.7812499 0.00165677 0.7187499 -0.7812499 0.00165677 0.7187499 -0.5312499 0.00165677 -0.5312499 -0.28125 0.008140981 -0.7812499 -0.28125 0.008140981 -0.7812499 -0.03125 0.00165677 -0.5312499 -0.7812499 0.00165677 -0.7812499 -0.7812499 0.00165677 -0.7812499 -0.5312499 0.00165677 -0.03125 -0.7812499 0.008140981 -0.28125 -0.7812499 0.00165677 -0.28125 -0.5312499 0.00165677 -0.5312499 0.7187499 0.008140981 -0.7812499 0.7187499 0.00165677 -0.7812499 0.9687499 0.00165677 -0.5312499 0.21875 0.008140981 -0.7812499 0.21875 0.00165677 -0.7812499 0.46875 0.00165677 -0.03125 0.21875 0.00165677 -0.28125 0.21875 0.008140981 -0.28125 0.46875 0.008140981 0.46875 0.7187499 0.00165677 0.21875 0.7187499 0.008140981 0.21875 0.9687499 0.00165677 0.46875 0.21875 0.008140981 0.21875 0.21875 0.00165677 0.21875 0.46875 0.00165677 0.9687499 0.21875 0.00165677 0.7187499 0.21875 0.00165677 0.7187499 0.46875 0.00165677 0.9687499 0.46875 0.00165677 0.46875 0.46875 0.00165677 0.46875 0.9687499 0.008140981 -0.03125 0.46875 0.00165677 -0.5312499 0.46875 0.00165677 -0.5312499 0.9687499 0.00165677 -0.03125 -0.5312499 0.00165677 -0.5312499 -0.5312499 0.00165677 -0.5312499 -0.03125 0.00165677 0.9687499 -0.5312499 0.008140981 0.46875 -0.5312499 0.008140981 0.46875 -0.03125 0.008140981 0.9687499 -0.03125 0.00165677 -0.03125 -0.03125 0.00165677 -0.03125 0.9687499 0.00165677 0.9687499 0.9687499 0.00165677</float_array>
          <technique_common>
            <accessor source="#Plane-mesh-positions-array" count="4225" stride="3">
              <param name="X" type="float"/>
              <param name="Y" type="float"/>
              <param name="Z" type="float"/>
            </accessor>
          </technique_common>
        </source>
        <source id="Plane-mesh-normals">
          <float_array id="Plane-mesh-normals-array" count="1389">0 0 1 0.1990987 -0.1990988 0.9595413 -0.1990994 -0.1990987 0.9595412 -0.1990991 0.199099 0.9595412 -0.1990991 0.199099 0.9595412 -0.1990991 -0.199099 0.9595412 0.199099 -0.1990988 0.9595412 0.2031668 0 0.9791442 -0.2031666 0 0.9791443 0.2031673 0 0.979144 -0.1990991 -0.1990988 0.9595412 0.199099 -0.199099 0.9595412 -0.1990991 0.1990988 0.9595412 0.199099 0.1990988 0.9595412 0.1990993 0.1990992 0.9595412 -0.2031669 0 0.9791442 0.203167 0 0.9791442 -0.2031667 0 0.9791442 -0.1990993 -0.199099 0.9595411 -0.1990993 -0.1990991 0.959541 0.1990988 -0.199099 0.9595412 0 -0.2031663 0.9791443 0.2031666 0 0.9791442 0 0.2031664 0.9791443 0.199099 -0.1990993 0.9595412 -0.1990991 0.1990993 0.9595412 0 0.2031668 0.9791442 0.203167 0 0.9791442 -0.1990989 0.1990993 0.9595412 -0.1990991 -0.1990994 0.959541 0.1990991 -0.199099 0.9595412 0 0.2031667 0.9791442 0 -0.2031667 0.9791442 -0.199099 0.1990988 0.9595413 0.199099 -0.1990991 0.9595412 -0.1990991 -0.1990992 0.959541 0 0.2031663 0.9791443 0.199099 0.1990988 0.9595412 -0.1990987 0.1990988 0.9595413 0 -0.2031668 0.9791442 0 0.2031666 0.9791442 0 0.2031666 0.9791443 0.199099 0.1990993 0.9595412 0.199099 0.199099 0.9595412 0 -0.2031666 0.9791443 0.199099 -0.199099 0.9595412 -0.1990994 0.1990993 0.9595411 -0.2031669 0 0.9791442 0 -0.2031666 0.9791442 0 0.2031664 0.9791443 -0.1990991 -0.199099 0.9595412 0 -0.2031664 0.9791443 0 -0.2031665 0.9791442 0 -0.2031665 0.9791443 -0.1990991 -0.1990991 0.959541 0.2031666 0 0.9791442 0 0.2031666 0.9791442 0.2031667 0 0.9791442 -0.1990991 -0.1990989 0.9595412 0.1990991 0.1990989 0.9595412 0.1990991 0.199099 0.9595412 0.1990991 0.1990992 0.959541 0 -0.2031664 0.9791443 0 0.2031666 0.9791443 0 0.2031663 0.9791443 -0.1990991 -0.1990988 0.9595412 0 0.2031671 0.9791442 -0.1990991 0.199099 0.9595412 0.199099 0.1990988 0.9595412 0.2031666 0 0.9791443 -0.2031666 0 0.9791443 -0.1990991 0.1990991 0.9595411 -0.2031666 0 0.9791443 -0.1990991 0.1990991 0.9595411 0 -0.2031666 0.9791443 0.1990992 0.1990991 0.9595412 0.199099 -0.1990997 0.959541 0.199099 -0.1990988 0.9595412 0 0.2031672 0.979144 -0.1990991 0.1990988 0.9595412 0 -0.2031672 0.979144 0.199099 0.1990997 0.959541 -0.1990991 -0.1990993 0.9595412 -0.1990997 -0.1990997 0.9595409 0.199099 0.199099 0.9595412 -0.199099 0.1990997 0.959541 -0.1990991 -0.1990998 0.959541 0.2031667 0 0.9791442 0.1990997 0.1990997 0.9595409 -0.199099 0.199099 0.9595412 -0.1990992 -0.1990992 0.959541 -0.2031666 0 0.9791442 0 -0.2031666 0.9791442 -0.1990994 -0.1990994 0.959541 -0.2031667 0 0.9791442 -0.1990991 -0.1990993 0.9595412 0.199099 -0.1990988 0.9595413 0.1990992 0.199099 0.9595412 -0.199099 0.1990993 0.9595412 -0.1990991 0.1990993 0.9595412 0 0.2031669 0.9791442 -0.1990991 -0.199099 0.9595412 -0.1990997 0.1990995 0.9595409 0.199099 0.199099 0.9595412 0.1990993 0.1990991 0.9595411 -0.1990989 0.1990988 0.9595413 0.2031666 0 0.9791442 -0.1990994 -0.1990995 0.9595409 0.1990994 -0.1990987 0.9595412 0.199099 -0.199099 0.9595412 0.1990994 0.1990996 0.959541 0 -0.2031672 0.979144 -0.1990991 0.1990988 0.9595412 0.1990991 0.1990991 0.9595411 0.2031667 0 0.9791442 -0.1990991 0.1990991 0.9595412 0.199099 -0.199099 0.9595412 0.199099 0.1990988 0.9595412 -0.199099 0.1990993 0.9595412 0.199099 -0.1990993 0.9595412 -0.1990994 -0.1990997 0.9595409 -0.1990994 0.1990987 0.9595412 0 0.2031666 0.9791443 0.1990994 -0.1990993 0.9595411 -0.199099 0.1990997 0.959541 0.2031665 0 0.9791443 -0.199099 -0.1990988 0.9595413 -0.1990991 0.199099 0.9595412 0.199099 0.199099 0.9595412 -0.2031667 0 0.9791442 0.199099 0.1990988 0.9595413 0.1990993 -0.1990991 0.959541 -0.2031665 0 0.9791443 0.2031669 0 0.9791442 -0.2031666 0 0.9791442 0.199099 -0.199099 0.9595412 0 -0.2031673 0.979144 -0.1990991 -0.1990988 0.9595412 -0.1990991 -0.1990993 0.9595412 0 0.2031671 0.979144 0.199099 0.199099 0.9595412 0 -0.2031666 0.9791443 -0.1990991 -0.199099 0.9595412 -0.1990994 0.1990995 0.9595409 0 -0.2031675 0.979144 -0.1990997 -0.1990999 0.9595408 -0.2031661 0 0.9791443 0 0.2031675 0.979144 0.2031662 0 0.9791443 -0.1990987 -0.1990988 0.9595413 0.1990997 0.1990999 0.9595408 -0.1990987 -0.199099 0.9595413 -0.1990994 0.1990997 0.9595409 0 0.2031665 0.9791443 -0.1990987 -0.1990993 0.9595412 0 -0.2031669 0.9791442 0.1990992 0.1990996 0.959541 0.199099 -0.1990993 0.9595412 -0.1990994 0.1990996 0.959541 0.1990992 -0.1990996 0.959541 0.1990994 -0.1990996 0.959541 -0.1990994 -0.1990996 0.959541 0.1990994 0.1990996 0.959541 0.1990994 0.1990994 0.959541 0 -0.2031669 0.9791442 0.1990991 -0.1990991 0.9595411 -0.1990991 -0.1990991 0.9595411 0 0.2031667 0.9791442 -0.1990997 -0.1990997 0.9595409 -0.199099 -0.1990997 0.959541 -0.1990997 0.1990999 0.9595408 0 0.2031665 0.9791442 -0.1990991 -0.199099 0.9595412 -0.2031673 0 0.979144 0.1990994 -0.1990996 0.959541 0.2031666 0 0.9791443 -0.199099 -0.1990988 0.9595412 -0.1990991 0.1990998 0.959541 -0.199099 -0.1990997 0.959541 -0.1990991 0.1990989 0.9595412 -0.1990989 -0.1990988 0.9595413 -0.2031664 0 0.9791443 0 -0.2031666 0.9791442 -0.199099 -0.199099 0.9595412 0 0.2031666 0.9791442 0.2031666 0 0.9791442 -0.2031666 0 0.9791442 -0.1990991 0.1990994 0.959541 0 -0.2031668 0.9791442 -0.1990991 0.1990994 0.9595411 -0.1990993 0.199099 0.9595411 0.199099 0.1990993 0.9595412 0.1990991 -0.1990994 0.9595411 0.1990993 -0.1990992 0.9595412 0.1990987 0.1990988 0.9595413 0.1990987 0.199099 0.9595413 -0.1990987 -0.1990991 0.9595413 0.199099 0.1990993 0.9595412 0 -0.2031667 0.9791442 0 0.2031667 0.9791442 0.1990992 -0.1990992 0.9595411 0.1990992 0.1990992 0.959541 -0.199099 -0.1990988 0.9595412 -0.1990991 0.1990992 0.959541 0.199099 0.1990991 0.9595412 0.1990991 -0.1990991 0.9595411 0.1990991 0.1990991 0.9595411 0.1990993 -0.1990994 0.9595411 0.1990991 -0.1990998 0.959541 -0.1990991 0.1990997 0.959541 0.199099 -0.1990988 0.9595412 -0.1990994 -0.1990996 0.9595409 0.1990989 0.1990988 0.9595413 0.2031664 0 0.9791443 -0.1990993 0.1990994 0.9595411 -0.1990993 0.1990991 0.959541 0.1990997 -0.1990997 0.9595409 -0.1990988 -0.199099 0.9595412 0 -0.2031664 0.9791443 0.199099 -0.199099 0.9595412 0.1990993 0.1990987 0.9595412 0 0.2031673 0.979144 -0.1990991 -0.1990994 0.9595411 -0.1990991 0.1990992 0.959541 0.1990992 0.1990992 0.9595411 0 -0.2031668 0.9791442 -0.1990992 0.1990992 0.959541 0.199099 -0.1990997 0.959541 0 -0.2031674 0.9791441 -0.1990991 -0.1990991 0.9595412 0.1990997 -0.1990996 0.9595409 0.199099 -0.199099 0.9595412 -0.1990991 -0.1990998 0.959541 0.199099 -0.1990997 0.959541 0.199099 0.1990997 0.959541 0.1990993 0.1991004 0.9595408 0 -0.2031663 0.9791443 0 0.2031674 0.9791441 0 0.203168 0.9791439 -0.1990991 0.199099 0.9595412 -0.1990991 -0.1990989 0.9595412 0.199099 0.1990997 0.959541 0.1990991 -0.1990989 0.9595412 -0.199099 -0.199099 0.9595412 0.199099 0.199099 0.9595412 0.1990994 0.1990992 0.9595411 -0.1990991 0.1990991 0.9595411 -0.199099 -0.199099 0.9595412 -0.1990991 0.1990989 0.9595412 0.199099 0.1990991 0.9595412 -0.1990992 -0.1990996 0.959541 0.199099 -0.1990993 0.9595412 -0.199099 0.1990988 0.9595412 0.1990988 -0.1990993 0.9595412 0.1990992 0.1991001 0.959541 0 0.2031668 0.9791442 0.1990988 -0.199099 0.9595412 -0.199099 0.199099 0.9595412 0 0.2031672 0.979144 -0.1990993 -0.1990994 0.9595411 0 -0.2031666 0.9791442 0.1990991 -0.1990988 0.9595412 0.1990991 0.1990993 0.9595412 0.1990994 -0.1991 0.9595409 0.1990991 0.1990993 0.9595412 -0.199099 -0.1990993 0.9595412 0.1990991 0.199099 0.9595412 0.2031667 0 0.9791442 -0.2031666 0 0.9791442 0.199099 -0.1990997 0.959541 0.2031666 0 0.9791443 -0.199099 -0.1990997 0.959541 -0.2031662 0 0.9791443 0.2031661 0 0.9791443 -0.199099 0.1990991 0.9595412 0.1990993 -0.1990994 0.9595411 -0.2031664 0 0.9791443 -0.199099 0.1990988 0.9595412 -0.2031673 0 0.979144 0.1990991 0.1990988 0.9595412 -0.1990997 -0.1990997 0.9595409 0.1990991 0.1990988 0.9595412 0.1990991 -0.1990993 0.9595412 -0.199099 -0.1990993 0.9595412 0.199099 0.199099 0.9595412 0.1990991 -0.199099 0.9595412 -0.199099 0.1990997 0.959541 0.1990987 0.1990997 0.9595412 0.2031669 0 0.9791442 0 0.2031666 0.9791442 -0.199099 -0.1990988 0.9595412 0.1990992 -0.1990992 0.959541 -0.199099 -0.199099 0.9595412 -0.199099 0.199099 0.9595412 0.1990991 -0.1990988 0.9595412 0.1990991 -0.1990993 0.9595412 -0.203167 0 0.9791442 0.1990991 0.199099 0.9595412 -0.1990994 0.1990996 0.959541 0.199099 0.1990988 0.9595413 0.1990987 0.1990988 0.9595413 0.1990991 -0.1990992 0.959541 -0.199099 0.1990988 0.9595412 -0.199099 -0.199099 0.9595412 -0.199099 -0.1990988 0.9595413 0.2031665 0 0.9791443 0.1990991 0.1990991 0.9595412 -0.199099 0.1990993 0.9595412 0.2031673 0 0.979144 -0.199099 -0.1990997 0.959541 0.1990994 0.1990996 0.959541 0.1990991 -0.199099 0.9595412 0 0.2031669 0.9791442 -0.199099 0.1990997 0.959541 0.1990991 0.1990988 0.9595412 -0.199099 -0.199099 0.9595412 -0.2031666 0 0.9791442 0 -0.2031668 0.9791442 0 -0.2031667 0.9791442 -0.199099 -0.1990988 0.9595412 0.1990991 0.1990997 0.959541 0 0.2031668 0.9791442 0.199099 0.1990997 0.959541 -0.1990997 0.1990997 0.9595409 0.199099 0.1990997 0.959541 0.1990991 -0.199099 0.9595412 0.2031664 0 0.9791443 0.1990991 0.199099 0.9595412 0.1990993 -0.1990994 0.9595411 -0.1990989 -0.1990997 0.959541 -0.2031665 0 0.9791443 0.1990997 0.1990997 0.9595409 0.1990989 0.1990993 0.9595412 -0.199099 0.1990997 0.959541 0.1990997 -0.1990999 0.9595408 0.1990994 -0.1990994 0.959541 0.1990997 0.1990999 0.9595408 0.199099 0.1990993 0.9595412 0.1990987 0.1990993 0.9595412 -0.199099 -0.1990993 0.9595412 -0.1990991 0.1990991 0.9595411 -0.1990991 -0.1990991 0.9595411 -0.1990991 0.1990993 0.9595412 0.1990991 -0.1990988 0.9595412 -0.1990991 -0.199099 0.9595412 0.2031667 0 0.9791442 0.1990991 0.199099 0.9595412 0 0.2031668 0.9791442 -0.1990991 0.1990991 0.9595412 -0.199099 -0.1990989 0.9595412 0 0.203167 0.9791441 0.1990991 0.1990994 0.959541 -0.1990991 -0.1990994 0.959541 -0.2031667 0 0.9791442 0.199099 -0.199099 0.9595412 0.203167 0 0.9791441 0.1990993 -0.1990991 0.959541 0.1990994 -0.1990996 0.959541 0.1990991 0.1990989 0.9595412 -0.1990991 -0.199099 0.9595412 -0.2031667 0 0.9791442 -0.1990991 -0.199099 0.9595411 -0.1990991 0.199099 0.9595411 0.1990994 -0.1990993 0.9595411 0.1990992 -0.1990996 0.959541 0.199099 0.1990988 0.9595412 -0.199099 -0.1990997 0.959541 -0.1990993 0.1990992 0.9595412 0.1990991 -0.1990993 0.9595412 0 -0.2031671 0.9791442 0.1990987 -0.1990988 0.9595413 0.1990994 0.1990995 0.9595409 -0.1990997 0.1990991 0.959541 0 -0.2031659 0.9791444 -0.203167 0 0.9791442 0.1990998 -0.1990991 0.959541 0.1990991 0.1990984 0.9595413 0.2031669 0 0.9791442 -0.1990991 -0.1990984 0.9595413 0.1990994 0.1990997 0.9595409 -0.1990987 0.1990991 0.9595413 0.1990987 -0.1990993 0.9595412 -0.1990992 -0.1990992 0.959541 0.1990994 -0.1990987 0.9595412 0.1990994 0.1990987 0.9595412 -0.1990994 -0.1990987 0.9595412 -0.1990994 0.1990987 0.9595412 0.1990995 -0.1990989 0.959541 0.1990994 0.1990987 0.9595412 -0.1990994 -0.1990992 0.9595411 0.1990991 0.199099 0.9595412 -0.199099 -0.199099 0.9595412 -0.199099 0.199099 0.9595412 0.1990991 -0.199099 0.9595412 0 0.2031666 0.9791442 0.1990997 -0.1990995 0.9595409 0.1990991 -0.199099 0.9595412 0.1990991 -0.1990989 0.9595412 0.1990991 -0.1990984 0.9595413 -0.1990991 0.1990984 0.9595413 0.1990994 0.1991004 0.9595408 -0.1990994 -0.1990996 0.959541 0.199099 -0.1990988 0.9595412 0.1990991 0.1990993 0.9595412 0 0.2031664 0.9791443 -0.199099 -0.1990988 0.9595412 -0.199099 0.1990988 0.9595412 0 -0.2031676 0.979144 0.1990989 -0.1990988 0.9595413 -0.2031667 0 0.9791442 0.1990991 0.1990991 0.9595412 -0.2031666 0 0.9791442 -0.199099 0.1990988 0.9595413 0.1990993 0.1990991 0.959541 -0.1990993 -0.1991 0.9595409 0.1990994 0.1990997 0.9595409 -0.1990993 -0.1990997 0.9595409 0 0.2031673 0.979144 0.1990987 -0.1990991 0.9595413 0 -0.2031673 0.979144 -0.199099 -0.199099 0.9595412 -0.199099 0.199099 0.9595412 0 0.2031673 0.979144 -0.199099 0.199099 0.9595412 0.1990993 0.1990991 0.959541 0.1990991 -0.1990991 0.9595412 -0.1990992 -0.199099 0.9595412 -0.1990992 0.199099 0.9595412 0.1990991 0.1990991 0.9595411 0.199099 -0.199099 0.9595412 0 -0.2031668 0.9791442 0 0.2031664 0.9791443 0.199099 -0.1990988 0.9595412 0 0.2031664 0.9791442 -0.1990994 -0.1990988 0.9595412 -0.1990994 0.1990987 0.9595412 -0.1990993 0.1990987 0.9595412 0.1990992 0.1991001 0.959541 -0.1990993 -0.1990992 0.9595412 0.2031667 0 0.9791442 0.1990989 -0.1990993 0.9595412 -0.1990993 -0.1990994 0.9595411 -0.1990994 -0.1990994 0.959541 -0.1990992 0.199099 0.9595412 0.1990991 -0.1990991 0.9595412 -0.1990991 0.199099 0.9595412 0.1990991 0.1990991 0.9595411 -0.199099 -0.1990991 0.9595412 0.1990992 0.1990992 0.959541 0.199099 0.1990993 0.9595412 -0.1990987 -0.1990988 0.9595413 0 -0.2031671 0.979144 0.1990994 0.1990993 0.959541 -0.1990991 -0.1990991 0.9595411 0 -0.2031667 0.9791442 0 -0.2031669 0.9791442 0 -0.2031666 0.9791442 0.1990993 -0.1990996 0.959541 0.1990994 0.1990994 0.959541 0.1990992 0.1990992 0.959541 0.1990994 -0.1990995 0.9595409 0.1990987 0.1990991 0.9595413 0.1990994 -0.1990997 0.9595409</float_array>
          <technique_common>
            <accessor source="#Plane-mesh-normals-array" count="463" stride="3">
              <param name="X" type="float"/>
              <param name="Y" type="float"/>
              <param name="Z" type="float"/>
            </accessor>
          </technique_common>
        </source>
        <vertices id="Plane-mesh-vertices">
          <input semantic="POSITION" source="#Plane-mesh-positions"/>
        </vertices>
        <polylist material="Material_005-material" count="8192">
          <input semantic="VERTEX" source="#Plane-mesh-vertices" offset="0"/>
          <input semantic="NORMAL" source="#Plane-mesh-normals" offset="1"/>
          <vcount>3 3 3 3 3 3 3 3 3 3 3 3 3 3 3 3 3 3 3 3 3 3 3 3 3 3 3 3 3 3 3 3 3 3 3 3 3 3 3 3 3 3 3 3 3 3 3 3 3 3 3 3 3 3 3 3 3 3 3 3 3 3 3 3 3 3 3 3 3 3 3 3 3 3 3 3 3 3 3 3 3 3 3 3 3 3 3 3 3 3 3 3 3 3 3 3 3 3 3 3 3 3 3 3 3 3 3 3 3 3 3 3 3 3 3 3 3 3 3 3 3 3 3 3 3 3 3 3 3 3 3 3 3 3 3 3 3 3 3 3 3 3 3 3 3 3 3 3 3 3 3 3 3 3 3 3 3 3 3 3 3 3 3 3 3 3 3 3 3 3 3 3 3 3 3 3 3 3 3 3 3 3 3 3 3 3 3 3 3 3 3 3 3 3 3 3 3 3 3 3 3 3 3 3 3 3 3 3 3 3 3 3 3 3 3 3 3 3 3 3 3 3 3 3 3 3 3 3 3 3 3 3 3 3 3 3 3 3 3 3 3 3 3 3 3 3 3 3 3 3 3 3 3 3 3 3 3 3 3 3 3 3 3 3 3 3 3 3 3 3 3 3 3 3 3 3 3 3 3 3 3 3 3 3 3 3 3 3 3 3 3 3 3 3 3 3 3 3 3 3 3 3 3 3 3 3 3 3 3 3 3 3 3 3 3 3 3 3 3 3 3 3 3 3 3 3 3 3 3 3 3 3 3 3 3 3 3 3 3 3 3 3 3 3 3 3 3 3 3 3 3 3 3 3 3 3 3 3 3 3 3 3 3 3 3 3 3 3 3 3 3 3 3 3 3 3 3 3 3 3 3 3 3 3 3 3 3 3 3 3 3 3 3 3 3 3 3 3 3 3 3 3 3 3 3 3 3 3 3 3 3 3 3 3 3 3 3 3 3 3 3 3 3 3 3 3 3 3 3 3 3 3 3 3 3 3 3 3 3 3 3 3 3 3 3 3 3 3 3 3 3 3 3 3 3 3 3 3 3 3 3 3 3 3 3 3 3 3 3 3 3 3 3 3 3 3 3 3 3 3 3 3 3 3 3 3 3 3 3 3 3 3 3 3 3 3 3 3 3 3 3 3 3 3 3 3 3 3 3 3 3 3 3 3 3 3 3 3 3 3 3 3 3 3 3 3 3 3 3 3 3 3 3 3 3 3 3 3 3 3 3 3 3 3 3 3 3 3 3 3 3 3 3 3 3 3 3 3 3 3 3 3 3 3 3 3 3 3 3 3 3 3 3 3 3 3 3 3 3 3 3 3 3 3 3 3 3 3 3 3 3 3 3 3 3 3 3 3 3 3 3 3 3 3 3 3 3 3 3 3 3 3 3 3 3 3 3 3 3 3 3 3 3 3 3 3 3 3 3 3 3 3 3 3 3 3 3 3 3 3 3 3 3 3 3 3 3 3 3 3 3 3 3 3 3 3 3 3 3 3 3 3 3 3 3 3 3 3 3 3 3 3 3 3 3 3 3 3 3 3 3 3 3 3 3 3 3 3 3 3 3 3 3 3 3 3 3 3 3 3 3 3 3 3 3 3 3 3 3 3 3 3 3 3 3 3 3 3 3 3 3 3 3 3 3 3 3 3 3 3 3 3 3 3 3 3 3 3 3 3 3 3 3 3 3 3 3 3 3 3 3 3 3 3 3 3 3 3 3 3 3 3 3 3 3 3 3 3 3 3 3 3 3 3 3 3 3 3 3 3 3 3 3 3 3 3 3 3 3 3 3 3 3 3 3 3 3 3 3 3 3 3 3 3 3 3 3 3 3 3 3 3 3 3 3 3 3 3 3 3 3 3 3 3 3 3 3 3 3 3 3 3 3 3 3 3 3 3 3 3 3 3 3 3 3 3 3 3 3 3 3 3 3 3 3 3 3 3 3 3 3 3 3 3 3 3 3 3 3 3 3 3 3 3 3 3 3 3 3 3 3 3 3 3 3 3 3 3 3 3 3 3 3 3 3 3 3 3 3 3 3 3 3 3 3 3 3 3 3 3 3 3 3 3 3 3 3 3 3 3 3 3 3 3 3 3 3 3 3 3 3 3 3 3 3 3 3 3 3 3 3 3 3 3 3 3 3 3 3 3 3 3 3 3 3 3 3 3 3 3 3 3 3 3 3 3 3 3 3 3 3 3 3 3 3 3 3 3 3 3 3 3 3 3 3 3 3 3 3 3 3 3 3 3 3 3 3 3 3 3 3 3 3 3 3 3 3 3 3 3 3 3 3 3 3 3 3 3 3 3 3 3 3 3 3 3 3 3 3 3 3 3 3 3 3 3 3 3 3 3 3 3 3 3 3 3 3 3 3 3 3 3 3 3 3 3 3 3 3 3 3 3 3 3 3 3 3 3 3 3 3 3 3 3 3 3 3 3 3 3 3 3 3 3 3 3 3 3 3 3 3 3 3 3 3 3 3 3 3 3 3 3 3 3 3 3 3 3 3 3 3 3 3 3 3 3 3 3 3 3 3 3 3 3 3 3 3 3 3 3 3 3 3 3 3 3 3 3 3 3 3 3 3 3 3 3 3 3 3 3 3 3 3 3 3 3 3 3 3 3 3 3 3 3 3 3 3 3 3 3 3 3 3 3 3 3 3 3 3 3 3 3 3 3 3 3 3 3 3 3 3 3 3 3 3 3 3 3 3 3 3 3 3 3 3 3 3 3 3 3 3 3 3 3 3 3 3 3 3 3 3 3 3 3 3 3 3 3 3 3 3 3 3 3 3 3 3 3 3 3 3 3 3 3 3 3 3 3 3 3 3 3 3 3 3 3 3 3 3 3 3 3 3 3 3 3 3 3 3 3 3 3 3 3 3 3 3 3 3 3 3 3 3 3 3 3 3 3 3 3 3 3 3 3 3 3 3 3 3 3 3 3 3 3 3 3 3 3 3 3 3 3 3 3 3 3 3 3 3 3 3 3 3 3 3 3 3 3 3 3 3 3 3 3 3 3 3 3 3 3 3 3 3 3 3 3 3 3 3 3 3 3 3 3 3 3 3 3 3 3 3 3 3 3 3 3 3 3 3 3 3 3 3 3 3 3 3 3 3 3 3 3 3 3 3 3 3 3 3 3 3 3 3 3 3 3 3 3 3 3 3 3 3 3 3 3 3 3 3 3 3 3 3 3 3 3 3 3 3 3 3 3 3 3 3 3 3 3 3 3 3 3 3 3 3 3 3 3 3 3 3 3 3 3 3 3 3 3 3 3 3 3 3 3 3 3 3 3 3 3 3 3 3 3 3 3 3 3 3 3 3 3 3 3 3 3 3 3 3 3 3 3 3 3 3 3 3 3 3 3 3 3 3 3 3 3 3 3 3 3 3 3 3 3 3 3 3 3 3 3 3 3 3 3 3 3 3 3 3 3 3 3 3 3 3 3 3 3 3 3 3 3 3 3 3 3 3 3 3 3 3 3 3 3 3 3 3 3 3 3 3 3 3 3 3 3 3 3 3 3 3 3 3 3 3 3 3 3 3 3 3 3 3 3 3 3 3 3 3 3 3 3 3 3 3 3 3 3 3 3 3 3 3 3 3 3 3 3 3 3 3 3 3 3 3 3 3 3 3 3 3 3 3 3 3 3 3 3 3 3 3 3 3 3 3 3 3 3 3 3 3 3 3 3 3 3 3 3 3 3 3 3 3 3 3 3 3 3 3 3 3 3 3 3 3 3 3 3 3 3 3 3 3 3 3 3 3 3 3 3 3 3 3 3 3 3 3 3 3 3 3 3 3 3 3 3 3 3 3 3 3 3 3 3 3 3 3 3 3 3 3 3 3 3 3 3 3 3 3 3 3 3 3 3 3 3 3 3 3 3 3 3 3 3 3 3 3 3 3 3 3 3 3 3 3 3 3 3 3 3 3 3 3 3 3 3 3 3 3 3 3 3 3 3 3 3 3 3 3 3 3 3 3 3 3 3 3 3 3 3 3 3 3 3 3 3 3 3 3 3 3 3 3 3 3 3 3 3 3 3 3 3 3 3 3 3 3 3 3 3 3 3 3 3 3 3 3 3 3 3 3 3 3 3 3 3 3 3 3 3 3 3 3 3 3 3 3 3 3 3 3 3 3 3 3 3 3 3 3 3 3 3 3 3 3 3 3 3 3 3 3 3 3 3 3 3 3 3 3 3 3 3 3 3 3 3 3 3 3 3 3 3 3 3 3 3 3 3 3 3 3 3 3 3 3 3 3 3 3 3 3 3 3 3 3 3 3 3 3 3 3 3 3 3 3 3 3 3 3 3 3 3 3 3 3 3 3 3 3 3 3 3 3 3 3 3 3 3 3 3 3 3 3 3 3 3 3 3 3 3 3 3 3 3 3 3 3 3 3 3 3 3 3 3 3 3 3 3 3 3 3 3 3 3 3 3 3 3 3 3 3 3 3 3 3 3 3 3 3 3 3 3 3 3 3 3 3 3 3 3 3 3 3 3 3 3 3 3 3 3 3 3 3 3 3 3 3 3 3 3 3 3 3 3 3 3 3 3 3 3 3 3 3 3 3 3 3 3 3 3 3 3 3 3 3 3 3 3 3 3 3 3 3 3 3 3 3 3 3 3 3 3 3 3 3 3 3 3 3 3 3 3 3 3 3 3 3 3 3 3 3 3 3 3 3 3 3 3 3 3 3 3 3 3 3 3 3 3 3 3 3 3 3 3 3 3 3 3 3 3 3 3 3 3 3 3 3 3 3 3 3 3 3 3 3 3 3 3 3 3 3 3 3 3 3 3 3 3 3 3 3 3 3 3 3 3 3 3 3 3 3 3 3 3 3 3 3 3 3 3 3 3 3 3 3 3 3 3 3 3 3 3 3 3 3 3 3 3 3 3 3 3 3 3 3 3 3 3 3 3 3 3 3 3 3 3 3 3 3 3 3 3 3 3 3 3 3 3 3 3 3 3 3 3 3 3 3 3 3 3 3 3 3 3 3 3 3 3 3 3 3 3 3 3 3 3 3 3 3 3 3 3 3 3 3 3 3 3 3 3 3 3 3 3 3 3 3 3 3 3 3 3 3 3 3 3 3 3 3 3 3 3 3 3 3 3 3 3 3 3 3 3 3 3 3 3 3 3 3 3 3 3 3 3 3 3 3 3 3 3 3 3 3 3 3 3 3 3 3 3 3 3 3 3 3 3 3 3 3 3 3 3 3 3 3 3 3 3 3 3 3 3 3 3 3 3 3 3 3 3 3 3 3 3 3 3 3 3 3 3 3 3 3 3 3 3 3 3 3 3 3 3 3 3 3 3 3 3 3 3 3 3 3 3 3 3 3 3 3 3 3 3 3 3 3 3 3 3 3 3 3 3 3 3 3 3 3 3 3 3 3 3 3 3 3 3 3 3 3 3 3 3 3 3 3 3 3 3 3 3 3 3 3 3 3 3 3 3 3 3 3 3 3 3 3 3 3 3 3 3 3 3 3 3 3 3 3 3 3 3 3 3 3 3 3 3 3 3 3 3 3 3 3 3 3 3 3 3 3 3 3 3 3 3 3 3 3 3 3 3 3 3 3 3 3 3 3 3 3 3 3 3 3 3 3 3 3 3 3 3 3 3 3 3 3 3 3 3 3 3 3 3 3 3 3 3 3 3 3 3 3 3 3 3 3 3 3 3 3 3 3 3 3 3 3 3 3 3 3 3 3 3 3 3 3 3 3 3 3 3 3 3 3 3 3 3 3 3 3 3 3 3 3 3 3 3 3 3 3 3 3 3 3 3 3 3 3 3 3 3 3 3 3 3 3 3 3 3 3 3 3 3 3 3 3 3 3 3 3 3 3 3 3 3 3 3 3 3 3 3 3 3 3 3 3 3 3 3 3 3 3 3 3 3 3 3 3 3 3 3 3 3 3 3 3 3 3 3 3 3 3 3 3 3 3 3 3 3 3 3 3 3 3 3 3 3 3 3 3 3 3 3 3 3 3 3 3 3 3 3 3 3 3 3 3 3 3 3 3 3 3 3 3 3 3 3 3 3 3 3 3 3 3 3 3 3 3 3 3 3 3 3 3 3 3 3 3 3 3 3 3 3 3 3 3 3 3 3 3 3 3 3 3 3 3 3 3 3 3 3 3 3 3 3 3 3 3 3 3 3 3 3 3 3 3 3 3 3 3 3 3 3 3 3 3 3 3 3 3 3 3 3 3 3 3 3 3 3 3 3 3 3 3 3 3 3 3 3 3 3 3 3 3 3 3 3 3 3 3 3 3 3 3 3 3 3 3 3 3 3 3 3 3 3 3 3 3 3 3 3 3 3 3 3 3 3 3 3 3 3 3 3 3 3 3 3 3 3 3 3 3 3 3 3 3 3 3 3 3 3 3 3 3 3 3 3 3 3 3 3 3 3 3 3 3 3 3 3 3 3 3 3 3 3 3 3 3 3 3 3 3 3 3 3 3 3 3 3 3 3 3 3 3 3 3 3 3 3 3 3 3 3 3 3 3 3 3 3 3 3 3 3 3 3 3 3 3 3 3 3 3 3 3 3 3 3 3 3 3 3 3 3 3 3 3 3 3 3 3 3 3 3 3 3 3 3 3 3 3 3 3 3 3 3 3 3 3 3 3 3 3 3 3 3 3 3 3 3 3 3 3 3 3 3 3 3 3 3 3 3 3 3 3 3 3 3 3 3 3 3 3 3 3 3 3 3 3 3 3 3 3 3 3 3 3 3 3 3 3 3 3 3 3 3 3 3 3 3 3 3 3 3 3 3 3 3 3 3 3 3 3 3 3 3 3 3 3 3 3 3 3 3 3 3 3 3 3 3 3 3 3 3 3 3 3 3 3 3 3 3 3 3 3 3 3 3 3 3 3 3 3 3 3 3 3 3 3 3 3 3 3 3 3 3 3 3 3 3 3 3 3 3 3 3 3 3 3 3 3 3 3 3 3 3 3 3 3 3 3 3 3 3 3 3 3 3 3 3 3 3 3 3 3 3 3 3 3 3 3 3 3 3 3 3 3 3 3 3 3 3 3 3 3 3 3 3 3 3 3 3 3 3 3 3 3 3 3 3 3 3 3 3 3 3 3 3 3 3 3 3 3 3 3 3 3 3 3 3 3 3 3 3 3 3 3 3 3 3 3 3 3 3 3 3 3 3 3 3 3 3 3 3 3 3 3 3 3 3 3 3 3 3 3 3 3 3 3 3 3 3 3 3 3 3 3 3 3 3 3 3 3 3 3 3 3 3 3 3 3 3 3 3 3 3 3 3 3 3 3 3 3 3 3 3 3 3 3 3 3 3 3 3 3 3 3 3 3 3 3 3 3 3 3 3 3 3 3 3 3 3 3 3 3 3 3 3 3 3 3 3 3 3 3 3 3 3 3 3 3 3 3 3 3 3 3 3 3 3 3 3 3 3 3 3 3 3 3 3 3 3 3 3 3 3 3 3 3 3 3 3 3 3 3 3 3 3 3 3 3 3 3 3 3 3 3 3 3 3 3 3 3 3 3 3 3 3 3 3 3 3 3 3 3 3 3 3 3 3 3 3 3 3 3 3 3 3 3 3 3 3 3 3 3 3 3 3 3 3 3 3 3 3 3 3 3 3 3 3 3 3 3 3 3 3 3 3 3 3 3 3 3 3 3 3 3 3 3 3 3 3 3 3 3 3 3 3 3 3 3 3 3 3 3 3 3 3 3 3 3 3 3 3 3 3 3 3 3 3 3 3 3 3 3 3 3 3 3 3 3 3 3 3 3 3 3 3 3 3 3 3 3 3 3 3 3 3 3 3 3 3 3 3 3 3 3 3 3 3 3 3 3 3 3 3 3 3 3 3 3 3 3 3 3 3 3 3 3 3 3 3 3 3 3 3 3 3 3 3 3 3 3 3 3 3 3 3 3 3 3 3 3 3 3 3 3 3 3 3 3 3 3 3 3 3 3 3 3 3 3 3 3 3 3 3 3 3 3 3 3 3 3 3 3 3 3 3 3 3 3 3 3 3 3 3 3 3 3 3 3 3 3 3 3 3 3 3 3 3 3 3 3 3 3 3 3 3 3 3 3 3 3 3 3 3 3 3 3 3 3 3 3 3 3 3 3 3 3 3 3 3 3 3 3 3 3 3 3 3 3 3 3 3 3 3 3 3 3 3 3 3 3 3 3 3 3 3 3 3 3 3 3 3 3 3 3 3 3 3 3 3 3 3 3 3 3 3 3 3 3 3 3 3 3 3 3 3 3 3 3 3 3 3 3 3 3 3 3 3 3 3 3 3 3 3 3 3 3 3 3 3 3 3 3 3 3 3 3 3 3 3 3 3 3 3 3 3 3 3 3 3 3 3 3 3 3 3 3 3 3 3 3 3 3 3 3 3 3 3 3 3 3 3 3 3 3 3 3 3 3 3 3 3 3 3 3 3 3 3 3 3 3 3 3 3 3 3 3 3 3 3 3 3 3 3 3 3 3 3 3 3 3 3 3 3 3 3 3 3 3 3 3 3 3 3 3 3 3 3 3 3 3 3 3 3 3 3 3 3 3 3 3 3 3 3 3 3 3 3 3 3 3 3 3 3 3 3 3 3 3 3 3 3 3 3 3 3 3 3 3 3 3 3 3 3 3 3 3 3 3 3 3 3 3 3 3 3 3 3 3 3 3 3 3 3 3 3 3 3 3 3 3 3 3 3 3 3 3 3 3 3 3 3 3 3 3 3 3 3 3 3 3 3 3 3 3 3 3 3 3 3 3 3 3 3 3 3 3 3 3 3 3 3 3 3 3 3 3 3 3 3 3 3 3 3 3 3 3 3 3 3 3 3 3 3 3 3 3 3 3 3 3 3 3 3 3 3 3 3 3 3 3 3 3 3 3 3 3 3 3 3 3 3 3 3 3 3 3 3 3 3 3 3 3 3 3 3 3 3 3 3 3 3 3 3 3 3 3 3 3 3 3 3 3 3 3 3 3 3 3 3 3 3 3 3 3 3 3 3 3 3 3 3 3 3 3 3 3 3 3 3 3 3 3 3 3 3 3 3 3 3 3 3 3 3 3 3 3 3 3 3 3 3 3 3 3 3 3 3 3 3 3 3 3 3 3 3 3 3 3 3 3 3 3 3 3 3 3 3 3 3 3 3 3 3 3 3 3 3 3 3 3 3 3 3 3 3 3 3 3 3 3 3 3 3 3 3 3 3 3 3 3 3 3 3 3 3 3 3 3 3 3 3 3 3 3 3 3 3 3 3 3 3 3 3 3 3 3 3 3 3 3 3 3 3 3 3 3 3 3 3 3 3 3 3 3 3 3 3 3 3 3 3 3 3 3 3 3 3 3 3 3 3 3 3 3 3 3 3 3 3 3 3 3 3 3 3 3 3 3 3 3 3 3 3 3 3 3 3 3 3 3 3 3 3 3 3 3 3 3 3 3 3 3 3 3 3 3 3 3 3 3 3 3 3 3 3 3 3 3 3 3 3 3 3 3 3 3 3 3 3 3 3 3 3 3 3 3 3 3 3 3 3 3 3 3 3 3 3 3 3 3 3 3 3 3 3 3 3 3 3 3 3 3 3 3 3 3 3 3 3 3 3 3 3 3 3 3 3 3 3 3 3 3 3 3 3 3 3 3 3 3 3 3 3 3 3 3 3 3 3 3 3 3 3 3 3 3 3 3 3 3 3 3 3 3 3 3 3 3 3 3 3 3 3 3 3 3 3 3 3 3 3 3 3 3 3 3 3 3 3 3 3 3 3 3 3 3 3 3 3 3 3 3 3 3 3 3 3 3 3 3 3 3 3 3 3 3 3 3 3 3 3 3 3 3 3 3 3 3 3 3 3 3 3 3 3 3 3 3 3 3 3 3 3 3 3 3 3 3 3 3 3 3 3 3 3 3 3 3 3 3 3 3 3 3 3 3 3 3 3 3 3 3 3 3 3 3 3 3 3 3 3 3 3 3 3 3 3 3 3 3 3 3 3 3 3 3 3 3 3 3 3 3 3 3 3 3 3 3 3 3 3 3 3 3 3 3 3 3 3 3 3 3 3 3 3 3 3 3 3 3 3 3 3 3 3 3 3 3 3 3 3 3 3 3 3 3 3 3 3 3 3 3 3 3 3 3 3 3 3 3 3 3 3 3 3 3 3 3 3 3 3 3 3 3 3 3 3 3 3 3 3 3 3 3 3 3 3 3 3 3 3 3 3 3 3 3 3 3 3 3 3 3 3 3 3 3 3 3 3 3 3 3 3 3 3 3 3 3 3 3 3 3 3 3 3 3 3 3 3 3 3 3 3 3 3 3 3 3 3 3 3 3 3 3 3 3 3 3 3 3 3 3 3 3 3 3 3 3 3 3 3 3 3 3 3 3 3 3 3 3 3 3 3 3 3 3 3 3 3 3 3 3 3 3 3 3 3 3 3 3 3 3 3 3 3 3 3 3 3 3 3 3 3 3 3 3 3 3 3 3 3 3 3 3 3 3 3 3 3 3 3 3 3 3 3 3 3 3 3 3 3 3 3 3 3 3 3 3 3 3 3 3 3 3 3 3 3 3 3 3 3 3 3 3 3 3 3 3 3 3 3 3 3 3 3 3 3 3 3 3 3 3 3 3 3 3 3 3 3 3 3 3 3 3 3 3 3 3 3 3 3 3 3 3 3 3 3 3 3 3 3 3 3 3 3 3 3 3 3 3 3 3 3 3 3 3 3 3 3 3 3 3 3 3 3 3 3 3 3 3 3 3 3 3 3 3 3 3 3 3 3 3 3 3 3 3 3 3 3 3 3 3 3 3 3 3 3 3 3 3 3 3 3 3 3 3 3 3 3 3 3 3 3 3 3 3 3 3 3 3 3 3 3 3 3 3 3 3 3 3 3 3 3 3 3 3 3 3 3 3 3 3 3 3 3 3 3 3 3 3 3 3 3 3 3 3 3 3 3 3 3 3 3 3 3 3 3 3 3 3 3 3 3 3 3 3 3 3 3 3 3 3 3 3 3 3 3 3 3 3 3 3 3 3 3 3 3 3 3 3 3 3 3 3 3 3 3 3 3 3 3 3 3 3 3 3 3 3 3 3 3 3 3 3 3 3 3 3 3 3 3 3 3 3 3 3 3 3 3 3 3 3 3 3 3 3 3 3 3 3 3 3 3 3 3 3 3 3 3 3 3 3 3 3 3 3 3 3 3 3 3 3 3 3 3 3 3 3 3 3 3 3 3 3 3 3 3 3 3 3 3 3 3 3 3 3 3 3 3 3 3 3 3 3 3 3 3 3 3 3 3 3 3 3 3 3 3 3 3 3 3 3 3 3 3 3 3 3 3 3 3 3 3 3 3 3 3 3 3 3 3 3 3 3 3 3 3 3 3 3 3 3 3 3 3 3 3 3 3 3 3 3 3 3 3 3 3 3 3 3 3 3 3 3 3 3 3 3 3 3 3 3 3 3 3 3 3 3 3 3 3 3 3 3 3 3 3 3 3 3 3 3 3 3 3 3 3 3 3 3 3 3 3 3 3 3 3 3 3 3 3 3 3 3 3 3 3 3 3 3 3 3 3 3 3 3 3 3 3 3 3 3 3 3 3 3 3 3 3 3 3 3 3 3 3 3 3 3 3 3 3 3 3 3 3 3 3 3 3 3 3 3 3 3 3 3 3 3 3 3 3 3 3 3 3 3 3 3 3 3 3 3 3 3 3 3 3 3 3 3 3 3 3 3 3 3 3 3 3 3 3 3 3 3 3 3 3 3 3 3 3 3 3 3 3 3 3 3 3 3 3 3 3 3 3 3 3 3 3 3 3 3 3 3 3 3 3 3 3 3 3 3 3 3 3 3 3 3 3 3 3 3 3 3 3 3 3 3 3 3 3 3 3 3 3 3 3 3 3 3 3 3 3 3 3 3 3 3 3 3 3 3 3 3 3 3 3 3 3 3 3 3 3 3 3 3 3 3 3 3 3 3 3 3 3 3 3 3 3 3 3 3 3 3 3 3 3 3 3 3 3 3 3 3 3 3 3 3 3 3 3 3 3 3 3 3 3 3 3 3 3 3 3 3 3 3 3 3 3 3 3 3 3 3 3 3 3 3 3 3 3 3 3 3 3 3 3 3 3 3 3 3 3 3 3 3 3 3 3 3 3 3 3 3 3 3 3 3 3 3 3 3 3 3 3 3 3 3 3 3 3 3 3 3 3 3 3 3 3 3 3 3 3 3 3 3 3 3 3 3 3 3 3 3 3 3 3 3 3 3 3 3 3 3 3 3 3 3 3 3 3 3 3 3 3 3 3 3 3 3 3 3 3 3 3 3 3 3 3 3 3 3 3 3 3 3 3 3 3 3 3 3 3 3 3 3 3 3 3 3 3 3 3 3 3 3 3 3 3 3 3 3 3 3 3 3 3 3 3 3 3 3 3 3 3 3 3 3 3 3 3 3 3 3 3 3 3 3 3 3 3 3 3 3 3 3 3 3 3 3 3 3 3 3 3 3 3 3 3 3 3 3 3 3 3 3 3 3 3 3 3 3 3 3 3 3 3 3 3 3 3 3 3 3 3 3 3 3 3 3 3 3 3 3 3 3 3 3 3 3 3 3 3 3 3 3 3 3 3 3 3 3 3 3 3 3 3 3 3 3 3 3 3 3 3 3 3 3 3 3 3 3 3 3 3 3 3 3 3 3 3 3 3 3 3 3 3 3 3 3 3 3 3 3 3 3 3 3 3 3 3 3 3 3 3 3 3 3 3 3 3 3 3 3 3 3 3 3 3 3 3 3 3 3 3 3 3 3 3 3 3 3 3 3 3 3 3 3 3 3 3 3 3 3 3 3 3 3 3 3 3 3 3 3 3 3 3 3 3 3 3 3 3 3 3 3 3 3 3 3 3 3 3 3 3 3 3 3 3 3 3 3 3 3 3 3 3 3 3 3 3 3 3 3 3 3 3 3 3 3 3 3 3 3 3 3 3 3 3 3 3 3 3 3 3 3 3 3 3 3 3 3 3 3 3 3 3 3 3 3 3 3 3 3 3 3 3 3 3 3 3 3 3 3 3 3 3 3 3 3 3 3 3 3 3 3 3 3 3 3 3 3 3 3 3 3 3 3 3 3 3 3 3 3 3 3 3 3 3 3 3 3 3 3 3 3 3 3 3 3 3 3 3 3 3 3 3 3 3 3 3 3 3 3 3 3 3 3 3 3 3 3 3 3 3 3 3 3 3 3 3 3 3 3 3 3 3 3 3 3 3 3 3 3 3 3 3 3 3 3 3 3 3 3 3 3 3 3 3 3 3 3 3 3 3 3 3 3 3 3 3 3 3 3 3 3 3 3 3 3 3 3 3 3 3 3 3 3 3 3 3 3 3 3 3 3 3 3 3 3 3 3 3 3 3 3 3 3 3 3 3 3 3 3 3 3 3 3 3 3 3 3 3 3 3 3 3 3 3 3 3 3 3 3 3 3 3 3 3 3 3 3 3 3 3 3 3 3 3 3 3 3 3 3 3 3 3 3 3 3 3 3 3 3 3 3 3 3 3 3 3 3 3 3 3 3 3 3 3 3 3 3 3 3 3 3 3 3 3 3 3 3 3 3 3 3 3 3 3 3 3 3 3 3 3 3 3 3 3 3 3 3 3 3 3 3 3 3 3 3 3 3 3 3 3 3 3 3 3 3 3 3 3 3 3 3 3 3 3 3 3 3 3 3 3 3 3 3 3 3 3 3 3 3 3 3 3 3 3 3 3 3 3 3 3 3 3 3 3 3 3 3 3 3 3 3 3 3 3 3 3 3 3 3 3 3 3 3 3 3 3 3 3 3 3 3 3 3 3 3 3 3 3 3 3 3 3 3 3 3 3 3 3 3 3 3 3 3 3 3 3 3 3 3 3 3 3 3 3 3 3 3 3 3 3 3 3 3 3 3 3 3 3 3 3 3 3 3 3 3 3 3 3 3 3 3 3 3 3 3 3 3 3 3 3 3 3 3 3 3 3 3 3 3 3 3 3 3 3 3 3 3 3 3 3 3 3 3 3 3 3 3 3 3 3 3 3 3 3 3 3 3 3 3 3 3 3 3 3 3 3 3 3 3 3 3 3 3 3 3 3 3 3 3 3 3 3 3 3 3 3 3 3 3 3 3 3 3 3 3 3 3 3 3 3 3 3 3 3 3 3 3 3 3 3 3 3 3 3 3 3 3 3 3 3 3 3 3 3 3 3 3 3 3 3 3 3 3 3 3 3 3 3 3 3 3 3 3 3 3 3 3 3 3 3 3 3 3 3 3 3 3 3 3 3 3 3 3 3 3 3 3 3 3 3 3 3 3 3 3 3 3 3 3 3 3 3 3 3 3 3 3 3 3 3 3 3 3 3 3 3 3 3 3 3 3 3 3 3 3 3 3 3 3 3 3 3 3 3 3 3 3 3 3 3 3 3 3 3 3 3 3 3 3 3 3 3 3 3 3 3 3 3 3 3 3 3 3 3 3 3 3 3 3 3 3 3 3 3 3 3 3 3 3 3 3 3 3 3 3 3 3 3 3 3 3 3 3 3 3 3 3 3 3 3 3 3 3 3 3 3 3 3 3 3 3 3 3 3 3 3 3 3 3 3 3 3 3 3 3 3 3 3 3 3 3 3 3 3 3 3 3 3 3 3 3 3 3 3 3 3 3 3 3 3 3 3 3 3 3 3 3 3 3 3 3 3 3 3 3 3 3 3 3 3 3 3 3 3 3 3 3 3 3 3 3 3 3 3 3 3 3 3 3 3 3 3 3 3 3 3 3 3 3 3 3 3 3 3 3 3 3 3 3 3 3 3 3 3 3 3 3 3 3 3 3 3 3 3 3 3 3 3 3 3 3 3 3 3 3 3 3 3 3 3 3 3 3 3 3 3 3 3 3 3 3 3 3 3 3 3 3 3 3 3 3 3 3 3 3 3 3 3 3 3 3 3 3 3 3 3 3 3 3 3 3 3 3 3 3 3 3 3 3 3 3 3 3 3 3 3 3 3 3 3 3 3 3 3 3 3 3 3 3 3 3 3 3 3 3 3 3 3 3 3 3 3 3 3 3 3 3 3 3 3 3 3 3 3 3 3 3 3 3 3 3 3 3 3 3 3 3 3 3 3 3 3 3 3 3 3 3 3 3 3 3 3 3 3 3 3 3 3 3 3 3 3 3 3 3 3 3 3 3 3 3 3 3 3 3 3 3 3 3 3 3 3 3 3 3 3 3 3 3 3 3 3 3 3 3 3 3 3 3 3 3 3 3 3 3 3 3 3 3 3 3 3 3 3 3 3 3 3 3 3 3 3 3 3 3 3 3 3 3 3 3 3 3 3 3 3 3 3 3 3 3 3 3 3 3 3 3 3 3 3 3 3 3 3 3 3 3 3 3 3 3 3 3 3 3 3 3 3 3 3 3 3 3 3 3 3 3 3 3 3 3 3 3 3 3 3 3 3 3 3 3 3 3 3 3 3 3 3 3 3 3 3 3 3 3 3 3 3 3 3 3 3 3 3 3 3 3 3 3 3 3 3 3 3 3 3 3 3 3 3 3 3 3 3 3 3 3 3 3 3 3 3 3 3 3 3 3 3 3 3 3 3 3 3 3 3 3 3 3 3 3 3 3 3 3 3 3 3 3 3 3 3 3 3 3 3 3 3 3 3 3 3 3 3 3 3 3 3 3 3 3 3 3 3 3 3 3 3 3 3 3 3 3 3 3 3 3 3 3 3 3 3 3 3 3 3 3 3 3 3 3 3 3 3 3 3 3 3 3 3 3 3 3 3 3 3 3 3 3 3 3 3 3 3 3 3 3 3 3 3 3 3 3 3 3 3 3 3 3 3 3 3 3 3 3 3 3 3 3 3 3 3 3 3 3 3 3 3 3 3 3 3 3 3 3 3 3 3 3 3 3 3 3 3 3 3 3 3 3 3 3 3 3 3 3 3 3 3 3 3 3 3 3 3 3 3 3 3 3 3 3 3 3 3 3 3 3 3 3 3 3 3 3 3 3 3 3 3 3 3 3 3 3 3 3 3 3 3 3 3 3 3 3 3 3 3 3 3 3 3 3 3 3 3 3 3 3 3 3 3 3 3 3 3 3 3 3 3 3 3 3 3 3 3 3 3 3 3 3 3 3 3 3 3 3 3 3 3 3 3 3 3 3 3 3 3 3 3 3 3 3 3 3 3 3 3 3 3 3 3 3 3 3 3 3 3 3 3 3 3 3 3 3 3 3 3 3 3 3 3 3 3 3 3 3 3 3 3 3 3 3 3 3 3 3 3 3 3 3 3 3 3 3 3 3 3 3 3 3 3 3 3 3 3 3 3 3 3 3 3 3 3 3 3 3 3 3 3 3 3 3 3 3 3 3 3 3 3 3 3 3 3 3 3 3 3 3 3 3 3 3 3 3 3 3 3 3 3 3 3 3 3 3 3 3 3 3 3 3 3 3 3 3 3 3 3 3 3 3 3 3 3 3 3 3 3 3 3 3 3 3 3 3 3 3 3 3 3 3 3 3 3 3 3 3 3 3 3 3 3 3 3 3 3 3 3 3 3 3 3 3 3 3 3 3 3 3 3 3 3 3 3 3 3 3 3 3 3 3 3 3 3 3 3 3 3 3 3 3 3 3 3 3 3 3 3 3 3 3 3 3 3 3 3 3 3 3 3 3 3 3 3 3 3 3 3 3 3 3 3 3 3 3 3 3 3 3 3 3 3 3 3 3 3 3 3 3 3 3 3 3 3 3 3 3 3 3 3 3 3 3 3 3 3 3 3 3 3 3 3 3 3 3 3 3 3 3 3 3 3 3 3 3 3 3 3 3 3 3 3 3 3 3 3 3 3 3 3 3 3 3 3 3 3 3 3 3 3 3 3 3 3 3 3 3 3 3 3 3 3 3 3 3 3 3 3 3 3 3 3 3 3 3 3 3 3 3 3 3 3 3 3 3 3 3 3 3 3 3 3 3 3 3 3 3 3 3 3 3 3 3 3 3 3 3 3 3 3 3 3 3 3 3 3 3 3 3 3 3 3 3 3 3 3 3 3 3 3 3 3 3 3 3 3 3 3 3 3 3 3 3 3 3 3 3 3 3 3 3 3 3 3 3 3 3 3 3 3 3 3 3 3 3 3 3 3 3 3 3 3 3 3 3 3 3 3 3 3 3 3 3 3 3 3 3 3 3 3 3 3 3 3 3 3 3 3 3 3 3 3 3 3 3 3 3 3 3 3 3 3 3 3 3 3 3 3 3 3 3 3 3 3 3 3 3 3 3 3 3 3 3 3 3 3 3 3 3 3 3 3 3 3 3 3 3 3 3 3 3 3 3 3 3 3 3 3 3 3 3 3 3 3 3 3 3 3 3 3 3 3 3 3 3 3 3 3 3 3 3 3 3 3 3 3 3 3 3 3 3 3 3 3 3 3 3 3 3 3 3 3 3 3 3 3 3 3 3 3 3 3 3 3 3 3 3 3 3 3 3 3 3 3 3 3 3 3 3 3 3 3 3 3 3 3 3 3 3 3 3 3 3 3 3 3 3 3 3 3 3 3 3 3 3 3 3 3 3 3 3 3 3 3 3 3 3 3 3 3 3 3 3 3 3 3 3 3 3 3 3 3 3 3 3 3 3 3 3 3 3 3 3 3 3 3 3 3 3 3 3 3 3 3 3 3 3 3 3 3 3 3 3 3 3 3 3 3 3 3 3 3 3 3 3 3 3 3 3 3 3 3 3 3 3 3 3 3 3 3 3 3 3 3 3 3 3 3 3 3 3 3 3 3 3 3 3 3 3 3 3 3 3 3 3 3 3 3 3 3 3 3 3 3 3 3 3 3 3 3 3 3 3 3 3 3 3 3 3 3 3 3 3 3 3 3 3 3 3 3 3 3 3 3 3 3 3 3 3 3 3 3 3 3 3 3 3 3 3 3 3 3 3 3 3 3 3 3 3 3 3 3 3 3 3 3 3 3 3 3 3 3 3 3 3 3 3 3 3 3 3 3 3 3 3 3 3 3 3 3 3 3 3 3 3 3 3 3 3 3 3 3 3 3 3 3 3 3 3 3 3 3 3 3 3 3 3 3 3 3 3 3 3 3 3 3 3 3 3 3 3 3 3 3 3 3 3 3 3 3 3 3 3 3 3 3 3 3 3 3 3 3 3 3 3 3 3 3 3 3 3 3 3 3 3 3 3 3 3 3 3 3 3 3 3 3 3 3 3 3 3 3 3 3 3 3 3 3 3 3 3 3 3 3 3 3 3 3 3 3 3 3 3 3 3 3 3 3 3 3 3 3 3 3 3 3 3 3 3 3 3 3 3 3 3 3 3 3 3 3 3 3 3 3 3 3 3 3 3 3 3 3 3 3 3 3 3 3 3 3 3 3 3 3 3 3 3 3 3 3 3 3 3 3 3 3 3 3 3 3 3 3 3 3 3 3 3 3 3 3 3 3 3 3 3 3 3 3 </vcount>
          <p>1091 0 3 0 1836 0 1097 0 7 0 1832 0 1098 0 8 0 1839 0 4221 0 1095 0 6 0 1113 0 20 0 1828 0 1114 0 21 0 1843 0 4218 1 1107 1 15 1 1117 0 19 0 1827 0 4216 0 1118 0 22 0 1110 0 18 0 1848 0 1121 0 12 0 1820 0 1122 2 23 2 1851 2 4212 3 1109 3 17 3 1125 0 16 0 1824 0 1126 0 24 0 1855 0 1103 0 11 0 1856 0 1169 0 64 0 1816 0 1170 0 65 0 1859 0 1143 0 39 0 1860 0 1173 0 63 0 1815 0 4204 4 1174 4 66 4 1166 0 62 0 1864 0 1177 0 32 0 1784 0 1178 5 67 5 1867 5 1165 0 61 0 1868 0 4199 6 1181 6 60 6 1182 7 68 7 1871 7 1149 0 45 0 1872 0 1185 8 59 8 1811 8 1186 8 69 8 1875 8 1162 0 58 0 1876 0 4193 0 1189 0 28 0 1190 0 70 0 1879 0 1161 9 57 9 1880 9 1193 0 56 0 1808 0 1194 10 71 10 1883 10 4188 11 1150 11 46 11 1197 0 55 0 1807 0 4186 12 1198 12 72 12 1158 0 54 0 1888 0 1201 13 35 13 1787 13 1202 14 73 14 1891 14 1157 0 53 0 1892 0 1205 15 52 15 1804 15 1206 10 74 10 1895 10 1147 10 43 10 1896 10 1209 16 51 16 1803 16 1210 0 75 0 1899 0 1154 0 50 0 1900 0 4175 0 1213 0 36 0 4174 0 1214 0 76 0 1153 17 49 17 1904 17 4172 0 1217 0 48 0 1218 0 77 0 1907 0 1135 0 31 0 1908 0 1221 18 47 18 1799 18 1222 19 78 19 1911 19 4167 20 1138 20 34 20 1225 8 40 8 1792 8 1226 0 79 0 1915 0 1137 0 33 0 1916 0 1229 0 44 0 1796 0 1230 10 80 10 1919 10 1131 0 27 0 1920 0 1377 0 224 0 1776 0 1378 8 225 8 1923 8 1275 0 123 0 1924 0 1381 0 223 0 1775 0 1382 21 226 21 1927 21 1374 0 222 0 1928 0 1385 0 100 0 1652 0 1386 22 227 22 1931 22 1373 0 221 0 1932 0 1389 23 220 23 1772 23 1390 0 228 0 1935 0 4149 3 1281 3 129 3 4148 24 1393 24 219 24 4147 25 1394 25 229 25 1370 0 218 0 1940 0 1397 26 96 26 1648 26 1398 0 230 0 1943 0 1369 0 217 0 1944 0 4142 0 1401 0 216 0 1402 0 231 0 1947 0 1282 27 130 27 1948 27 4139 28 1405 28 215 28 4138 25 1406 25 232 25 1366 21 214 21 1952 21 1409 0 103 0 1655 0 1410 29 233 29 1955 29 4134 30 1365 30 213 30 1413 31 212 31 1764 31 1414 0 234 0 1959 0 1279 8 127 8 1960 8 1417 32 211 32 1763 32 1418 10 235 10 1963 10 1362 21 210 21 1964 21 4127 0 1421 0 104 0 1422 0 236 0 1967 0 4125 33 1361 33 209 33 1425 32 208 32 1760 32 4123 12 1426 12 237 12 1297 0 145 0 1972 0 1429 17 207 17 1759 17 1430 0 238 0 1975 0 1358 0 206 0 1976 0 4118 34 1433 34 92 34 1434 0 239 0 1979 0 1357 35 205 35 1980 35 1437 0 204 0 1756 0 1438 36 240 36 1983 36 4113 12 1298 12 146 12 1441 0 203 0 1755 0 1442 5 241 5 1987 5 1354 8 202 8 1988 8 1445 0 107 0 1659 0 4108 0 1446 0 242 0 1353 22 201 22 1992 22 1449 37 200 37 1752 37 1450 0 243 0 1995 0 1291 0 139 0 1996 0 1453 0 199 0 1751 0 1454 0 244 0 1999 0 1350 10 198 10 2000 10 4100 38 1457 38 108 38 1458 0 245 0 2003 0 1349 21 197 21 2004 21 1461 0 196 0 1748 0 1462 0 246 0 2007 0 1301 0 149 0 2008 0 1465 19 195 19 1747 19 4093 0 1466 0 247 0 1346 0 194 0 2012 0 1469 0 91 0 1643 0 4090 33 1470 33 248 33 1345 0 193 0 2016 0 4088 12 1473 12 192 12 4087 6 1474 6 249 6 1302 0 150 0 2020 0 1477 10 191 10 1743 10 4084 12 1478 12 250 12 1342 0 190 0 2024 0 1481 0 111 0 1663 0 1482 22 251 22 2027 22 1341 21 189 21 2028 21 1485 0 188 0 1740 0 4078 0 1486 0 252 0 4077 11 1294 11 142 11 1489 39 187 39 1739 39 1490 0 253 0 2035 0 4074 12 1338 12 186 12 1493 0 112 0 1664 0 1494 0 254 0 2039 0 1337 10 185 10 2040 10 4070 6 1497 6 184 6 1498 0 255 0 2043 0 1305 40 153 40 2044 40 1501 0 183 0 1735 0 1502 0 256 0 2047 0 4065 0 1334 0 182 0 1505 10 84 10 1636 10 1506 10 257 10 2051 10 1333 0 181 0 2052 0 1509 0 180 0 1732 0 1510 21 258 21 2055 21 1306 27 154 27 2056 27 1513 0 179 0 1731 0 1514 0 259 0 2059 0 1330 36 178 36 2060 36 1517 0 115 0 1667 0 1518 22 260 22 2063 22 1329 10 177 10 2064 10 1521 0 176 0 1728 0 1522 41 261 41 2067 41 1293 41 141 41 2068 41 1525 0 175 0 1727 0 1526 42 262 42 2071 42 4047 0 1326 0 174 0 1529 0 116 0 1668 0 1530 42 263 42 2075 42 1325 27 173 27 2076 27 4043 12 1533 12 172 12 1534 0 264 0 2079 0 1309 0 157 0 2080 0 1537 22 171 22 1723 22 1538 43 265 43 2083 43 1322 43 170 43 2084 43 1541 5 88 5 1640 5 1542 43 266 43 2087 43 1321 0 169 0 2088 0 1545 37 168 37 1720 37 1546 0 267 0 2091 0 4032 6 1310 6 158 6 1549 44 167 44 1719 44 4030 0 1550 0 268 0 4029 45 1318 45 166 45 1553 0 119 0 1671 0 1554 5 269 5 2099 5 1317 5 165 5 2100 5 1557 0 164 0 1716 0 1558 8 270 8 2103 8 1287 22 135 22 2104 22 1561 0 163 0 1715 0 1562 37 271 37 2107 37 4020 0 1314 0 162 0 1565 21 120 21 1672 21 4018 0 1566 0 272 0 1313 0 161 0 2112 0 1569 8 160 8 1712 8 1570 0 273 0 2115 0 4014 12 1247 12 95 12 1573 0 159 0 1711 0 1574 0 274 0 2119 0 1270 8 118 8 2120 8 1577 36 128 36 1680 36 4009 0 1578 0 275 0 1269 36 117 36 2124 36 4007 46 1581 46 156 46 1582 0 276 0 2127 0 4005 11 1253 11 101 11 1585 0 155 0 1707 0 1586 22 277 22 2131 22 1266 47 114 47 2132 47 1589 36 124 36 1676 36 1590 22 278 22 2135 22 1265 48 113 48 2136 48 1593 0 152 0 1704 0 1594 0 279 0 2139 0 1254 0 102 0 2140 0 3995 0 1597 0 151 0 3994 6 1598 6 280 6 1262 0 110 0 2144 0 1601 8 131 8 1683 8 1602 0 281 0 2147 0 1261 0 109 0 2148 0 1605 0 148 0 1700 0 1606 0 282 0 2151 0 1251 0 99 0 2152 0 3986 38 1609 38 147 38 1610 36 283 36 2155 36 1258 0 106 0 2156 0 1613 49 132 49 1684 49 1614 50 284 50 2159 50 1257 50 105 50 2160 50 1617 51 144 51 1696 51 1618 52 285 52 2163 52 1239 0 87 0 2164 0 1621 0 143 0 1695 0 3976 0 1622 0 286 0 1242 0 90 0 2168 0 1625 23 136 23 1688 23 3973 0 1626 0 287 0 1241 0 89 0 2172 0 3971 0 1629 0 140 0 1630 37 288 37 2175 37 1235 0 83 0 2176 0 2177 0 832 0 1632 0 2178 0 833 0 2179 0 1779 0 435 0 2180 0 2181 8 831 8 1631 8 2182 10 834 10 2183 10 2174 21 830 21 2184 21 3962 12 2185 12 348 12 2186 8 835 8 2187 8 2173 37 829 37 2188 37 2189 53 828 53 1628 53 2190 8 836 8 2191 8 1785 22 441 22 2192 22 2193 0 827 0 1627 0 2194 0 837 0 2195 0 3954 0 2170 0 826 0 2197 22 344 22 1144 22 2198 0 838 0 2199 0 2169 8 825 8 2200 8 2201 54 824 54 1624 54 2202 0 839 0 2203 0 3948 3 1786 3 442 3 2205 0 823 0 1623 0 2206 0 840 0 2207 0 2166 0 822 0 2208 0 2209 55 351 55 1151 55 2210 56 841 56 2211 56 2165 0 821 0 2212 0 2213 0 820 0 1620 0 2214 8 842 8 2215 8 1783 22 439 22 2216 22 2217 57 819 57 1619 57 2218 0 843 0 2219 0 2162 0 818 0 2220 0 2221 0 352 0 1152 0 2222 58 844 58 2223 58 2161 59 817 59 2224 59 2225 60 816 60 1616 60 2226 0 845 0 2227 0 1801 21 457 21 2228 21 2229 61 815 61 1615 61 2230 0 846 0 2231 0 2158 22 814 22 2232 22 2233 0 340 0 1140 0 2234 0 847 0 2235 0 2157 62 813 62 2236 62 3923 0 2237 0 812 0 2238 22 848 22 2239 22 1802 0 458 0 2240 0 2241 0 811 0 1611 0 2242 43 849 43 2243 43 3918 0 2154 0 810 0 2245 0 355 0 1155 0 2246 63 850 63 2247 63 2153 10 809 10 2248 10 3914 12 2249 12 808 12 2250 0 851 0 2251 0 3912 0 1795 0 451 0 2253 36 807 36 1607 36 2254 0 852 0 2255 0 2150 0 806 0 2256 0 3908 1 2257 1 356 1 2258 10 853 10 2259 10 3906 0 2149 0 805 0 2261 57 804 57 1604 57 2262 8 854 8 2263 8 1805 64 461 64 2264 64 3902 33 2265 33 803 33 2266 0 855 0 2267 0 2146 0 802 0 2268 0 2269 65 339 65 1139 65 2270 0 856 0 2271 0 2145 0 801 0 2272 0 2273 0 800 0 1600 0 2274 8 857 8 2275 8 1806 22 462 22 2276 22 2277 0 799 0 1599 0 2278 22 858 22 2279 22 2142 36 798 36 2280 36 2281 66 359 66 1159 66 2282 10 859 10 2283 10 3888 0 2141 0 797 0 2285 0 796 0 1596 0 3886 67 2286 67 860 67 1798 22 454 22 2288 22 3884 0 2289 0 795 0 2290 0 861 0 2291 0 2138 0 794 0 2292 0 2293 0 360 0 1160 0 2294 0 862 0 2295 0 2137 0 793 0 2296 0 2297 0 792 0 1592 0 2298 0 863 0 2299 0 1809 0 465 0 2300 0 2301 22 791 22 1591 22 3874 0 2302 0 864 0 2134 37 790 37 2304 37 2305 0 332 0 1132 0 2306 0 865 0 2307 0 3870 6 2133 6 789 6 2309 0 788 0 1588 0 3868 12 2310 12 866 12 1810 0 466 0 2312 0 3866 6 2313 6 787 6 3865 6 2314 6 867 6 2130 21 786 21 2316 21 2317 37 363 37 1163 37 3862 6 2318 6 868 6 2129 10 785 10 2320 10 2321 0 784 0 1584 0 3859 0 2322 0 869 0 3858 0 1797 0 453 0 2325 0 783 0 1583 0 2326 44 870 44 2327 44 2126 0 782 0 2328 0 2329 43 364 43 1164 43 2330 63 871 63 2331 63 2125 23 781 23 2332 23 2333 0 780 0 1580 0 2334 0 872 0 2335 0 1813 8 469 8 2336 8 2337 63 779 63 1579 63 2338 44 873 44 2339 44 2122 0 778 0 2340 0 2341 0 336 0 1136 0 2342 0 874 0 2343 0 2121 0 777 0 2344 0 2345 36 776 36 1576 36 2346 0 875 0 2347 0 3840 0 1814 0 470 0 2349 0 775 0 1575 0 2350 0 876 0 2351 0 2118 0 774 0 2352 0 2353 8 367 8 1167 8 3835 0 2354 0 877 0 2117 0 773 0 2356 0 2357 0 772 0 1572 0 2358 0 878 0 2359 0 1791 10 447 10 2360 10 3830 0 2361 0 771 0 2362 22 879 22 2363 22 3828 0 2114 0 770 0 2365 0 368 0 1168 0 2366 0 880 0 2367 0 2113 0 769 0 2368 0 3824 0 2369 0 768 0 2370 0 881 0 2371 0 1857 8 513 8 2372 8 2373 39 767 39 1567 39 2374 0 882 0 2375 0 2110 36 766 36 2376 36 2377 42 328 42 1128 42 2378 8 883 8 2379 8 2109 0 765 0 2380 0 3815 12 2381 12 764 12 3814 0 2382 0 884 0 1858 0 514 0 2384 0 2385 0 763 0 1563 0 2386 0 885 0 2387 0 2106 68 762 68 2388 68 2389 0 371 0 1171 0 3808 25 2390 25 886 25 2105 0 761 0 2392 0 2393 8 760 8 1560 8 2394 0 887 0 2395 0 1831 0 487 0 2396 0 2397 21 759 21 1559 21 2398 69 888 69 2399 69 2102 0 758 0 2400 0 3800 0 2401 0 372 0 2402 37 889 37 2403 37 2101 22 757 22 2404 22 3797 0 2405 0 756 0 2406 43 890 43 2407 43 1861 0 517 0 2408 0 2409 0 755 0 1555 0 3793 4 2410 4 891 4 3792 0 2098 0 754 0 3791 45 2413 45 327 45 2414 0 892 0 2415 0 3789 4 2097 4 753 4 2417 44 752 44 1552 44 2418 69 893 69 2419 69 1862 70 518 70 2420 70 3785 71 2421 71 751 71 2422 72 894 72 2423 72 2094 0 750 0 2424 0 2425 5 375 5 1175 5 2426 0 895 0 2427 0 2093 0 749 0 2428 0 2429 8 748 8 1548 8 2430 0 896 0 2431 0 1854 21 510 21 2432 21 3776 0 2433 0 747 0 2434 69 897 69 2435 69 2090 0 746 0 2436 0 3773 0 2437 0 376 0 2438 0 898 0 2439 0 2089 10 745 10 2440 10 2441 5 744 5 1544 5 2442 43 899 43 2443 43 1865 0 521 0 2444 0 2445 0 743 0 1543 0 2446 8 900 8 2447 8 2086 5 742 5 2448 5 2449 63 296 63 1096 63 2450 5 901 5 2451 5 2085 22 741 22 2452 22 2453 8 740 8 1540 8 2454 0 902 0 2455 0 1866 5 522 5 2456 5 2457 44 739 44 1539 44 2458 0 903 0 2459 0 2082 5 738 5 2460 5 2461 0 379 0 1179 0 2462 63 904 63 2463 63 2081 0 737 0 2464 0 2465 0 736 0 1536 0 2466 22 905 22 2467 22 1853 21 509 21 2468 21 3749 0 2469 0 735 0 2470 0 906 0 2471 0 2078 8 734 8 2472 8 2473 0 380 0 1180 0 2474 0 907 0 2475 0 2077 21 733 21 2476 21 2477 0 732 0 1532 0 2478 8 908 8 2479 8 1869 0 525 0 2480 0 2481 0 731 0 1531 0 2482 0 909 0 2483 0 2074 0 730 0 2484 0 2485 26 324 26 1124 26 2486 0 910 0 2487 0 2073 22 729 22 2488 22 2489 10 728 10 1528 10 2490 0 911 0 2491 0 1870 0 526 0 2492 0 2493 39 727 39 1527 39 2494 70 912 70 2495 70 2070 0 726 0 2496 0 2497 0 383 0 1183 0 2498 0 913 0 2499 0 2069 0 725 0 2500 0 2501 0 724 0 1524 0 3724 73 2502 73 914 73 1837 0 493 0 2504 0 2505 0 723 0 1523 0 2506 0 915 0 2507 0 2066 74 722 74 2508 74 3719 4 2509 4 384 4 2510 0 916 0 2511 0 2065 75 721 75 2512 75 2513 8 720 8 1520 8 2514 0 917 0 2515 0 1873 0 529 0 2516 0 3713 76 2517 76 719 76 2518 0 918 0 2519 0 2062 0 718 0 2520 0 2521 0 323 0 1123 0 2522 0 919 0 2523 0 2061 8 717 8 2524 8 2525 0 716 0 1516 0 2526 70 920 70 2527 70 3705 77 1874 77 530 77 3704 0 2529 0 715 0 2530 0 921 0 2531 0 2058 0 714 0 2532 0 2533 78 387 78 1187 78 2534 0 922 0 2535 0 2057 0 713 0 2536 0 2537 0 712 0 1512 0 2538 36 923 36 2539 36 1850 0 506 0 2540 0 2541 0 711 0 1511 0 3694 79 2542 79 924 79 3693 79 2054 79 710 79 2545 37 388 37 1188 37 2546 0 925 0 2547 0 2053 36 709 36 2548 36 3689 0 2549 0 708 0 2550 0 926 0 2551 0 1877 0 533 0 2552 0 2553 0 707 0 1507 0 3685 76 2554 76 927 76 2050 0 706 0 2556 0 2557 0 292 0 1092 0 2558 80 928 80 2559 80 2049 0 705 0 2560 0 3680 0 2561 0 704 0 2562 0 929 0 2563 0 1878 21 534 21 2564 21 2565 80 703 80 1503 80 3676 0 2566 0 930 0 2046 36 702 36 2568 36 2569 81 391 81 1191 81 2570 0 931 0 2571 0 2045 0 701 0 2572 0 2573 22 700 22 1500 22 2574 36 932 36 2575 36 1849 0 505 0 2576 0 3668 12 2577 12 699 12 2578 0 933 0 2579 0 2042 0 698 0 2580 0 2581 0 392 0 1192 0 2582 0 934 0 2583 0 2041 0 697 0 2584 0 2585 0 696 0 1496 0 2586 0 935 0 2587 0 3660 12 1881 12 537 12 2589 8 695 8 1495 8 2590 82 936 82 2591 82 2038 42 694 42 2592 42 2593 0 320 0 1120 0 3655 25 2594 25 937 25 2037 0 693 0 2596 0 2597 0 692 0 1492 0 2598 0 938 0 2599 0 1882 0 538 0 2600 0 2601 0 691 0 1491 0 2602 0 939 0 2603 0 2034 26 690 26 2604 26 2605 82 395 82 1195 82 3646 0 2606 0 940 0 2033 8 689 8 2608 8 2609 83 688 83 1488 83 2610 0 941 0 2611 0 1838 84 494 84 2612 84 2613 0 687 0 1487 0 2614 8 942 8 2615 8 3639 0 2030 0 686 0 3638 0 2617 0 396 0 2618 5 943 5 2619 5 2029 9 685 9 2620 9 2621 10 684 10 1484 10 2622 0 944 0 2623 0 1885 8 541 8 2624 8 2625 8 683 8 1483 8 2626 0 945 0 2627 0 2026 0 682 0 2628 0 2629 15 319 15 1119 15 3628 0 2630 0 946 0 2025 22 681 22 2632 22 2633 0 680 0 1480 0 3625 0 2634 0 947 0 1886 0 542 0 2636 0 2637 0 679 0 1479 0 2638 8 948 8 2639 8 2022 0 678 0 2640 0 2641 0 399 0 1199 0 2642 0 949 0 2643 0 2021 0 677 0 2644 0 2645 0 676 0 1476 0 2646 0 950 0 2647 0 1846 0 502 0 2648 0 2649 10 675 10 1475 10 2650 0 951 0 2651 0 2018 0 674 0 2652 0 2653 36 400 36 1200 36 2654 21 952 21 2655 21 3609 12 2017 12 673 12 2657 50 672 50 1472 50 2658 22 953 22 2659 22 1889 0 545 0 2660 0 3605 0 2661 0 671 0 2662 0 954 0 2663 0 2014 8 670 8 2664 8 3602 85 2665 85 299 85 2666 86 955 86 2667 86 2013 62 669 62 2668 62 2669 0 668 0 1468 0 2670 0 956 0 2671 0 3597 0 1890 0 546 0 2673 0 667 0 1467 0 2674 8 957 8 2675 8 2010 0 666 0 2676 0 2677 0 403 0 1203 0 2678 0 958 0 2679 0 2009 0 665 0 2680 0 2681 0 664 0 1464 0 2682 0 959 0 2683 0 1845 0 501 0 2684 0 3587 0 2685 0 663 0 2686 37 960 37 2687 37 2006 0 662 0 2688 0 2689 87 404 87 1204 87 2690 0 961 0 2691 0 3582 0 2005 0 661 0 2693 10 660 10 1460 10 2694 0 962 0 2695 0 3579 12 1893 12 549 12 2697 42 659 42 1459 42 2698 42 963 42 2699 42 2002 0 658 0 2700 0 2701 0 316 0 1116 0 2702 0 964 0 2703 0 2001 10 657 10 2704 10 2705 0 656 0 1456 0 2706 0 965 0 2707 0 1894 0 550 0 2708 0 2709 0 655 0 1455 0 3568 25 2710 25 966 25 1998 0 654 0 2712 0 2713 0 407 0 1207 0 2714 0 967 0 2715 0 1997 0 653 0 2716 0 2717 37 652 37 1452 37 2718 21 968 21 2719 21 1835 0 491 0 2720 0 2721 0 651 0 1451 0 2722 0 969 0 2723 0 1994 10 650 10 2724 10 2725 0 408 0 1208 0 2726 21 970 21 2727 21 1993 21 649 21 2728 21 2729 44 648 44 1448 44 2730 22 971 22 2731 22 1897 5 553 5 2732 5 2733 0 647 0 1447 0 2734 22 972 22 2735 22 1990 8 646 8 2736 8 2737 0 315 0 1115 0 2738 22 973 22 2739 22 1989 0 645 0 2740 0 2741 0 644 0 1444 0 2742 0 974 0 2743 0 3543 4 1898 4 554 4 2745 0 643 0 1443 0 2746 0 975 0 2747 0 1986 0 642 0 2748 0 2749 88 411 88 1211 88 2750 0 976 0 2751 0 1985 0 641 0 2752 0 2753 22 640 22 1440 22 2754 0 977 0 2755 0 1842 0 498 0 2756 0 3533 4 2757 4 639 4 2758 63 978 63 2759 63 1982 22 638 22 2760 22 2761 0 412 0 1212 0 3529 45 2762 45 979 45 1981 0 637 0 2764 0 2765 61 636 61 1436 61 2766 5 980 5 2767 5 1901 43 557 43 2768 43 3524 89 2769 89 635 89 2770 90 981 90 2771 90 1978 0 634 0 2772 0 2773 72 300 72 1100 72 2774 91 982 91 2775 91 1977 92 633 92 2776 92 2777 0 632 0 1432 0 2778 0 983 0 2779 0 1902 0 558 0 2780 0 2781 93 631 93 1431 93 2782 43 984 43 2783 43 1974 0 630 0 2784 0 3512 0 2785 0 415 0 2786 0 985 0 2787 0 3510 0 1973 0 629 0 3509 6 2789 6 628 6 2790 0 986 0 2791 0 3507 12 1841 12 497 12 2793 0 627 0 1427 0 2794 0 987 0 2795 0 1970 0 626 0 2796 0 2797 0 416 0 1216 0 2798 0 988 0 2799 0 1969 36 625 36 2800 36 2801 0 624 0 1424 0 2802 22 989 22 2803 22 1905 10 561 10 2804 10 2805 94 623 94 1423 94 2806 0 990 0 2807 0 1966 36 622 36 2808 36 2809 95 312 95 1112 95 2810 0 991 0 2811 0 3492 0 1965 0 621 0 2813 21 620 21 1420 21 2814 0 992 0 2815 0 1906 0 562 0 2816 0 3488 0 2817 0 619 0 2818 26 993 26 2819 26 1962 8 618 8 2820 8 2821 0 419 0 1219 0 2822 0 994 0 2823 0 3483 12 1961 12 617 12 2825 0 616 0 1416 0 2826 0 995 0 2827 0 1823 0 479 0 2828 0 2829 8 615 8 1415 8 2830 8 996 8 2831 8 1958 21 614 21 2832 21 2833 17 420 17 1220 17 3475 12 2834 12 997 12 3474 6 1957 6 613 6 3473 96 2837 96 612 96 2838 0 998 0 2839 0 1909 97 565 97 2840 97 3470 98 2841 98 611 98 2842 8 999 8 2843 8 1954 0 610 0 2844 0 3467 99 2845 99 311 99 2846 91 1000 91 2847 91 3465 0 1953 0 609 0 2849 0 608 0 1408 0 3463 6 2850 6 1001 6 3462 0 1910 0 566 0 2853 0 607 0 1407 0 2854 0 1002 0 2855 0 1950 8 606 8 2856 8 2857 0 423 0 1223 0 3457 0 2858 0 1003 0 1949 0 605 0 2860 0 2861 0 604 0 1404 0 2862 100 1004 100 2863 100 1826 101 482 101 2864 101 3452 0 2865 0 603 0 2866 0 1005 0 2867 0 1946 0 602 0 2868 0 2869 0 424 0 1224 0 2870 0 1006 0 2871 0 1945 0 601 0 2872 0 2873 0 600 0 1400 0 3445 6 2874 6 1007 6 1913 0 569 0 2876 0 2877 0 599 0 1399 0 2878 0 1008 0 2879 0 1942 0 598 0 2880 0 2881 0 304 0 1104 0 2882 8 1009 8 2883 8 1941 39 597 39 2884 39 2885 0 596 0 1396 0 3436 6 2886 6 1010 6 3435 102 1914 102 570 102 2889 0 595 0 1395 0 2890 39 1011 39 2891 39 1938 0 594 0 2892 0 3431 0 2893 0 427 0 2894 39 1012 39 2895 39 1937 42 593 42 2896 42 2897 0 592 0 1392 0 2898 0 1013 0 2899 0 1825 8 481 8 2900 8 2901 22 591 22 1391 22 2902 0 1014 0 2903 0 1934 0 590 0 2904 0 2905 0 428 0 1228 0 2906 0 1015 0 2907 0 1933 0 589 0 2908 0 2909 0 588 0 1388 0 2910 0 1016 0 2911 0 1917 8 573 8 2912 8 2913 8 587 8 1387 8 2914 39 1017 39 2915 39 1930 0 586 0 2916 0 2917 42 308 42 1108 42 2918 82 1018 82 2919 82 3411 0 1929 0 585 0 2921 10 584 10 1384 10 2922 8 1019 8 2923 8 1918 37 574 37 2924 37 2925 0 583 0 1383 0 2926 0 1020 0 2927 0 1926 36 582 36 2928 36 3404 0 2929 0 431 0 2930 42 1021 42 2931 42 3402 6 1925 6 581 6 3401 12 2933 12 580 12 2934 0 1022 0 2935 0 1819 10 475 10 2936 10 2937 0 579 0 1379 0 2938 0 1023 0 2939 0 1922 0 578 0 2940 0 2941 22 432 22 1232 22 3394 0 2942 0 1024 0 1921 0 577 0 2944 0 2945 8 576 8 1376 8 2946 0 1025 0 2947 0 1675 0 331 0 2948 0 2949 22 575 22 1375 22 2950 37 1026 37 2951 37 1774 10 430 10 2952 10 2953 0 452 0 1252 0 2954 0 1027 0 2955 0 1773 0 429 0 2956 0 2957 0 572 0 1372 0 2958 103 1028 103 2959 103 1681 0 337 0 2960 0 3380 0 2961 0 571 0 2962 36 1029 36 2963 36 1770 0 426 0 2964 0 2965 0 448 0 1248 0 3376 12 2966 12 1030 12 1769 0 425 0 2968 0 2969 17 568 17 1368 17 2970 47 1031 47 2971 47 1682 0 338 0 2972 0 2973 0 567 0 1367 0 2974 0 1032 0 2975 0 1766 36 422 36 2976 36 2977 55 455 55 1255 55 2978 0 1033 0 2979 0 1765 104 421 104 2980 104 2981 0 564 0 1364 0 3364 0 2982 0 1034 0 3363 12 1679 12 335 12 3362 105 2985 105 563 105 2986 0 1035 0 2987 0 1762 0 418 0 2988 0 2989 13 456 13 1256 13 2990 58 1036 58 2991 58 1761 62 417 62 2992 62 2993 0 560 0 1360 0 3355 12 2994 12 1037 12 1697 0 353 0 2996 0 2997 87 559 87 1359 87 2998 0 1038 0 2999 0 3351 4 1758 4 414 4 3001 0 444 0 1244 0 3002 106 1039 106 3003 106 1757 0 413 0 3004 0 3005 21 556 21 1356 21 3346 6 3006 6 1040 6 1698 0 354 0 3008 0 3009 44 555 44 1355 44 3010 0 1041 0 3011 0 1754 5 410 5 3012 5 3013 0 459 0 1259 0 3014 63 1042 63 3015 63 1753 44 409 44 3016 44 3017 0 552 0 1352 0 3337 0 3018 0 1043 0 3336 12 1691 12 347 12 3335 0 3021 0 551 0 3022 0 1044 0 3023 0 1750 10 406 10 3024 10 3025 107 460 107 1260 107 3026 0 1045 0 3027 0 3330 0 1749 0 405 0 3029 17 548 17 1348 17 3030 10 1046 10 3031 10 3327 108 1701 108 357 108 3033 0 547 0 1347 0 3034 0 1047 0 3035 0 3324 12 1746 12 402 12 3323 0 3037 0 443 0 3038 0 1048 0 3039 0 1745 58 401 58 3040 58 3041 0 544 0 1344 0 3042 22 1049 22 3043 22 1702 0 358 0 3044 0 3045 37 543 37 1343 37 3046 10 1050 10 3047 10 3315 6 1742 6 398 6 3049 0 463 0 1263 0 3313 12 3050 12 1051 12 1741 22 397 22 3052 22 3311 109 3053 109 540 109 3054 0 1052 0 3055 0 1694 0 350 0 3056 0 3057 37 539 37 1339 37 3058 10 1053 10 3059 10 3306 0 1738 0 394 0 3061 110 464 110 1264 110 3062 21 1054 21 3063 21 3303 0 1737 0 393 0 3065 10 536 10 1336 10 3066 21 1055 21 3067 21 3300 0 1705 0 361 0 3299 0 3069 0 535 0 3070 36 1056 36 3071 36 1734 0 390 0 3072 0 3073 0 436 0 1236 0 3074 0 1057 0 3075 0 1733 0 389 0 3076 0 3077 10 532 10 1332 10 3292 0 3078 0 1058 0 1706 0 362 0 3080 0 3081 0 531 0 1331 0 3289 0 3082 0 1059 0 1730 0 386 0 3084 0 3085 36 467 36 1267 36 3286 6 3086 6 1060 6 1729 0 385 0 3088 0 3089 53 528 53 1328 53 3090 0 1061 0 3091 0 1693 0 349 0 3092 0 3093 8 527 8 1327 8 3094 0 1062 0 3095 0 1726 0 382 0 3096 0 3278 12 3097 12 468 12 3098 10 1063 10 3099 10 3276 0 1725 0 381 0 3101 0 524 0 1324 0 3102 22 1064 22 3103 22 3273 12 1709 12 365 12 3272 4 3105 4 523 4 3271 0 3106 0 1065 0 1722 5 378 5 3108 5 3109 43 440 43 1240 43 3110 44 1066 44 3111 44 1721 0 377 0 3112 0 3113 8 520 8 1320 8 3114 37 1067 37 3115 37 1710 21 366 21 3116 21 3117 0 519 0 1319 0 3118 43 1068 43 3119 43 1718 5 374 5 3120 5 3121 0 471 0 1271 0 3122 0 1069 0 3123 0 1717 8 373 8 3124 8 3125 0 516 0 1316 0 3126 0 1070 0 3127 0 1687 0 343 0 3128 0 3129 22 515 22 1315 22 3253 12 3130 12 1071 12 1714 0 370 0 3132 0 3133 0 472 0 1272 0 3134 0 1072 0 3135 0 1713 36 369 36 3136 36 3137 22 512 22 1312 22 3138 0 1073 0 3139 0 1647 0 303 0 3140 0 3141 21 511 21 1311 21 3142 0 1074 0 3143 0 1670 21 326 21 3144 21 3145 0 480 0 1280 0 3146 0 1075 0 3147 0 3240 0 1669 0 325 0 3149 0 508 0 1308 0 3150 103 1076 103 3151 103 1653 41 309 41 3152 41 3236 0 3153 0 507 0 3154 0 1077 0 3155 0 1666 0 322 0 3156 0 3157 0 476 0 1276 0 3158 0 1078 0 3159 0 1665 0 321 0 3160 0 3161 111 504 111 1304 111 3162 0 1079 0 3163 0 3228 3 1654 3 310 3 3165 16 503 16 1303 16 3166 8 1080 8 3167 8 1662 0 318 0 3168 0 3169 51 483 51 1283 51 3170 0 1081 0 3171 0 1661 0 317 0 3172 0 3173 0 500 0 1300 0 3174 0 1082 0 3175 0 1651 0 307 0 3176 0 3177 0 499 0 1299 0 3217 0 3178 0 1083 0 1658 0 314 0 3180 0 3215 112 3181 112 484 112 3182 0 1084 0 3183 0 1657 59 313 59 3184 59 3185 0 496 0 1296 0 3186 0 1085 0 3187 0 1639 0 295 0 3188 0 3209 0 3189 0 495 0 3190 113 1086 113 3191 113 1642 0 298 0 3192 0 3193 0 488 0 1288 0 3194 103 1087 103 3195 103 1641 0 297 0 3196 0 3197 0 492 0 1292 0 3198 0 1088 0 3199 0 1635 0 291 0 3200 0 3201 0 3200 0 1088 0 2176 36 3201 36 3198 36 83 36 1635 36 3201 36 3202 78 3199 78 829 78 1632 0 3202 0 2173 0 832 37 3198 37 3202 37 3203 81 1292 81 140 81 3199 80 3203 80 1629 80 3199 0 1088 0 3197 0 3204 0 3196 0 1087 0 2172 22 3204 22 3194 22 89 0 1641 0 3204 0 3205 0 3195 0 825 0 1628 0 3205 0 2169 0 828 0 3194 0 3205 0 3206 0 1288 0 136 0 3195 43 3206 43 1625 43 1087 0 3193 0 3206 0 3207 0 3192 0 1086 0 2168 114 3207 114 3190 114 90 0 1642 0 3207 0 3208 91 3191 91 821 91 1624 5 3208 5 2165 5 824 0 3190 0 3208 0 1621 115 3209 115 1295 115 3191 72 3209 72 1621 72 3191 116 1086 116 3189 116 3210 0 3188 0 1085 0 2164 0 3210 0 3186 0 87 0 1639 0 3210 0 3211 0 3187 0 817 0 1620 81 3211 81 2161 81 820 36 3186 36 3211 36 1617 0 3212 0 1296 0 3187 0 3212 0 1617 0 1085 0 3185 0 3212 0 3213 0 3184 0 1084 0 2160 21 3213 21 3182 21 105 0 1657 0 3213 0 3214 62 3183 62 813 62 1616 36 3214 36 2157 36 816 10 3182 10 3214 10 3215 0 1284 0 132 0 3183 117 3215 117 1613 117 3183 0 1084 0 3181 0 3216 0 3180 0 1083 0 2156 0 3216 0 3178 0 106 0 1658 0 3216 0 3217 21 3179 21 809 21 283 12 1612 12 3217 12 812 0 3178 0 3217 0 3218 66 1299 66 147 66 3179 0 3218 0 1609 0 1083 22 3177 22 3218 22 3219 8 3176 8 1082 8 2152 8 3219 8 3174 8 99 0 1651 0 3219 0 3220 0 3175 0 805 0 1608 0 3220 0 2149 0 808 0 3174 0 3220 0 3221 0 1300 0 148 0 3175 0 3221 0 1605 0 1082 0 3173 0 3221 0 3222 0 3172 0 1081 0 804 12 2148 12 3222 12 109 64 1661 64 3222 64 2145 118 3223 118 3171 118 1604 8 3223 8 2145 8 804 22 3170 22 3223 22 1601 119 3224 119 1283 119 801 0 3171 0 3224 0 1081 0 3169 0 3224 0 3225 37 3168 37 1080 37 2144 21 3225 21 3166 21 2144 0 110 0 1662 0 3226 0 3167 0 797 0 1600 0 3226 0 2141 0 800 10 3166 10 3226 10 3227 0 1303 0 151 0 3167 39 3227 39 1597 39 1080 37 3165 37 3227 37 3228 0 3164 0 1079 0 2140 0 3228 0 3162 0 102 101 1654 101 3228 101 3229 0 3163 0 793 0 1596 0 3229 0 2137 0 796 0 3162 0 3229 0 3230 120 1304 120 152 120 3163 0 3230 0 1593 0 1079 0 3161 0 3230 0 3231 8 3160 8 1078 8 2136 8 3231 8 3158 8 113 0 1665 0 3231 0 2133 0 3232 0 3159 0 1592 0 3232 0 2133 0 792 0 3158 0 3232 0 1589 0 3233 0 1276 0 789 24 3159 24 3233 24 1078 21 3157 21 3233 21 3234 0 3156 0 1077 0 2132 0 3234 0 3154 0 2132 121 114 121 1666 121 3235 42 3155 42 785 42 1588 82 3235 82 2129 82 1588 0 788 0 3154 0 3236 82 1307 82 155 82 3155 0 3236 0 1585 0 1077 0 3153 0 3236 0 3237 122 3152 122 1076 122 2128 0 3237 0 3150 0 101 0 1653 0 3237 0 2125 0 3238 0 3151 0 1584 0 3238 0 2125 0 784 0 3150 0 3238 0 1581 0 3239 0 1308 0 3151 0 3239 0 1581 0 3151 123 1076 123 3149 123 3240 10 3148 10 1075 10 2124 0 3240 0 3146 0 117 0 1669 0 3240 0 3241 22 3147 22 777 22 275 0 1580 0 3241 0 780 0 3146 0 3241 0 3242 0 1280 0 128 0 3147 22 3242 22 1577 22 1075 0 3145 0 3242 0 3243 10 3144 10 1074 10 2120 0 3243 0 3142 0 2120 12 118 12 1670 12 3244 0 3143 0 773 0 1576 0 3244 0 2117 0 776 0 3142 0 3244 0 3245 10 1311 10 159 10 3143 0 3245 0 1573 0 1074 0 3141 0 3245 0 3246 8 3140 8 1073 8 2116 10 3246 10 3138 10 95 21 1647 21 3246 21 3247 0 3139 0 769 0 1572 0 3247 0 2113 0 772 0 3138 0 3247 0 3248 0 1312 0 160 0 3139 80 3248 80 1569 80 3139 0 1073 0 3137 0 3134 124 3249 124 3136 124 2112 8 3249 8 3134 8 161 0 1713 0 3249 0 3250 37 3135 37 765 37 1568 0 3250 0 2109 0 768 22 3134 22 3250 22 1565 0 3251 0 1272 0 3135 0 3251 0 1565 0 1072 0 3133 0 3251 0 3252 78 3132 78 1071 78 2108 0 3252 0 3130 0 162 125 1714 125 3252 125 3253 0 3131 0 761 0 1564 0 3253 0 2105 0 764 126 3130 126 3253 126 3254 0 1315 0 163 0 3131 21 3254 21 1561 21 3131 0 1071 0 3129 0 3255 0 3128 0 1070 0 2104 36 3255 36 3126 36 135 0 1687 0 3255 0 3256 0 3127 0 757 0 1560 0 3256 0 2101 0 1560 127 760 127 3126 127 3257 0 1316 0 164 0 3127 0 3257 0 1557 0 1070 0 3125 0 3257 0 3258 0 3124 0 1069 0 2100 0 3258 0 3122 0 165 8 1717 8 3258 8 3259 63 3123 63 753 63 1556 0 3259 0 2097 0 756 22 3122 22 3259 22 3260 0 1271 0 119 0 3123 0 3260 0 1553 0 1069 0 3121 0 3260 0 3261 0 3120 0 1068 0 2096 128 3261 128 3118 128 166 63 1718 63 3261 63 3262 129 3119 129 749 129 268 0 1552 0 3262 0 752 0 3118 0 3262 0 3263 0 1319 0 167 0 3119 129 3263 129 1549 129 3119 45 1068 45 3117 45 3264 10 3116 10 1067 10 2092 130 3264 130 3114 130 158 36 1710 36 3264 36 3265 0 3115 0 745 0 1548 126 3265 126 2089 126 748 0 3114 0 3265 0 3266 0 1320 0 168 0 3115 37 3266 37 1545 37 1067 10 3113 10 3266 10 3110 0 3267 0 3112 0 2088 63 3267 63 3110 63 169 63 1721 63 3267 63 3268 5 3111 5 741 5 1544 0 3268 0 2085 0 1544 4 744 4 3110 4 3269 0 1240 0 88 0 3111 8 3269 8 1541 8 1066 0 3109 0 3269 0 3270 43 3108 43 1065 43 2084 0 3270 0 3106 0 170 22 1722 22 3270 22 2081 4 3271 4 3107 4 1540 5 3271 5 2081 5 740 0 3106 0 3271 0 3272 0 1323 0 171 0 3107 0 3272 0 1537 0 1065 8 3105 8 3272 8 3273 0 3104 0 1064 0 2080 0 3273 0 3102 0 157 10 1709 10 3273 10 3274 0 3103 0 733 0 1536 10 3274 10 2077 10 1536 0 736 0 3102 0 3275 36 1324 36 172 36 3103 0 3275 0 1533 0 1064 22 3101 22 3275 22 3276 44 3100 44 1063 44 2076 63 3276 63 3098 63 173 0 1725 0 3276 0 3277 0 3099 0 729 0 263 25 1532 25 3277 25 732 36 3098 36 3277 36 3278 0 1268 0 116 0 3099 0 3278 0 1529 0 1063 8 3097 8 3278 8 3279 0 3096 0 1062 0 2072 0 3279 0 3094 0 2072 131 174 131 1726 131 3280 82 3095 82 725 82 1528 0 3280 0 2069 0 728 132 3094 132 3280 132 3281 0 1327 0 175 0 725 25 3095 25 3281 25 3095 0 1062 0 3093 0 3282 0 3092 0 1061 0 2068 0 3282 0 3090 0 141 0 1693 0 3282 0 3283 0 3091 0 721 0 261 0 1524 0 3283 0 724 0 3090 0 3283 0 3284 5 1328 5 176 5 3091 0 3284 0 1521 0 1061 0 3089 0 3284 0 3285 0 3088 0 1060 0 2064 10 3285 10 3086 10 177 0 1729 0 3285 0 3286 0 3087 0 717 0 1520 21 3286 21 2061 21 720 37 3086 37 3286 37 3287 37 1267 37 115 37 3087 0 3287 0 1517 0 1060 0 3085 0 3287 0 3288 8 3084 8 1059 8 2060 126 3288 126 3082 126 178 21 1730 21 3288 21 3289 10 3083 10 713 10 1516 0 3289 0 2057 0 716 0 3082 0 3289 0 1513 12 3290 12 1331 12 3083 8 3290 8 1513 8 1059 22 3081 22 3290 22 3291 37 3080 37 1058 37 2056 0 3291 0 3078 0 154 133 1706 133 3291 133 3292 26 3079 26 709 26 1512 0 3292 0 2053 0 712 0 3078 0 3292 0 3293 0 1332 0 180 0 3079 0 3293 0 1509 0 3079 12 1058 12 3077 12 3294 0 3076 0 1057 0 2052 0 3294 0 3074 0 181 0 1733 0 3294 0 2049 12 3295 12 3075 12 257 0 1508 0 3295 0 708 22 3074 22 3295 22 1505 0 3296 0 1236 0 3075 0 3296 0 1505 0 1057 0 3073 0 3296 0 3297 36 3072 36 1056 36 2048 0 3297 0 3070 0 182 22 1734 22 3297 22 2045 12 3298 12 3071 12 1504 8 3298 8 2045 8 1504 6 704 6 3070 6 3299 10 1335 10 183 10 3071 0 3299 0 1501 0 1056 0 3069 0 3299 0 3300 21 3068 21 1055 21 2044 0 3300 0 3066 0 153 0 1705 0 3300 0 2041 24 3301 24 3067 24 1500 42 3301 42 2041 42 700 0 3066 0 3301 0 1497 0 3302 0 1336 0 3067 26 3302 26 1497 26 1055 36 3065 36 3302 36 3303 44 3064 44 1054 44 2040 0 3303 0 3062 0 2040 12 185 12 1737 12 3304 82 3063 82 693 82 1496 0 3304 0 2037 0 696 0 3062 0 3304 0 3305 15 1264 15 112 15 3063 8 3305 8 1493 8 1054 0 3061 0 3305 0 3306 44 3060 44 1053 44 2036 0 3306 0 3058 0 186 0 1738 0 3306 0 3307 42 3059 42 689 42 1492 39 3307 39 2033 39 1492 0 692 0 3058 0 3308 39 1339 39 187 39 3059 0 3308 0 1489 0 1053 8 3057 8 3308 8 3309 0 3056 0 1052 0 2032 0 3309 0 3054 0 142 0 1694 0 3309 0 3310 8 3055 8 685 8 1488 5 3310 5 2029 5 688 0 3054 0 3310 0 3311 8 1340 8 188 8 3055 8 3311 8 1485 8 1052 103 3053 103 3311 103 3050 0 3312 0 3052 0 2028 0 3312 0 3050 0 189 37 1741 37 3312 37 3313 0 3051 0 681 0 1484 0 3313 0 2025 0 684 8 3050 8 3313 8 3314 0 1263 0 111 0 3051 0 3314 0 1481 0 1051 0 3049 0 3314 0 3315 0 3048 0 1050 0 2024 10 3315 10 3046 10 2024 0 190 0 1742 0 3316 0 3047 0 677 0 1480 0 3316 0 2021 0 680 0 3046 0 3316 0 3317 0 1343 0 191 0 3047 10 3317 10 1477 10 1050 0 3045 0 3317 0 3318 0 3044 0 1049 0 2020 0 3318 0 3042 0 150 0 1702 0 3318 0 2017 0 3319 0 3043 0 1476 0 3319 0 2017 0 676 37 3042 37 3319 37 3320 26 1344 26 192 26 3043 0 3320 0 1473 0 1049 22 3041 22 3320 22 3321 106 3040 106 1048 106 2016 22 3321 22 3038 22 193 0 1745 0 3321 0 3322 0 3039 0 669 0 1472 10 3322 10 2013 10 672 0 3038 0 3322 0 3323 13 1243 13 91 13 3039 0 3323 0 1469 0 1048 0 3037 0 3323 0 3324 0 3036 0 1047 0 2012 0 3324 0 3034 0 194 10 1746 10 3324 10 3325 0 3035 0 665 0 1468 0 3325 0 2009 0 668 0 3034 0 3325 0 1465 0 3326 0 1347 0 3035 0 3326 0 1465 0 1047 0 3033 0 3326 0 3327 0 3032 0 1046 0 2008 10 3327 10 3030 10 2008 0 149 0 1701 0 3328 22 3031 22 661 22 246 0 1464 0 3328 0 664 0 3030 0 3328 0 3329 0 1348 0 196 0 3031 0 3329 0 1461 0 1046 8 3029 8 3329 8 3330 81 3028 81 1045 81 2004 0 3330 0 3026 0 197 0 1749 0 3330 0 3331 21 3027 21 657 21 1460 0 3331 0 2001 0 660 8 3026 8 3331 8 3332 0 1260 0 108 0 3027 37 3332 37 1457 37 1045 36 3025 36 3332 36 3333 81 3024 81 1044 81 656 76 2000 76 3333 76 198 37 1750 37 3333 37 3334 8 3023 8 653 8 1456 8 3334 8 1997 8 656 0 3022 0 3334 0 3335 10 1351 10 199 10 653 12 3023 12 3335 12 1044 36 3021 36 3335 36 3336 0 3020 0 1043 0 1996 0 3336 0 3018 0 139 10 1691 10 3336 10 3337 80 3019 80 649 80 1452 78 3337 78 1993 78 652 0 3018 0 3337 0 3338 0 1352 0 200 0 3019 81 3338 81 1449 81 1043 0 3017 0 3338 0 3339 5 3016 5 1042 5 1992 43 3339 43 3014 43 201 0 1753 0 3339 0 1989 4 3340 4 3015 4 1448 8 3340 8 1989 8 648 0 3014 0 3340 0 3341 0 1259 0 107 0 3015 0 3341 0 1445 0 1042 0 3013 0 3341 0 3342 0 3012 0 1041 0 1988 0 3342 0 3010 0 1988 4 202 4 1754 4 3343 88 3011 88 641 88 241 45 1444 45 3343 45 1444 0 644 0 3010 0 3344 5 1355 5 203 5 3011 0 3344 0 1441 0 1041 0 3009 0 3344 0 3006 0 3345 0 3008 0 1984 0 3345 0 3006 0 146 0 1698 0 3345 0 3346 8 3007 8 637 8 1440 8 3346 8 1981 8 640 22 3006 22 3346 22 1437 6 3347 6 1356 6 3007 37 3347 37 1437 37 1040 36 3005 36 3347 36 3348 0 3004 0 1039 0 1980 0 3348 0 3002 0 1980 4 205 4 1757 4 3349 0 3003 0 633 0 1436 134 3349 134 1977 134 636 22 3002 22 3349 22 3350 0 1244 0 92 0 633 0 3003 0 3350 0 3003 135 1039 135 3001 135 3351 0 3000 0 1038 0 1976 0 3351 0 2998 0 206 5 1758 5 3351 5 3352 22 2999 22 629 22 238 0 1432 0 3352 0 632 0 2998 0 3352 0 3353 0 1359 0 207 0 629 45 2999 45 3353 45 2999 0 1038 0 2997 0 3354 0 2996 0 1037 0 1972 22 3354 22 2994 22 145 0 1697 0 3354 0 3355 0 2995 0 625 0 1428 37 3355 37 1969 37 1428 0 628 0 2994 0 1425 0 3356 0 1360 0 2995 0 3356 0 1425 0 1037 0 2993 0 3356 0 3357 136 2992 136 1036 136 1968 0 3357 0 2990 0 209 0 1761 0 3357 0 3358 59 2991 59 621 59 1424 0 3358 0 1965 0 624 37 2990 37 3358 37 3359 8 1256 8 104 8 2991 137 3359 137 1421 137 1036 0 2989 0 3359 0 3360 81 2988 81 1035 81 1964 0 3360 0 2986 0 210 37 1762 37 3360 37 1961 0 3361 0 2987 0 1420 0 3361 0 1961 0 620 0 2986 0 3361 0 1417 0 3362 0 1363 0 617 12 2987 12 3362 12 2987 0 1035 0 2985 0 3363 0 2984 0 1034 0 1960 0 3363 0 2982 0 127 8 1679 8 3363 8 3364 80 2983 80 613 80 1416 0 3364 0 1957 0 616 0 2982 0 3364 0 1413 0 3365 0 1364 0 2983 0 3365 0 1413 0 2983 6 1034 6 2981 6 3366 91 2980 91 1033 91 612 0 1956 0 3366 0 213 0 1765 0 3366 0 3367 0 2979 0 609 0 1412 26 3367 26 1953 26 612 36 2978 36 3367 36 3368 8 1255 8 103 8 2979 138 3368 138 1409 138 2979 0 1033 0 2977 0 2974 4 3369 4 2976 4 1952 8 3369 8 2974 8 214 0 1766 0 3369 0 3370 0 2975 0 605 0 1408 0 3370 0 1949 0 608 0 2974 0 3370 0 3371 139 1367 139 215 139 2975 39 3371 39 1405 39 2975 0 1032 0 2973 0 3372 140 2972 140 1031 140 1948 0 3372 0 2970 0 130 22 1682 22 3372 22 3373 0 2971 0 601 0 231 4 1404 4 3373 4 1404 0 604 0 2970 0 3374 0 1368 0 216 0 2971 0 3374 0 1401 0 1031 8 2969 8 3374 8 3375 63 2968 63 1030 63 1944 0 3375 0 2966 0 217 37 1769 37 3375 37 1941 0 3376 0 2967 0 230 25 1400 25 3376 25 1400 0 600 0 2966 0 3377 0 1248 0 96 0 2967 22 3377 22 1397 22 1030 0 2965 0 3377 0 3378 0 2964 0 1029 0 1940 43 3378 43 2962 43 218 36 1770 36 3378 36 3379 26 2963 26 593 26 1396 0 3379 0 1937 0 596 0 2962 0 3379 0 3380 39 1371 39 219 39 2963 0 3380 0 1393 0 1029 0 2961 0 3380 0 2958 0 3381 0 2960 0 1936 141 3381 141 2958 141 129 74 1681 74 3381 74 3382 5 2959 5 589 5 1392 0 3382 0 1933 0 592 142 2958 142 3382 142 1389 0 3383 0 1372 0 2959 0 3383 0 1389 0 2959 109 1028 109 2957 109 3384 0 2956 0 1027 0 1932 0 3384 0 2954 0 221 0 1773 0 3384 0 3385 0 2955 0 585 0 1388 0 3385 0 1929 0 588 0 2954 0 3385 0 3386 0 1252 0 100 0 2955 0 3386 0 1385 0 1027 0 2953 0 3386 0 3387 0 2952 0 1026 0 1928 22 3387 22 2950 22 222 0 1774 0 3387 0 3388 21 2951 21 581 21 1384 0 3388 0 1925 0 584 8 2950 8 3388 8 3389 0 1375 0 223 0 2951 0 3389 0 1381 0 1026 22 2949 22 3389 22 3390 0 2948 0 1025 0 1924 0 3390 0 2946 0 123 0 1675 0 3390 0 3391 0 2947 0 577 0 1380 0 3391 0 1921 0 580 0 2946 0 3391 0 3392 0 1376 0 224 0 2947 0 3392 0 1377 0 1025 10 2945 10 3392 10 3393 0 2944 0 1024 0 1923 0 3393 0 2942 0 1923 12 225 12 1921 12 3394 80 2943 80 430 80 1379 0 3394 0 1774 0 579 0 2942 0 3394 0 3395 0 1232 0 80 0 430 0 2943 0 3395 0 1024 22 2941 22 3395 22 3396 0 2940 0 1023 0 1712 0 3396 0 2938 0 1712 143 160 143 1922 143 3397 78 2939 78 574 78 1168 80 3397 80 1918 80 1168 0 368 0 2938 0 3398 0 1379 0 222 0 2939 0 3398 0 1374 0 1023 0 2937 0 3398 0 3399 0 2936 0 1022 0 1856 0 3399 0 2934 0 11 0 1819 0 3399 0 3400 0 2935 0 578 0 1312 78 3400 78 1922 78 512 0 2934 0 3400 0 3401 22 1380 22 225 22 578 0 2935 0 3401 0 1022 10 2933 10 3401 10 2930 0 3402 0 2932 0 1927 0 3402 0 2930 0 226 37 1925 37 3402 37 1709 0 3403 0 2931 0 1383 144 3403 144 1709 144 583 39 2930 39 3403 39 3404 145 1231 145 61 145 365 25 2931 25 3404 25 1021 0 2929 0 3404 0 2926 25 3405 25 2928 25 1672 146 3405 146 2926 146 120 0 1926 0 3405 0 1853 0 3406 0 2927 0 1128 147 3406 147 1853 147 328 0 2926 0 3406 0 3407 0 1383 0 157 0 2927 0 3407 0 1309 0 1020 0 2925 0 3407 0 3408 0 2924 0 1019 0 1816 80 3408 80 2922 80 64 21 1918 21 3408 21 3409 0 2923 0 582 0 1272 148 3409 148 1926 148 472 149 2922 149 3409 149 1382 0 3410 0 1384 0 2923 0 3410 0 1382 0 2923 12 1019 12 2921 12 3411 39 2920 39 1018 39 1931 26 3411 26 2918 26 227 0 1929 0 3411 0 3412 0 2919 0 325 0 1387 0 3412 0 1669 0 1387 25 587 25 2918 25 3413 145 1108 145 16 145 2919 0 3413 0 1125 0 1018 8 2917 8 3413 8 3414 42 2916 42 1017 42 1775 8 3414 8 2914 8 223 37 1930 37 3414 37 1813 24 3415 24 2915 24 1231 150 3415 150 1813 150 431 0 2914 0 3415 0 3416 0 1387 0 117 0 2915 150 3416 150 1269 150 2915 0 1017 0 2913 0 3417 0 2912 0 1016 0 1919 0 3417 0 2910 0 80 8 1917 8 3417 8 3418 0 2911 0 586 0 1375 36 3418 36 1930 36 575 0 2910 0 3418 0 3419 0 1388 0 227 0 2911 0 3419 0 1386 0 1016 0 2909 0 3419 0 3420 0 2908 0 1015 0 1935 0 3420 0 2906 0 228 0 1933 0 3420 0 3421 0 2907 0 426 0 1391 63 3421 63 1770 63 591 0 2906 0 3421 0 3422 5 1228 5 79 5 2907 0 3422 0 1226 0 1015 5 2905 5 3422 5 3423 0 2904 0 1014 0 1708 0 3423 0 2902 0 156 0 1934 0 3423 0 3424 63 2903 63 570 63 1164 0 3424 0 1914 0 364 148 2902 148 3424 148 3425 0 1391 0 218 0 2903 44 3425 44 1370 44 2903 0 1014 0 2901 0 3426 0 2900 0 1013 0 1852 0 3426 0 2898 0 17 151 1825 151 3426 151 3427 0 2899 0 590 0 156 152 1308 152 3427 152 508 153 2898 153 3427 153 3428 0 1392 0 228 0 2899 0 3428 0 1390 0 1013 0 2897 0 3428 0 3429 0 2896 0 1012 0 1939 82 3429 82 2894 82 229 39 1937 39 3429 39 3430 82 2895 82 361 82 1395 0 3430 0 1705 0 595 0 2894 0 3430 0 1161 25 3431 25 1227 25 2895 8 3431 8 1161 8 1012 0 2893 0 3431 0 3432 39 2892 39 1011 39 1668 0 3432 0 2890 0 116 154 1938 154 3432 154 1849 24 3433 24 2891 24 1124 148 3433 148 1849 148 324 0 2890 0 3433 0 3434 26 1395 26 153 26 2891 0 3434 0 1305 0 1011 42 2889 42 3434 42 2886 0 3435 0 2888 0 468 152 1812 152 3435 152 1812 0 60 0 1914 0 3436 0 2887 0 594 0 1268 39 3436 39 1938 39 1268 0 468 0 2886 0 1394 0 3437 0 1396 0 2887 0 3437 0 1394 0 1010 0 2885 0 3437 0 2882 24 3438 24 2884 24 599 0 1943 0 3438 0 230 0 1941 0 3438 0 3439 22 2883 22 321 22 1399 22 3439 22 1665 22 599 82 2882 82 3439 82 3440 0 1104 0 12 0 2883 0 3440 0 1121 0 2883 25 1009 25 2881 25 3441 0 2880 0 1008 0 1771 0 3441 0 2878 0 219 0 1942 0 3441 0 3442 82 2879 82 465 82 1227 0 3442 0 1809 0 427 8 2878 8 3442 8 1265 0 3443 0 1399 0 465 25 2879 25 3443 25 1008 26 2877 26 3443 26 2874 0 3444 0 2876 0 1915 0 3444 0 2874 0 79 0 1913 0 3444 0 3445 0 2875 0 598 0 1371 0 3445 0 1942 0 571 22 2874 22 3445 22 3446 8 1400 8 230 8 598 0 2875 0 3446 0 1007 0 2873 0 3446 0 3447 0 2872 0 1006 0 1947 0 3447 0 2870 0 231 0 1945 0 3447 0 3448 63 2871 63 422 63 1403 0 3448 0 1766 0 603 22 2870 22 3448 22 3449 155 1224 155 78 155 2871 0 3449 0 1222 0 1006 5 2869 5 3449 5 3450 0 2868 0 1005 0 1704 0 3450 0 2866 0 152 0 1946 0 3450 0 3451 0 2867 0 566 0 1160 0 3451 0 1910 0 360 0 2866 0 3451 0 3452 44 1403 44 214 44 2867 0 3452 0 1366 0 1005 0 2865 0 3452 0 3453 0 2864 0 1004 0 1848 22 3453 22 2862 22 18 0 1826 0 3453 0 1946 4 3454 4 2863 4 1304 8 3454 8 1946 8 504 0 2862 0 3454 0 3455 8 1404 8 231 8 2863 5 3455 5 1402 5 1004 53 2861 53 3455 53 3456 0 2860 0 1003 0 1951 0 3456 0 2858 0 232 0 1949 0 3456 0 3457 39 2859 39 357 39 1407 0 3457 0 1701 0 607 0 2858 0 3457 0 3458 156 1223 156 53 156 2859 0 3458 0 1157 0 1003 22 2857 22 3458 22 3459 0 2856 0 1002 0 1664 0 3459 0 2854 0 112 82 1950 82 3459 82 3460 0 2855 0 501 0 1120 0 3460 0 1845 0 320 0 2854 0 3460 0 3461 0 1407 0 149 0 2855 0 3461 0 1301 0 1002 0 2853 0 3461 0 3462 44 2852 44 1001 44 1808 0 3462 0 2850 0 56 0 1910 0 3462 0 3463 0 2851 0 606 0 1264 0 3463 0 1950 0 464 22 2850 22 3463 22 3464 26 1408 26 232 26 2851 0 3464 0 1406 0 1001 37 2849 37 3464 37 2846 157 3465 157 2848 157 611 0 1955 0 3465 0 1955 25 233 25 1953 25 3466 0 2847 0 317 0 1411 0 3466 0 1661 0 611 82 2846 82 3466 82 3467 0 1111 0 19 0 2847 0 3467 0 1117 0 1000 72 2845 72 3467 72 3468 42 2844 42 999 42 1767 39 3468 39 2842 39 1767 0 215 0 1954 0 3469 0 2843 0 461 0 1223 22 3469 22 1805 22 423 82 2842 82 3469 82 3470 57 1411 57 109 57 461 0 2843 0 3470 0 999 8 2841 8 3470 8 3471 8 2840 8 998 8 1911 5 3471 5 2838 5 78 0 1909 0 3471 0 3472 0 2839 0 610 0 1367 0 3472 0 1954 0 567 0 2838 0 3472 0 3473 0 1412 0 233 0 2839 82 3473 82 1410 82 2839 0 998 0 2837 0 2834 0 3474 0 2836 0 615 76 1959 76 3474 76 1959 0 234 0 1957 0 3475 0 2835 0 418 0 1415 0 3475 0 1762 0 615 8 2834 8 3475 8 3476 0 1220 0 77 0 2835 0 3476 0 1218 0 997 10 2833 10 3476 10 2830 76 3477 76 2832 76 1700 22 3477 22 2830 22 148 0 1958 0 3477 0 3478 0 2831 0 562 0 1156 78 3478 78 1906 78 1156 0 356 0 2830 0 1362 0 3479 0 1415 0 2831 0 3479 0 1362 0 996 8 2829 8 3479 8 3480 8 2828 8 995 8 1844 8 3480 8 2826 8 15 0 1823 0 3480 0 1958 0 3481 0 2827 0 1300 0 3481 0 1958 0 500 0 2826 0 3481 0 3482 0 1416 0 234 0 2827 0 3482 0 1414 0 995 0 2825 0 3482 0 3483 0 2824 0 994 0 1963 0 3483 0 2822 0 235 8 1961 8 3483 8 1697 158 3484 158 2823 158 1419 47 3484 47 1697 47 619 22 2822 22 3484 22 1153 159 3485 159 1219 159 353 0 2823 0 3485 0 994 82 2821 82 3485 82 3486 0 2820 0 993 0 316 0 1660 0 3486 0 108 10 1962 10 3486 10 3487 139 2819 139 497 139 21 160 1116 160 3487 160 316 39 2818 39 3487 39 3488 161 1419 161 145 161 2819 0 3488 0 1297 0 993 0 2817 0 3488 0 3489 81 2816 81 992 81 460 76 1804 76 3489 76 52 37 1906 37 3489 37 3490 0 2815 0 618 0 1260 21 3490 21 1962 21 460 0 2814 0 3490 0 3491 21 1420 21 235 21 2815 36 3491 36 1418 36 992 36 2813 36 3491 36 2810 118 3492 118 2812 118 623 0 1967 0 3492 0 236 0 1965 0 3492 0 3493 0 2811 0 313 0 1423 27 3493 27 1657 27 1423 25 623 25 2810 25 3494 0 1112 0 20 0 2811 0 3494 0 1113 0 991 0 2809 0 3494 0 2806 25 3495 25 2808 25 419 0 1763 0 3495 0 211 0 1966 0 3495 0 3496 162 2807 162 457 162 49 0 1219 0 3496 0 419 42 2806 42 3496 42 1257 0 3497 0 1423 0 2807 0 3497 0 1257 0 990 82 2805 82 3497 82 3498 0 2804 0 989 0 1907 0 3498 0 2802 0 77 0 1905 0 3498 0 1966 0 3499 0 2803 0 211 6 1363 6 3499 6 1363 0 563 0 2802 0 1422 96 3500 96 1424 96 2803 37 3500 37 1422 37 989 10 2801 10 3500 10 2798 25 3501 25 2800 25 1971 82 3501 82 2798 82 237 21 1969 21 3501 21 3502 63 2799 63 414 63 1427 0 3502 0 1758 0 627 43 2798 43 3502 43 3503 0 1216 0 76 0 2799 0 3503 0 1214 0 988 0 2797 0 3503 0 3504 22 2796 22 987 22 355 0 1699 0 3504 0 147 0 1970 0 3504 0 3505 8 2795 8 558 8 1155 5 3505 5 1902 5 355 44 2794 44 3505 44 3506 8 1427 8 206 8 2795 8 3506 8 1358 8 987 0 2793 0 3506 0 3507 0 2792 0 986 0 499 12 1843 12 3507 12 1843 0 21 0 1841 0 3508 0 2791 0 626 0 1299 0 3508 0 1970 0 499 0 2790 0 3508 0 1426 0 3509 0 1428 0 2791 21 3509 21 1426 21 2791 0 986 0 2789 0 3510 163 2788 163 985 163 631 45 1975 45 3510 45 238 44 1973 44 3510 44 3511 101 2787 101 338 101 1431 0 3511 0 1682 0 631 8 2786 8 3511 8 3512 164 1215 164 34 164 338 3 2787 3 3512 3 985 63 2785 63 3512 63 3513 0 2784 0 984 0 1659 22 3513 22 2782 22 107 0 1974 0 3513 0 3514 0 2783 0 482 0 1115 8 3514 8 1826 8 315 0 2782 0 3514 0 1282 3 3515 3 1431 3 482 0 2783 0 3515 0 984 22 2781 22 3515 22 3516 43 2780 43 983 43 1803 0 3516 0 2778 0 51 22 1902 22 3516 22 3517 8 2779 8 630 8 1259 93 3517 93 1974 93 459 44 2778 44 3517 44 3518 0 1432 0 238 0 630 4 2779 4 3518 4 983 63 2777 63 3518 63 2774 165 3519 165 2776 165 635 0 1979 0 3519 0 239 0 1977 0 3519 0 3520 0 2775 0 298 0 1435 0 3520 0 1642 0 635 166 2774 166 3520 166 3521 0 1100 0 8 0 2775 0 3521 0 1098 0 982 72 2773 72 3521 72 2770 0 3522 0 2772 0 1759 0 3522 0 2770 0 1759 4 207 4 1978 4 3523 167 2771 167 442 167 1215 0 3523 0 1786 0 415 22 2770 22 3523 22 3524 0 1435 0 90 0 2771 0 3524 0 1242 0 981 8 2769 8 3524 8 3525 0 2768 0 980 0 1903 8 3525 8 2766 8 1903 45 76 45 1901 45 3526 0 2767 0 634 0 1359 63 3526 63 1978 63 559 0 2766 0 3526 0 3527 35 1436 35 239 35 2767 0 3527 0 1434 0 980 8 2765 8 3527 8 2762 0 3528 0 2764 0 1983 0 3528 0 2762 0 240 0 1981 0 3528 0 3529 0 2763 0 410 0 1439 168 3529 168 1754 168 1439 0 639 0 2762 0 3530 0 1212 0 75 0 2763 0 3530 0 1210 0 979 0 2761 0 3530 0 2758 0 3531 0 2760 0 1246 39 3531 39 2758 39 1246 0 94 0 1982 0 3532 63 2759 63 554 63 1790 0 3532 0 1898 0 1790 45 446 45 2758 45 3533 22 1439 22 202 22 554 0 2759 0 3533 0 978 5 2757 5 3533 5 3534 0 2756 0 977 0 1102 0 3534 0 2754 0 10 0 1842 0 3534 0 3535 0 2755 0 638 0 94 12 1646 12 3535 12 302 36 2754 36 3535 36 1438 0 3536 0 1440 0 2755 21 3536 21 1438 21 2755 0 977 0 2753 0 3537 8 2752 8 976 8 1987 5 3537 5 2750 5 241 0 1985 0 3537 0 3538 84 2751 84 350 84 142 11 1443 11 3538 11 1443 0 643 0 2750 0 3539 0 1211 0 46 0 2751 101 3539 101 1150 101 976 44 2749 44 3539 44 3540 0 2748 0 975 0 1286 63 3540 63 2746 63 134 63 1986 63 3540 63 3541 0 2747 0 494 0 1830 22 3541 22 1838 22 1830 4 486 4 2746 4 3542 84 1443 84 142 84 2747 101 3542 101 1294 101 2747 0 975 0 2745 0 3543 0 2744 0 974 0 1142 0 3543 0 2742 0 38 8 1898 8 3543 8 3544 0 2743 0 642 0 1686 0 3544 0 1986 0 342 0 2742 0 3544 0 1442 0 3545 0 1444 0 2743 0 3545 0 1442 0 974 0 2741 0 3545 0 3546 0 2740 0 973 0 1991 63 3546 63 2738 63 242 0 1989 0 3546 0 1654 0 3547 0 2739 0 1447 0 3547 0 1654 0 647 43 2738 43 3547 43 3548 15 1115 15 18 15 2739 8 3548 8 1110 8 2739 45 973 45 2737 45 3549 0 2736 0 972 0 1755 0 3549 0 2734 0 203 5 1990 5 3549 5 3550 8 2735 8 454 8 46 0 1211 0 3550 0 411 22 2734 22 3550 22 3551 101 1447 101 102 101 454 3 2735 3 3551 3 972 5 2733 5 3551 5 3552 0 2732 0 971 0 1899 63 3552 63 2730 63 75 63 1897 63 3552 63 3553 0 2731 0 646 0 1355 0 3553 0 1990 0 555 43 2730 43 3553 43 3554 5 1448 5 242 5 2731 63 3554 63 1446 63 971 0 2729 0 3554 0 3555 80 2728 80 970 80 1995 78 3555 78 2726 78 243 36 1993 36 3555 36 3556 80 2727 80 406 80 1451 78 3556 78 1750 78 651 36 2726 36 3556 36 3557 0 1208 0 74 0 406 0 2727 0 3557 0 970 0 2725 0 3557 0 3558 0 2724 0 969 0 1234 0 3558 0 2722 0 82 0 1994 0 3558 0 1894 124 3559 124 2723 124 1778 169 3559 169 1894 169 1778 0 434 0 2722 0 3560 0 1451 0 198 0 2723 169 3560 169 1350 169 969 21 2721 21 3560 21 2718 0 3561 0 2720 0 1090 0 3561 0 2718 0 1 0 1835 0 3561 0 3562 80 2719 80 650 80 1634 0 3562 0 1994 0 290 0 2718 0 3562 0 3563 0 1452 0 243 0 2719 0 3563 0 1450 0 968 0 2717 0 3563 0 3564 0 2716 0 967 0 1999 0 3564 0 2714 0 244 0 1997 0 3564 0 3565 0 2715 0 354 0 1455 0 3565 0 1698 0 655 0 2714 0 3565 0 3566 0 1207 0 50 0 2715 0 3566 0 1154 0 967 0 2713 0 3566 0 3567 26 2712 26 966 26 1274 0 3567 0 2710 0 122 37 1998 37 3567 37 3568 0 2711 0 498 0 1818 0 3568 0 1842 0 474 8 2710 8 3568 8 3569 26 1455 26 146 26 2711 39 3569 39 1298 39 2711 0 966 0 2709 0 3570 0 2708 0 965 0 1130 0 3570 0 2706 0 26 0 1894 0 3570 0 3571 0 2707 0 654 0 1674 0 3571 0 1998 0 330 0 2706 0 3571 0 3572 8 1456 8 244 8 2707 10 3572 10 1454 10 965 21 2705 21 3572 21 3573 0 2704 0 964 0 2003 0 3573 0 2702 0 245 0 2001 0 3573 0 1658 170 3574 170 2703 170 1459 8 3574 8 1658 8 659 22 2702 22 3574 22 3575 16 1116 16 21 16 314 0 2703 0 3575 0 964 0 2701 0 3575 0 3576 0 2700 0 963 0 407 0 1751 0 3576 0 199 0 2002 0 3576 0 3577 0 2699 0 458 0 1207 39 3577 39 1802 39 407 39 2698 39 3577 39 3578 8 1459 8 106 8 458 0 2699 0 3578 0 2699 24 963 24 2697 24 3579 0 2696 0 962 0 1895 0 3579 0 2694 0 74 8 1893 8 3579 8 2002 12 3580 12 2695 12 1351 8 3580 8 2002 8 551 22 2694 22 3580 22 3581 0 1460 0 245 0 2695 0 3581 0 1458 0 962 0 2693 0 3581 0 2690 124 3582 124 2692 124 2007 169 3582 169 2690 169 246 21 2005 21 3582 21 3583 36 2691 36 402 36 1463 0 3583 0 1746 0 663 22 2690 22 3583 22 1202 0 3584 0 1204 0 2691 21 3584 21 1202 21 2691 0 961 0 2689 0 3585 0 2688 0 960 0 359 0 1703 0 3585 0 1703 12 151 12 2006 12 3586 8 2687 8 546 8 1159 10 3586 10 1890 10 359 21 2686 21 3586 21 3587 10 1463 10 194 10 546 12 2687 12 3587 12 960 0 2685 0 3587 0 2682 12 3588 12 2684 12 1847 8 3588 8 2682 8 22 27 1845 27 3588 27 3589 0 2683 0 662 0 1303 26 3589 26 2006 26 503 0 2682 0 3589 0 3590 0 1464 0 246 0 2683 0 3590 0 1462 0 959 0 2681 0 3590 0 3591 0 2680 0 958 0 2011 0 3591 0 2678 0 2011 12 247 12 2009 12 3592 0 2679 0 445 0 1467 0 3592 0 1245 0 667 0 2678 0 3592 0 3593 0 1203 0 37 0 2679 0 3593 0 1789 0 958 0 2677 0 3593 0 3594 0 2676 0 957 0 319 6 1663 6 3594 6 111 21 2010 21 3594 21 3595 0 2675 0 301 0 1119 0 3595 0 1101 0 319 8 2674 8 3595 8 3596 0 1467 0 93 0 2675 0 3596 0 1645 0 2675 124 957 124 2673 124 3597 10 2672 10 956 10 1807 0 3597 0 2670 0 55 0 1890 0 3597 0 3598 37 2671 37 666 37 1263 21 3598 21 2010 21 1263 0 463 0 2670 0 3599 22 1468 22 247 22 2671 22 3599 22 1466 22 956 0 2669 0 3599 0 3600 62 2668 62 955 62 2015 0 3600 0 2666 0 248 0 2013 0 3600 0 3601 0 2667 0 485 0 1471 36 3601 36 1285 36 671 0 2666 0 3601 0 1829 0 3602 0 1099 0 2667 0 3602 0 1829 0 955 72 2665 72 3602 72 3603 0 2664 0 954 0 1747 0 3603 0 2662 0 195 8 2014 8 3603 8 3604 0 2663 0 341 0 1203 0 3604 0 1141 0 403 0 2662 0 3604 0 1685 96 3605 96 1471 96 341 0 2663 0 3605 0 954 0 2661 0 3605 0 3606 10 2660 10 953 10 547 12 1891 12 3606 12 73 10 1889 10 3606 10 3607 0 2659 0 670 0 195 6 1347 6 3607 6 1347 0 547 0 2658 0 3608 171 1472 171 248 171 2659 0 3608 0 1470 0 953 22 2657 22 3608 22 2654 0 3609 0 2656 0 2019 78 3609 78 2654 78 2019 0 249 0 2017 0 3610 21 2655 21 398 21 1475 0 3610 0 1742 0 1475 12 675 12 2654 12 3611 36 1200 36 72 36 2655 0 3611 0 1198 0 952 0 2653 0 3611 0 3612 8 2652 8 951 8 450 0 1250 0 3612 0 1250 6 98 6 2018 6 3613 0 2651 0 542 0 1794 0 3613 0 1886 0 1794 12 450 12 2650 12 3614 0 1475 0 190 0 2651 0 3614 0 1342 0 951 0 2649 0 3614 0 3615 0 2648 0 950 0 1106 0 3615 0 2646 0 14 0 1846 0 3615 0 3616 22 2647 22 674 22 98 0 1650 0 3616 0 306 0 2646 0 3616 0 3617 0 1476 0 249 0 2647 82 3617 82 1474 82 950 21 2645 21 3617 21 3618 0 2644 0 949 0 2023 0 3618 0 2642 0 250 0 2021 0 3618 0 3619 0 2643 0 433 0 1479 0 3619 0 1233 0 679 0 2642 0 3619 0 3620 36 1199 36 25 36 2643 21 3620 21 1777 21 2643 0 949 0 2641 0 3621 22 2640 22 948 22 1290 22 3621 22 2638 22 138 0 2022 0 3621 0 3622 0 2639 0 289 0 1834 0 3622 0 1089 0 490 8 2638 8 3622 8 3623 0 1479 0 81 0 2639 0 3623 0 1633 0 2639 124 948 124 2637 124 2634 12 3624 12 2636 12 346 0 1146 0 3624 0 42 22 1886 22 3624 22 3625 10 2635 10 678 10 1690 0 3625 0 2022 0 1690 12 346 12 2634 12 3626 36 1480 36 250 36 2635 0 3626 0 1478 0 947 22 2633 22 3626 22 3627 0 2632 0 946 0 2027 0 3627 0 2630 0 251 22 2025 22 3627 22 3628 36 2631 36 473 36 1483 21 3628 21 1273 21 683 0 2630 0 3628 0 3629 0 1119 0 9 0 2631 0 3629 0 1817 0 946 8 2629 8 3629 8 3630 0 2628 0 945 0 1743 0 3630 0 2626 0 1743 12 191 12 2026 12 1129 0 3631 0 2627 0 1199 0 3631 0 1129 0 399 0 2626 0 3631 0 3632 0 1483 0 121 0 2627 22 3632 22 1673 22 945 169 2625 169 3632 169 3633 0 2624 0 944 0 1887 0 3633 0 2622 0 72 10 1885 10 3633 10 3634 0 2623 0 682 0 1343 36 3634 36 2026 36 543 0 2622 0 3634 0 3635 0 1484 0 251 0 2623 0 3635 0 1482 0 944 0 2621 0 3635 0 3636 0 2620 0 943 0 2031 8 3636 8 2618 8 252 22 2029 22 3636 22 3637 0 2619 0 394 0 1487 0 3637 0 1738 0 687 0 2618 0 3637 0 3638 44 1196 44 71 44 2619 0 3638 0 1194 0 2619 4 943 4 2617 4 3639 43 2616 43 942 43 1238 44 3639 44 2614 44 86 0 2030 0 3639 0 3640 22 2615 22 538 22 1782 22 3640 22 1882 22 438 5 2614 5 3640 5 3641 63 1487 63 186 63 538 45 2615 45 3641 45 942 43 2613 43 3641 43 3642 8 2612 8 941 8 1094 172 3642 172 2610 172 5 0 1838 0 3642 0 3643 22 2611 22 686 22 1638 43 3643 43 2030 43 294 153 2610 153 3643 153 3644 0 1488 0 252 0 2611 0 3644 0 1486 0 941 0 2609 0 3644 0 3645 0 2608 0 940 0 2035 0 3645 0 2606 0 253 82 2033 82 3645 82 3646 82 2607 82 358 82 1491 0 3646 0 1702 0 691 0 2606 0 3646 0 3647 0 1195 0 54 0 358 25 2607 25 3647 25 940 0 2605 0 3647 0 2602 25 3648 25 2604 25 1278 8 3648 8 2602 8 126 0 2034 0 3648 0 3649 0 2603 0 502 0 1822 0 3649 0 1846 0 478 0 2602 0 3649 0 3650 0 1491 0 150 0 2603 0 3650 0 1302 0 939 0 2601 0 3650 0 3651 5 2600 5 938 5 334 4 1134 4 3651 4 1134 0 30 0 1882 0 3652 0 2599 0 690 0 1678 22 3652 22 2034 22 334 0 2598 0 3652 0 3653 0 1492 0 253 0 2599 0 3653 0 1490 0 938 0 2597 0 3653 0 3654 26 2596 26 937 26 695 24 2039 24 3654 24 2039 0 254 0 2037 0 3655 0 2595 0 318 0 1495 0 3655 0 1662 0 695 8 2594 8 3655 8 3656 0 1120 0 22 0 2595 0 3656 0 1118 0 937 0 2593 0 3656 0 3657 39 2592 39 936 39 1739 26 3657 26 2590 26 1739 0 187 0 2038 0 3658 0 2591 0 462 0 1195 0 3658 0 1806 0 1195 25 395 25 2590 25 3659 0 1495 0 110 0 2591 0 3659 0 1262 0 936 8 2589 8 3659 8 3660 0 2588 0 935 0 1883 0 3660 0 2586 0 71 173 1881 173 3660 173 3661 26 2587 26 694 26 1339 0 3661 0 2038 0 539 22 2586 22 3661 22 3662 0 1496 0 254 0 2587 0 3662 0 1494 0 935 0 2585 0 3662 0 3663 0 2584 0 934 0 2043 0 3663 0 2582 0 255 0 2041 0 3663 0 3664 8 2583 8 390 8 1499 10 3664 10 1734 10 699 21 2582 21 3664 21 3665 8 1192 8 70 8 2583 8 3665 8 1190 8 934 0 2581 0 3665 0 3666 0 2580 0 933 0 1707 0 3666 0 2578 0 155 0 2042 0 3666 0 1878 0 3667 0 2579 0 1163 36 3667 36 1878 36 363 0 2578 0 3667 0 3668 0 1499 0 182 0 2579 0 3668 0 1334 0 933 10 2577 10 3668 10 3669 10 2576 10 932 10 507 0 1851 0 3669 0 23 15 1849 15 3669 15 2042 25 3670 25 2575 25 1307 146 3670 146 2042 146 1307 174 507 174 2574 174 3671 0 1500 0 255 0 2575 39 3671 39 1498 39 2575 0 932 0 2573 0 3672 22 2572 22 931 22 2047 22 3672 22 2570 22 256 0 2045 0 3672 0 3673 10 2571 10 449 10 97 12 1503 12 3673 12 1503 0 703 0 2570 0 3674 0 1191 0 41 0 2571 8 3674 8 1793 8 931 0 2569 0 3674 0 3675 37 2568 37 930 37 1667 0 3675 0 2566 0 115 0 2046 0 3675 0 3676 37 2567 37 305 37 1123 21 3676 21 1105 21 323 80 2566 80 3676 80 3677 10 1503 10 97 10 2567 0 3677 0 1649 0 2567 124 930 124 2565 124 2562 6 3678 6 2564 6 467 0 1811 0 3678 0 1811 143 59 143 1878 143 3679 10 2563 10 702 10 1267 148 3679 148 2046 148 467 149 2562 149 3679 149 3680 10 1504 10 256 10 702 12 2563 12 3680 12 929 36 2561 36 3680 36 2558 0 3681 0 2560 0 2051 0 3681 0 2558 0 2051 12 257 12 2049 12 3682 21 2559 21 489 21 1507 0 3682 0 1289 0 707 0 2558 0 3682 0 1833 12 3683 12 1092 12 489 0 2559 0 3683 0 928 81 2557 81 3683 81 2554 0 3684 0 2556 0 1735 0 3684 0 2554 0 183 0 2050 0 3684 0 3685 0 2555 0 345 0 1191 0 3685 0 1145 0 391 22 2554 22 3685 22 3686 36 1507 36 137 36 2555 0 3686 0 1689 0 927 81 2553 81 3686 81 3687 0 2552 0 926 0 1879 0 3687 0 2550 0 70 0 1877 0 3687 0 2050 12 3688 12 2551 12 1335 8 3688 8 2050 8 535 22 2550 22 3688 22 3689 21 1508 21 257 21 2551 0 3689 0 1506 0 926 0 2549 0 3689 0 3690 81 2548 81 925 81 2055 0 3690 0 2546 0 258 0 2053 0 3690 0 3691 0 2547 0 386 0 1511 21 3691 21 1730 21 711 21 2546 21 3691 21 3692 0 1188 0 69 0 2547 0 3692 0 1186 0 925 0 2545 0 3692 0 3693 0 2544 0 924 0 1683 55 3693 55 2542 55 131 8 2054 8 3693 8 1874 0 3694 0 2543 0 1139 0 3694 0 1874 0 339 8 2542 8 3694 8 3695 0 1511 0 178 0 2543 175 3695 175 1330 175 924 0 2541 0 3695 0 3696 0 2540 0 923 0 1827 55 3696 55 2538 55 19 0 1850 0 3696 0 3697 26 2539 26 710 26 1283 0 3697 0 2054 0 483 0 2538 0 3697 0 3698 39 1512 39 258 39 2539 0 3698 0 1510 0 923 176 2537 176 3698 176 3699 0 2536 0 922 0 2059 0 3699 0 2534 0 259 0 2057 0 3699 0 3700 0 2535 0 437 0 1515 0 3700 0 1237 0 1515 177 715 177 2534 177 1781 12 3701 12 1187 12 2535 10 3701 10 1781 10 922 80 2533 80 3701 80 3702 68 2532 68 921 68 1643 0 3702 0 2530 0 91 13 2058 13 3702 13 1093 77 3703 77 2531 77 1099 55 3703 55 1093 55 299 178 2530 178 3703 178 1637 12 3704 12 1515 12 293 0 2531 0 3704 0 921 0 2529 0 3704 0 3705 0 2528 0 920 0 1787 0 3705 0 2526 0 35 55 1874 55 3705 55 3706 0 2527 0 714 0 1243 0 3706 0 2058 0 443 8 2526 8 3706 8 3707 0 1516 0 259 0 2527 0 3707 0 1514 0 2527 179 920 179 2525 179 3708 0 2524 0 919 0 2063 36 3708 36 2522 36 260 10 2061 10 3708 10 3709 0 2523 0 477 0 125 12 1519 12 3709 12 719 78 2522 78 3709 78 3710 0 1123 0 13 0 2523 0 3710 0 1821 0 919 0 2521 0 3710 0 3711 8 2520 8 918 8 1731 180 3711 180 2518 180 179 21 2062 21 3711 21 3712 0 2519 0 333 0 1187 0 3712 0 1133 0 387 0 2518 0 3712 0 1677 0 3713 0 1519 0 2519 21 3713 21 1677 21 2519 0 918 0 2517 0 2514 6 3714 6 2516 6 531 0 1875 0 3714 0 69 181 1873 181 3714 181 3715 0 2515 0 718 0 1331 21 3715 21 2062 21 531 21 2514 21 3715 21 3716 0 1520 0 260 0 2515 36 3716 36 1518 36 2515 0 917 0 2513 0 3717 0 2512 0 916 0 2067 44 3717 44 2510 44 261 182 2065 182 3717 182 3718 0 2511 0 382 0 1523 44 3718 44 1726 44 723 44 2510 44 3718 44 3719 0 1184 0 68 0 2511 63 3719 63 1182 63 2511 0 916 0 2509 0 3720 183 2508 183 915 183 1695 0 3720 0 2506 0 143 0 2066 0 3720 0 3721 0 2507 0 526 0 1151 184 3721 184 1870 184 351 0 2506 0 3721 0 3722 0 1523 0 174 0 2507 0 3722 0 1326 0 915 0 2505 0 3722 0 3723 0 2504 0 914 0 1839 185 3723 185 2502 185 8 0 1837 0 3723 0 2066 0 3724 0 2503 0 1295 0 3724 0 2066 0 495 186 2502 186 3724 186 3725 0 1524 0 261 0 2503 175 3725 175 1522 175 914 0 2501 0 3725 0 2498 25 3726 25 2500 25 727 0 2071 0 3726 0 262 125 2069 125 3726 125 3727 0 2499 0 362 0 154 187 1527 187 3727 187 727 26 2498 26 3727 26 3728 0 1183 0 58 0 2499 39 3728 39 1162 39 913 39 2497 39 3728 39 3729 0 2496 0 912 0 1655 188 3729 188 2494 188 103 188 2070 188 3729 188 3730 0 2495 0 506 0 1111 0 3730 0 1850 0 311 95 2494 95 3730 95 3731 82 1527 82 154 82 2495 0 3731 0 1306 0 2495 189 912 189 2493 189 3732 0 2492 0 911 0 1799 0 3732 0 2490 0 1799 190 47 190 1870 190 3733 69 2491 69 726 69 1255 191 3733 191 2070 191 455 0 2490 0 3733 0 3734 26 1528 26 262 26 726 192 2491 192 3734 192 2491 0 911 0 2489 0 3735 8 2488 8 910 8 2075 8 3735 8 2486 8 263 22 2073 22 3735 22 3736 0 2487 0 322 0 1531 0 3736 0 1666 0 731 0 2486 0 3736 0 3737 42 1124 42 23 42 2487 82 3737 82 1122 82 910 39 2485 39 3737 39 3738 0 2484 0 909 0 1727 0 3738 0 2482 0 175 0 2074 0 3738 0 3739 0 2483 0 466 0 1183 26 3739 26 1810 26 383 26 2482 26 3739 26 3740 42 1531 42 114 42 2483 39 3740 39 1266 39 2483 0 909 0 2481 0 3741 0 2480 0 908 0 1871 0 3741 0 2478 0 1871 193 68 193 1869 193 3742 0 2479 0 730 0 1327 0 3742 0 2074 0 527 181 2478 181 3742 181 1530 0 3743 0 1532 0 2479 39 3743 39 1530 39 908 0 2477 0 3743 0 3744 82 2476 82 907 82 2079 0 3744 0 2474 0 264 0 2077 0 3744 0 1722 0 3745 0 2475 0 1535 0 3745 0 1722 0 1535 4 735 4 2474 4 1178 0 3746 0 1180 0 2475 0 3746 0 1178 0 907 0 2473 0 3746 0 3747 0 2472 0 906 0 1711 0 3747 0 2470 0 159 149 2078 149 3747 149 1866 0 3748 0 2471 0 1167 0 3748 0 1866 0 1167 152 367 152 2470 152 3749 63 1535 63 170 63 522 45 2471 45 3749 45 906 44 2469 44 3749 44 3750 10 2468 10 905 10 1855 36 3750 36 2466 36 24 36 1853 36 3750 36 3751 0 2467 0 734 0 1311 0 3751 0 2078 0 511 194 2466 194 3751 194 3752 0 1536 0 264 0 2467 36 3752 36 1534 36 905 0 2465 0 3752 0 3753 63 2464 63 904 63 2083 0 3753 0 2462 0 265 22 2081 22 3753 22 3754 84 2463 84 337 84 1539 0 3754 0 1681 0 739 0 2462 0 3754 0 3755 0 1179 0 33 0 337 11 2463 11 3755 11 904 44 2461 44 3755 44 3756 0 2460 0 903 0 1671 0 3756 0 2458 0 119 0 2082 0 3756 0 3757 22 2459 22 481 22 1127 195 3757 195 1825 195 327 63 2458 63 3757 63 3758 101 1539 101 129 101 2459 22 3758 22 1281 22 903 0 2457 0 3758 0 3759 22 2456 22 902 22 471 0 1815 0 3759 0 63 0 1866 0 3759 0 3760 0 2455 0 738 0 1271 196 3760 196 2082 196 471 44 2454 44 3760 44 3761 0 1540 0 265 0 2455 43 3761 43 1538 43 2455 0 902 0 2453 0 3762 0 2452 0 901 0 743 0 2087 0 3762 0 266 22 2085 22 3762 22 3763 0 2451 0 297 0 89 3 1543 3 3763 3 743 63 2450 63 3763 63 1097 3 3764 3 1096 3 2451 101 3764 101 1097 101 901 0 2449 0 3764 0 3765 43 2448 43 900 43 1723 0 3765 0 2446 0 171 22 2086 22 3765 22 3766 0 2447 0 441 0 1179 41 3766 41 1785 41 1179 0 379 0 2446 0 3767 8 1543 8 89 8 2447 101 3767 101 1241 101 900 0 2445 0 3767 0 2442 0 3768 0 2444 0 1867 44 3768 44 2442 44 67 0 1865 0 3768 0 3769 0 2443 0 742 0 1323 5 3769 5 2086 5 523 44 2442 44 3769 44 3770 63 1544 63 266 63 2443 0 3770 0 1542 0 899 22 2441 22 3770 22 3771 22 2440 22 898 22 2091 197 3771 197 2438 197 267 36 2089 36 3771 36 3772 198 2439 198 374 198 1547 0 3772 0 1718 0 747 132 2438 132 3772 132 3773 199 1176 199 66 199 2439 0 3773 0 1174 0 898 0 2437 0 3773 0 3774 0 2436 0 897 0 1684 0 3774 0 2434 0 132 0 2090 0 3774 0 3775 0 2435 0 518 0 36 200 1140 200 3775 200 1140 0 340 0 2434 0 3776 201 1547 201 166 201 518 0 2435 0 3776 0 2435 165 897 165 2433 165 3777 202 2432 202 896 202 1828 0 3777 0 2430 0 20 0 1854 0 3777 0 3778 0 2431 0 746 0 1284 0 3778 0 2090 0 484 0 2430 0 3778 0 3779 22 1548 22 267 22 746 0 2431 0 3779 0 896 176 2429 176 3779 176 3780 0 2428 0 895 0 2095 0 3780 0 2426 0 2095 203 268 203 2093 203 3781 0 2427 0 349 0 1551 0 3781 0 1693 0 751 0 2426 0 3781 0 3782 0 1175 0 45 0 2427 0 3782 0 1149 0 895 0 2425 0 3782 0 3783 0 2424 0 894 0 1644 0 3783 0 2422 0 92 0 2094 0 3783 0 3784 0 2423 0 493 0 1100 0 3784 0 1837 0 300 72 2422 72 3784 72 3785 0 1551 0 141 0 493 0 2423 0 3785 0 894 70 2421 70 3785 70 3786 0 2420 0 893 0 1788 0 3786 0 2418 0 36 8 1862 8 3786 8 3787 0 2419 0 750 0 1244 0 3787 0 2094 0 444 204 2418 204 3787 204 1550 205 3788 205 1552 205 2419 206 3788 206 1550 206 893 0 2417 0 3788 0 3789 22 2416 22 892 22 2099 22 3789 22 2414 22 269 8 2097 8 3789 8 3790 101 2415 101 309 101 1555 84 3790 84 1653 84 1555 0 755 0 2414 0 1109 0 3791 0 1127 0 2415 0 3791 0 1109 0 892 43 2413 43 3791 43 3792 63 2412 63 891 63 1719 0 3792 0 2410 0 167 0 2098 0 3792 0 3793 0 2411 0 453 0 1175 0 3793 0 1797 0 375 181 2410 181 3793 181 3794 0 1555 0 101 0 2411 101 3794 101 1253 101 891 44 2409 44 3794 44 3795 63 2408 63 890 63 519 207 1863 207 3795 207 1863 0 66 0 1861 0 3796 0 2407 0 754 0 1319 0 3796 0 2098 0 519 0 2406 0 3796 0 3797 44 1556 44 269 44 2407 63 3797 63 1554 63 890 0 2405 0 3797 0 2402 0 3798 0 2404 0 759 208 2103 208 3798 208 270 130 2101 130 3798 130 3799 8 2403 8 370 8 1559 132 3799 132 1714 132 759 0 2402 0 3799 0 3800 169 1172 169 65 169 370 124 2403 124 3800 124 889 0 2401 0 3800 0 2398 209 3801 209 2400 209 352 0 1696 0 3801 0 144 13 2102 13 3801 13 3802 0 2399 0 514 0 1152 0 3802 0 1858 0 352 13 2398 13 3802 13 3803 169 1559 169 162 169 2399 78 3803 78 1314 78 888 0 2397 0 3803 0 2394 79 3804 79 2396 79 1840 8 3804 8 2394 8 6 55 1831 55 3804 55 3805 0 2395 0 758 0 1296 0 3805 0 2102 0 496 0 2394 0 3805 0 3806 22 1560 22 270 22 758 0 2395 0 3806 0 887 176 2393 176 3806 176 3807 0 2392 0 886 0 2107 197 3807 197 2390 197 271 0 2105 0 3807 0 1710 0 3808 0 2391 0 1563 139 3808 139 1710 139 1563 0 763 0 2390 0 3809 0 1171 0 62 0 366 160 2391 160 3809 160 886 39 2389 39 3809 39 3810 0 2388 0 885 0 1656 0 3810 0 2386 0 1656 210 104 210 2106 210 3811 0 2387 0 510 0 1112 211 3811 211 1854 211 312 0 2386 0 3811 0 3812 0 1563 0 158 0 510 0 2387 0 3812 0 885 0 2385 0 3812 0 3813 0 2384 0 884 0 1800 111 3813 111 2382 111 48 0 1858 0 3813 0 3814 36 2383 36 762 36 1256 0 3814 0 2106 0 1256 210 456 210 2382 210 3815 0 1564 0 271 0 762 0 2383 0 3815 0 884 70 2381 70 3815 70 3816 0 2380 0 883 0 2111 0 3816 0 2378 0 2111 6 272 6 2109 6 1670 0 3817 0 2379 0 1567 139 3817 139 1670 139 1567 0 767 0 2378 0 3818 0 1128 0 24 0 326 160 2379 160 3818 160 883 0 2377 0 3818 0 3819 42 2376 42 882 42 1715 0 3819 0 2374 0 163 0 2110 0 3819 0 3820 47 2375 47 470 47 62 0 1171 0 3820 0 371 0 2374 0 3820 0 1270 160 3821 160 1567 160 2375 162 3821 162 1270 162 882 26 2373 26 3821 26 3822 0 2372 0 881 0 1859 0 3822 0 2370 0 65 180 1857 180 3822 180 3823 0 2371 0 766 0 1315 212 3823 212 2110 212 515 0 2370 0 3823 0 3824 10 1568 10 272 10 2371 0 3824 0 1566 0 881 0 2369 0 3824 0 3825 0 2368 0 880 0 2115 78 3825 78 2366 78 273 36 2113 36 3825 36 3826 0 2367 0 369 0 1571 22 3826 22 1713 22 1571 12 771 12 2366 12 3827 0 1168 0 64 0 2367 0 3827 0 1169 0 880 0 2365 0 3827 0 3828 169 2364 169 879 169 1716 0 3828 0 2362 0 164 0 2114 0 3828 0 3829 0 2363 0 513 0 1172 0 3829 0 1857 0 372 213 2362 213 3829 213 3830 81 1571 81 161 81 2363 0 3830 0 1313 0 2363 6 879 6 2361 6 3831 0 2360 0 878 0 1860 0 3831 0 2358 0 39 0 1791 0 3831 0 3832 0 2359 0 770 0 1316 0 3832 0 2114 0 516 0 2358 0 3832 0 3833 81 1572 81 273 81 2359 80 3833 80 1570 80 2359 0 878 0 2357 0 3834 22 2356 22 877 22 2119 22 3834 22 2354 22 274 0 2117 0 3834 0 3835 163 2355 163 373 163 1575 0 3835 0 1717 0 775 0 2354 0 3835 0 3836 0 1167 0 63 0 2355 0 3836 0 1173 0 877 8 2353 8 3836 8 3837 8 2352 8 876 8 376 0 1720 0 3837 0 1720 193 168 193 2118 193 3838 0 2351 0 517 0 1176 0 3838 0 1861 0 1176 214 376 214 2350 214 3839 155 1575 155 165 155 2351 0 3839 0 1317 0 876 5 2349 5 3839 5 3840 10 2348 10 875 10 1864 36 3840 36 2346 36 62 36 1814 36 3840 36 3841 22 2347 22 774 22 168 0 1320 0 3841 0 1320 215 520 215 2346 215 1574 12 3842 12 1576 12 2347 10 3842 10 1574 10 875 21 2345 21 3842 21 3843 8 2344 8 874 8 2123 8 3843 8 2342 8 2123 6 275 6 2121 6 3844 0 2343 0 377 0 1579 0 3844 0 1721 0 779 0 2342 0 3844 0 3845 0 1136 0 32 0 2343 0 3845 0 1177 0 874 0 2341 0 3845 0 2338 0 3846 0 2340 0 1724 0 3846 0 2338 0 172 0 2122 0 3846 0 1865 216 3847 216 2339 216 1180 22 3847 22 1865 22 380 0 2338 0 3847 0 3848 43 1579 43 169 43 2339 0 3848 0 1321 0 873 0 2337 0 3848 0 3849 0 2336 0 872 0 1868 0 3849 0 2334 0 61 10 1813 10 3849 10 3850 0 2335 0 778 0 1324 0 3850 0 2122 0 524 0 2334 0 3850 0 3851 0 1580 0 275 0 2335 0 3851 0 1578 0 872 0 2333 0 3851 0 3852 63 2332 63 871 63 2127 0 3852 0 2330 0 276 0 2125 0 3852 0 1725 4 3853 4 2331 4 1583 8 3853 8 1725 8 783 0 2330 0 3853 0 3854 0 1164 0 60 0 2331 5 3854 5 1181 5 871 44 2329 44 3854 44 3855 0 2328 0 870 0 1728 217 3855 217 2326 217 176 218 2126 218 3855 218 1869 45 3856 45 2327 45 68 0 1184 0 3856 0 384 0 2326 0 3856 0 3857 5 1583 5 173 5 2327 63 3857 63 1325 63 2327 0 870 0 2325 0 2322 219 3858 219 2324 219 1872 213 3858 213 2322 213 45 0 1797 0 3858 0 3859 43 2323 43 782 43 1328 0 3859 0 2126 0 528 0 2322 0 3859 0 3860 0 1584 0 276 0 782 45 2323 45 3860 45 869 0 2321 0 3860 0 2318 0 3861 0 2320 0 2131 78 3861 78 2318 78 277 0 2129 0 3861 0 3862 0 2319 0 385 0 1587 0 3862 0 1729 0 787 37 2318 37 3862 37 3863 0 1163 0 59 0 2319 0 3863 0 1185 0 868 0 2317 0 3863 0 3864 80 2316 80 867 80 1732 0 3864 0 2314 0 180 0 2130 0 3864 0 3865 0 2315 0 529 0 1188 0 3865 0 1873 0 388 213 2314 213 3865 213 3866 0 1587 0 177 0 529 0 2315 0 3866 0 867 37 2313 37 3866 37 3867 36 2312 36 866 36 1876 0 3867 0 2310 0 58 220 1810 220 3867 220 2130 0 3868 0 2311 0 1332 0 3868 0 2130 0 532 181 2310 181 3868 181 3869 0 1588 0 277 0 2311 0 3869 0 1586 0 866 0 2309 0 3869 0 3870 0 2308 0 865 0 2135 0 3870 0 2306 0 278 22 2133 22 3870 22 3871 10 2307 10 389 10 181 12 1591 12 3871 12 791 10 2306 10 3871 10 3872 0 1132 0 28 0 389 12 2307 12 3872 12 865 36 2305 36 3872 36 3873 0 2304 0 864 0 1736 0 3873 0 2302 0 184 0 2134 0 3873 0 1877 12 3874 12 2303 12 1192 8 3874 8 1877 8 392 0 2302 0 3874 0 3875 8 1591 8 181 8 2303 10 3875 10 1333 10 864 37 2301 37 3875 37 3876 37 2300 37 863 37 1880 0 3876 0 2298 0 57 9 1809 9 3876 9 2134 0 3877 0 2299 0 184 24 1336 24 3877 24 536 0 2298 0 3877 0 3878 0 1592 0 278 0 790 25 2299 25 3878 25 863 36 2297 36 3878 36 3879 0 2296 0 862 0 2139 0 3879 0 2294 0 279 0 2137 0 3879 0 3880 0 2295 0 393 0 1595 63 3880 63 1737 63 795 0 2294 0 3880 0 3881 0 1160 0 56 0 2295 0 3881 0 1193 0 862 0 2293 0 3881 0 3882 0 2292 0 861 0 1740 0 3882 0 2290 0 188 0 2138 0 3882 0 3883 0 2291 0 537 0 1196 43 3883 43 1881 43 396 0 2290 0 3883 0 3884 44 1595 44 185 44 2291 0 3884 0 1337 0 861 0 2289 0 3884 0 2286 0 3885 0 2288 0 1884 0 3885 0 2286 0 46 84 1798 84 3885 84 3886 0 2287 0 794 0 188 4 1340 4 3886 4 1340 0 540 0 2286 0 3887 0 1596 0 279 0 2287 0 3887 0 1594 0 860 0 2285 0 3887 0 3888 80 2284 80 859 80 799 124 2143 124 3888 124 280 36 2141 36 3888 36 3889 0 2283 0 397 0 1599 0 3889 0 1741 0 799 0 2282 0 3889 0 1197 38 3890 38 1159 38 2283 10 3890 10 1197 10 859 0 2281 0 3890 0 2278 124 3891 124 2280 124 1744 169 3891 169 2278 169 192 21 2142 21 3891 21 3892 0 2279 0 541 0 1200 21 3892 21 1885 21 1200 0 400 0 2278 0 1341 0 3893 0 1599 0 2279 36 3893 36 1341 36 858 0 2277 0 3893 0 3894 0 2276 0 857 0 1888 21 3894 21 2274 21 1888 0 54 0 1806 0 3895 0 2275 0 798 0 192 0 1344 0 3895 0 544 10 2274 10 3895 10 1598 0 3896 0 1600 0 2275 0 3896 0 1598 0 2275 12 857 12 2273 12 3897 0 2272 0 856 0 2147 0 3897 0 2270 0 281 0 2145 0 3897 0 1745 0 3898 0 2271 0 1603 0 3898 0 1745 0 803 0 2270 0 3898 0 3899 0 1139 0 35 0 2271 185 3899 185 1201 185 856 0 2269 0 3899 0 3900 0 2268 0 855 0 1748 0 3900 0 2266 0 196 0 2146 0 3900 0 3901 22 2267 22 545 22 1204 37 3901 37 1889 37 404 0 2266 0 3901 0 3902 0 1603 0 193 0 2267 0 3902 0 1345 0 855 10 2265 10 3902 10 3903 37 2264 37 854 37 1892 0 3903 0 2262 0 53 0 1805 0 3903 0 3904 0 2263 0 802 0 1348 0 3904 0 2146 0 548 8 2262 8 3904 8 3905 94 1604 94 281 94 2263 82 3905 82 1602 82 854 37 2261 37 3905 37 3906 80 2260 80 853 80 2151 0 3906 0 2258 0 282 0 2149 0 3906 0 3907 22 2259 22 405 22 1607 22 3907 22 1749 22 807 0 2258 0 3907 0 3908 0 1156 0 52 0 405 76 2259 76 3908 76 853 37 2257 37 3908 37 3909 22 2256 22 852 22 1752 81 3909 81 2254 81 200 0 2150 0 3909 0 1893 0 3910 0 2255 0 1208 0 3910 0 1893 0 408 0 2254 0 3910 0 3911 81 1607 81 197 81 2255 8 3911 8 1349 8 852 0 2253 0 3911 0 3912 10 2252 10 851 10 1896 0 3912 0 2250 0 1896 12 43 12 1795 12 3913 0 2251 0 806 0 1352 0 3913 0 2150 0 552 0 2250 0 3913 0 3914 0 1608 0 282 0 2251 0 3914 0 1606 0 851 10 2249 10 3914 10 3915 0 2248 0 850 0 811 0 2155 0 3915 0 283 0 2153 0 3915 0 3916 43 2247 43 409 43 1611 168 3916 168 1753 168 811 44 2246 44 3916 44 3917 0 1155 0 51 0 2247 0 3917 0 1209 0 850 0 2245 0 3917 0 3918 26 2244 26 849 26 1756 0 3918 0 2242 0 204 0 2154 0 3918 0 3919 44 2243 44 553 44 1212 221 3919 221 1897 221 1212 0 412 0 2242 0 3920 0 1611 0 201 0 2243 221 3920 221 1353 221 849 0 2241 0 3920 0 3921 10 2240 10 848 10 1900 0 3921 0 2238 0 50 10 1802 10 3921 10 3922 0 2239 0 810 0 1356 0 3922 0 2154 0 556 37 2238 37 3922 37 3923 10 1612 10 283 10 2239 37 3923 37 1610 37 848 0 2237 0 3923 0 3924 222 2236 222 847 222 2159 0 3924 0 2234 0 2159 12 284 12 2157 12 1757 223 3925 223 2235 223 205 0 1615 0 3925 0 815 22 2234 22 3925 22 3926 224 1140 224 36 224 2235 225 3926 225 1213 225 2235 0 847 0 2233 0 3927 0 2232 0 846 0 1760 0 3927 0 2230 0 208 37 2158 37 3927 37 1901 0 3928 0 2231 0 1216 198 3928 198 1901 198 416 44 2230 44 3928 44 3929 155 1615 155 205 155 557 226 2231 226 3929 226 2231 0 846 0 2229 0 2226 6 3930 6 2228 6 560 0 1904 0 3930 0 1904 12 49 12 1801 12 3931 8 2227 8 814 8 1360 10 3931 10 2158 10 560 21 2226 21 3931 21 3932 0 1616 0 284 0 2227 8 3932 8 1614 8 845 0 2225 0 3932 0 3933 0 2224 0 844 0 2163 8 3933 8 2222 8 285 0 2161 0 3933 0 1761 0 3934 0 2223 0 209 124 1619 124 3934 124 819 0 2222 0 3934 0 3935 0 1152 0 48 0 417 227 2223 227 3935 227 844 0 2221 0 3935 0 3936 0 2220 0 843 0 1764 0 3936 0 2218 0 212 0 2162 0 3936 0 1905 0 3937 0 2219 0 1220 0 3937 0 1905 0 1220 12 420 12 2218 12 1361 0 3938 0 1619 0 561 76 2219 76 3938 76 2219 0 843 0 2217 0 3939 0 2216 0 842 0 564 6 1908 6 3939 6 1908 0 31 0 1783 0 3940 0 2215 0 818 0 212 124 1364 124 3940 124 1364 0 564 0 2214 0 3941 228 1620 228 285 228 2215 0 3941 0 1618 0 842 8 2213 8 3941 8 3942 0 2212 0 841 0 2167 43 3942 43 2210 43 286 0 2165 0 3942 0 3943 56 2211 56 421 56 1623 0 3943 0 1765 0 823 0 2210 0 3943 0 3944 0 1151 0 47 0 2211 229 3944 229 1221 229 2211 0 841 0 2209 0 3945 0 2208 0 840 0 1768 63 3945 63 2206 63 216 0 2166 0 3945 0 3946 0 2207 0 565 0 1224 43 3946 43 1909 43 424 63 2206 63 3946 63 3947 198 1623 198 213 198 2207 0 3947 0 1365 0 840 5 2205 5 3947 5 3948 0 2204 0 839 0 1912 122 3948 122 2202 122 1912 0 34 0 1786 0 3949 0 2203 0 822 0 1368 0 3949 0 2166 0 1368 67 568 67 2202 67 3950 0 1624 0 286 0 2203 0 3950 0 1622 0 839 0 2201 0 3950 0 3951 0 2200 0 838 0 2171 0 3951 0 2198 0 287 8 2169 8 3951 8 3952 0 2199 0 425 0 1627 0 3952 0 1769 0 827 0 2198 0 3952 0 3953 0 1144 0 40 0 2199 44 3953 44 1225 44 2199 0 838 0 2197 0 3954 5 2196 5 837 5 1772 0 3954 0 2194 0 220 0 2170 0 3954 0 3955 0 2195 0 569 0 79 4 1228 4 3955 4 428 63 2194 63 3955 63 3956 22 1627 22 217 22 569 0 2195 0 3956 0 837 0 2193 0 3956 0 3957 0 2192 0 836 0 1916 0 3957 0 2190 0 33 84 1785 84 3957 84 3958 0 2191 0 826 0 220 4 1372 4 3958 4 1372 0 572 0 2190 0 1626 45 3959 45 1628 45 826 0 2191 0 3959 0 2191 67 836 67 2189 67 2186 76 3960 76 2188 76 2175 81 3960 81 2186 81 288 10 2173 10 3960 10 3961 0 2187 0 429 0 1631 0 3961 0 1773 0 831 8 2186 8 3961 8 3962 22 1148 22 44 22 429 0 2187 0 3962 0 835 8 2185 8 3962 8 3963 80 2184 80 834 80 1776 0 3963 0 2182 0 224 0 2174 0 3963 0 3964 81 2183 81 573 81 1232 0 3964 0 1917 0 432 22 2182 22 3964 22 3965 0 1631 0 221 0 2183 0 3965 0 1373 0 834 8 2181 8 3965 8 3966 0 2180 0 833 0 1920 0 3966 0 2178 0 27 0 1779 0 3966 0 2174 0 3967 0 2179 0 1376 0 3967 0 2174 0 1376 12 576 12 2178 12 1630 0 3968 0 1632 0 830 76 2179 76 3968 76 833 21 2177 21 3968 21 2177 6 3969 6 2176 6 833 0 2180 0 3969 0 435 10 1235 10 3969 10 3970 0 2175 0 831 0 2184 0 3970 0 2181 0 830 0 1630 0 3970 0 3971 78 1692 78 348 78 2188 0 3971 0 2185 0 2188 6 829 6 1629 6 3972 140 2172 140 828 140 836 0 2192 0 3972 0 441 22 1241 22 3972 22 2193 4 3973 4 2171 4 2196 8 3973 8 2193 8 2196 230 826 230 1626 230 2197 4 3974 4 1688 4 2200 5 3974 5 2197 5 825 0 1625 0 3974 0 2201 0 3975 0 2168 0 2204 0 3975 0 2201 0 442 0 1242 0 3975 0 2205 231 3976 231 2167 231 840 0 2208 0 3976 0 822 0 1622 0 3976 0 3977 0 1695 0 351 0 2212 0 3977 0 2209 0 821 0 1621 0 3977 0 3978 57 2164 57 820 57 2216 37 3978 37 2213 37 439 0 1239 0 3978 0 3979 232 2163 232 819 232 2220 0 3979 0 2217 0 818 0 1618 0 3979 0 2221 233 3980 233 1696 233 2224 234 3980 234 2221 234 817 0 1617 0 3980 0 3981 0 2160 0 816 0 2228 37 3981 37 2225 37 457 36 1257 36 3981 36 3982 0 2159 0 815 0 2232 42 3982 42 2229 42 814 0 1614 0 3982 0 2233 99 3983 99 1684 99 2236 72 3983 72 2233 72 813 0 1613 0 3983 0 3984 0 2156 0 812 0 848 12 2240 12 3984 12 458 36 1258 36 3984 36 2241 25 3985 25 2155 25 2244 82 3985 82 2241 82 810 0 1610 0 3985 0 3986 0 1699 0 355 0 2248 0 3986 0 2245 0 809 8 1609 8 3986 8 2249 0 3987 0 2152 0 2252 0 3987 0 2249 0 2252 6 451 6 1251 6 3988 0 2151 0 807 0 2256 22 3988 22 2253 22 806 0 1606 0 3988 0 3989 235 1700 235 356 235 853 0 2260 0 3989 0 805 22 1605 22 3989 22 3990 94 2148 94 804 94 2264 10 3990 10 2261 10 461 236 1261 236 3990 236 3991 237 2147 237 803 237 2268 80 3991 80 2265 80 2268 0 802 0 1602 0 2269 0 3992 0 1683 0 2272 0 3992 0 2269 0 801 137 1601 137 3992 137 3993 0 2144 0 800 0 2276 36 3993 36 2273 36 462 0 1262 0 3993 0 3994 8 2143 8 799 8 2280 169 3994 169 2277 169 2280 0 798 0 1598 0 3995 238 1703 238 359 238 2284 0 3995 0 2281 0 2284 6 797 6 1597 6 2285 239 3996 239 2140 239 2288 8 3996 8 2285 8 454 22 1254 22 3996 22 3997 0 2139 0 795 0 2292 0 3997 0 2289 0 794 0 1594 0 3997 0 3998 0 1704 0 360 0 2296 0 3998 0 2293 0 793 0 1593 0 3998 0 3999 10 2136 10 792 10 2300 0 3999 0 2297 0 465 0 1265 0 3999 0 4000 8 2135 8 791 8 864 0 2304 0 4000 0 790 22 1590 22 4000 22 2305 124 4001 124 1676 124 865 0 2308 0 4001 0 789 0 1589 0 4001 0 4002 0 2132 0 788 0 2312 0 4002 0 2309 0 466 2 1266 2 4002 2 4003 0 2131 0 787 0 867 0 2316 0 4003 0 786 37 1586 37 4003 37 4004 0 1707 0 363 0 2320 22 4004 22 2317 22 2320 12 785 12 1585 12 4005 0 2128 0 784 0 2324 0 4005 0 2321 0 453 22 1253 22 4005 22 4006 0 2127 0 783 0 2328 0 4006 0 2325 0 782 0 1582 0 4006 0 4007 0 1708 0 364 0 871 0 2332 0 4007 0 781 240 1581 240 4007 240 2333 12 4008 12 2124 12 2336 10 4008 10 2333 10 469 0 1269 0 4008 0 4009 82 2123 82 779 82 2340 22 4009 22 2337 22 778 0 1578 0 4009 0 2341 25 4010 25 1680 25 2344 8 4010 8 2341 8 777 0 1577 0 4010 0 4011 0 2120 0 776 0 2348 37 4011 37 2345 37 470 10 1270 10 4011 10 4012 42 2119 42 775 42 2352 0 4012 0 2349 0 774 37 1574 37 4012 37 4013 22 1711 22 367 22 2356 22 4013 22 2353 22 773 0 1573 0 4013 0 4014 0 2116 0 772 0 2360 0 4014 0 2357 0 447 8 1247 8 4014 8 4015 0 2115 0 771 0 2364 0 4015 0 2361 0 2364 6 770 6 1570 6 4016 0 1712 0 368 0 2368 0 4016 0 2365 0 769 10 1569 10 4016 10 4017 169 2112 169 768 169 2372 0 4017 0 2369 0 513 8 1313 8 4017 8 4018 39 2111 39 767 39 2376 0 4018 0 2373 0 766 0 1566 0 4018 0 4019 82 1672 82 328 82 2380 42 4019 42 2377 42 765 36 1565 36 4019 36 4020 169 2108 169 764 169 2384 241 4020 241 2381 241 514 36 1314 36 4020 36 4021 0 2107 0 763 0 2388 0 4021 0 2385 0 2388 242 762 242 1562 242 4022 0 1715 0 371 0 2392 39 4022 39 2389 39 761 21 1561 21 4022 21 4023 0 2104 0 760 0 2396 21 4023 21 2393 21 2396 0 487 0 1287 0 2397 0 4024 0 2103 0 2400 0 4024 0 2397 0 758 176 1558 176 4024 176 4025 0 1716 0 372 0 889 124 2404 124 4025 124 757 0 1557 0 4025 0 4026 0 2100 0 756 0 2408 0 4026 0 2405 0 517 0 1317 0 4026 0 4027 22 2099 22 755 22 891 0 2412 0 4027 0 2412 4 754 4 1554 4 2413 0 4028 0 1671 0 2416 0 4028 0 2413 0 753 0 1553 0 4028 0 4029 0 2096 0 752 0 2420 243 4029 243 2417 243 518 244 1318 244 4029 244 4030 56 2095 56 751 56 2424 0 4030 0 2421 0 750 0 1550 0 4030 0 4031 44 1719 44 375 44 2428 0 4031 0 2425 0 749 0 1549 0 4031 0 4032 0 2092 0 748 0 2432 0 4032 0 2429 0 510 68 1310 68 4032 68 4033 0 2091 0 747 0 2436 39 4033 39 2433 39 746 21 1546 21 4033 21 4034 0 1720 0 376 0 898 24 2440 24 4034 24 745 0 1545 0 4034 0 4035 44 2088 44 744 44 899 4 2444 4 4035 4 2444 0 521 0 1321 0 2445 45 4036 45 2087 45 2448 22 4036 22 2445 22 742 8 1542 8 4036 8 4037 63 1640 63 296 63 2452 0 4037 0 2449 0 741 22 1541 22 4037 22 4038 0 2084 0 740 0 902 45 2456 45 4038 45 522 0 1322 0 4038 0 4039 0 2083 0 739 0 2460 5 4039 5 2457 5 738 0 1538 0 4039 0 4040 0 1723 0 379 0 2464 44 4040 44 2461 44 2464 0 737 0 1537 0 4041 0 2080 0 736 0 905 12 2468 12 4041 12 509 36 1309 36 4041 36 4042 22 2079 22 735 22 906 0 2472 0 4042 0 2472 12 734 12 1534 12 4043 0 1724 0 380 0 907 25 2476 25 4043 25 2476 0 733 0 1533 0 4044 0 2076 0 732 0 2480 0 4044 0 2477 0 525 245 1325 245 4044 245 4045 8 2075 8 731 8 2484 82 4045 82 2481 82 730 39 1530 39 4045 39 4046 0 1668 0 324 0 2488 42 4046 42 2485 42 729 0 1529 0 4046 0 4047 44 2072 44 728 44 2492 0 4047 0 2489 0 526 0 1326 0 4047 0 4048 39 2071 39 727 39 2496 26 4048 26 2493 26 2496 0 726 0 1526 0 4049 22 1727 22 383 22 913 0 2500 0 4049 0 725 0 1525 0 4049 0 2501 246 4050 246 2068 246 2504 247 4050 247 2501 247 493 74 1293 74 4050 74 2505 4 4051 4 2067 4 2508 70 4051 70 2505 70 722 0 1522 0 4051 0 4052 63 1728 63 384 63 2512 0 4052 0 2509 0 721 7 1521 7 4052 7 4053 22 2064 22 720 22 2516 37 4053 37 2513 37 529 36 1329 36 4053 36 4054 0 2063 0 719 0 2520 8 4054 8 2517 8 718 37 1518 37 4054 37 4055 8 1667 8 323 8 2524 10 4055 10 2521 10 717 0 1517 0 4055 0 2525 12 4056 12 2060 12 920 0 2528 0 4056 0 530 0 1330 0 4056 0 4057 22 2059 22 715 22 2532 175 4057 175 2529 175 714 0 1514 0 4057 0 4058 0 1731 0 387 0 922 0 2536 0 4058 0 713 0 1513 0 4058 0 4059 0 2056 0 712 0 2540 21 4059 21 2537 21 2540 0 506 0 1306 0 4060 169 2055 169 711 169 2544 0 4060 0 2541 0 710 0 1510 0 4060 0 4061 0 1732 0 388 0 2548 22 4061 22 2545 22 709 0 1509 0 4061 0 4062 0 2052 0 708 0 2552 0 4062 0 2549 0 533 0 1333 0 4062 0 4063 0 2051 0 707 0 2556 0 4063 0 2553 0 706 0 1506 0 4063 0 4064 0 1636 0 292 0 2560 0 4064 0 2557 0 705 0 1505 0 4064 0 4065 10 2048 10 704 10 2564 36 4065 36 2561 36 534 36 1334 36 4065 36 2565 0 4066 0 2047 0 2568 0 4066 0 2565 0 702 0 1502 0 4066 0 4067 0 1735 0 391 0 2572 22 4067 22 2569 22 701 0 1501 0 4067 0 2573 12 4068 12 2044 12 2576 8 4068 8 2573 8 505 0 1305 0 4068 0 2577 0 4069 0 2043 0 2580 80 4069 80 2577 80 698 21 1498 21 4069 21 4070 0 1736 0 392 0 2584 0 4070 0 2581 0 697 37 1497 37 4070 37 4071 0 2040 0 696 0 2588 0 4071 0 2585 0 537 0 1337 0 4071 0 4072 42 2039 42 695 42 2592 0 4072 0 2589 0 694 22 1494 22 4072 22 4073 0 1664 0 320 0 2596 0 4073 0 2593 0 693 0 1493 0 4073 0 4074 0 2036 0 692 0 938 4 2600 4 4074 4 2600 0 538 0 1338 0 4075 0 2035 0 691 0 2604 0 4075 0 2601 0 690 0 1490 0 4075 0 4076 39 1739 39 395 39 2608 0 4076 0 2605 0 2608 25 689 25 1489 25 4077 0 2032 0 688 0 2612 8 4077 8 2609 8 494 22 1294 22 4077 22 4078 5 2031 5 687 5 2616 0 4078 0 2613 0 2616 248 686 248 1486 248 4079 0 1740 0 396 0 2620 63 4079 63 2617 63 685 0 1485 0 4079 0 4080 21 2028 21 684 21 2624 0 4080 0 2621 0 2624 12 541 12 1341 12 4081 0 2027 0 683 0 2628 21 4081 21 2625 21 2628 0 682 0 1482 0 4082 110 1663 110 319 110 2632 0 4082 0 2629 0 681 22 1481 22 4082 22 4083 0 2024 0 680 0 2636 0 4083 0 2633 0 542 0 1342 0 4083 0 4084 0 2023 0 679 0 2640 0 4084 0 2637 0 678 10 1478 10 4084 10 4085 0 1743 0 399 0 2644 0 4085 0 2641 0 677 0 1477 0 4085 0 4086 22 2020 22 676 22 950 0 2648 0 4086 0 502 0 1302 0 4086 0 4087 0 2019 0 675 0 2652 8 4087 8 2649 8 674 37 1474 37 4087 37 4088 0 1744 0 400 0 2656 22 4088 22 2653 22 673 10 1473 10 4088 10 2657 0 4089 0 2016 0 953 12 2660 12 4089 12 545 36 1345 36 4089 36 4090 0 2015 0 671 0 2664 0 4090 0 2661 0 670 8 1470 8 4090 8 2665 0 4091 0 1643 0 2668 0 4091 0 2665 0 669 0 1469 0 4091 0 4092 0 2012 0 668 0 956 12 2672 12 4092 12 546 0 1346 0 4092 0 2673 12 4093 12 2011 12 957 0 2676 0 4093 0 666 0 1466 0 4093 0 4094 0 1747 0 403 0 2680 0 4094 0 2677 0 665 0 1465 0 4094 0 4095 0 2008 0 664 0 2684 0 4095 0 2681 0 501 0 1301 0 4095 0 4096 0 2007 0 663 0 2688 0 4096 0 2685 0 662 0 1462 0 4096 0 4097 0 1748 0 404 0 2692 0 4097 0 2689 0 2692 12 661 12 1461 12 4098 80 2004 80 660 80 2696 0 4098 0 2693 0 549 0 1349 0 4098 0 4099 26 2003 26 659 26 2700 39 4099 39 2697 39 2700 0 658 0 1458 0 4100 0 1660 0 316 0 2704 0 4100 0 2701 0 657 8 1457 8 4100 8 4101 22 2000 22 656 22 965 0 2708 0 4101 0 550 0 1350 0 4101 0 4102 0 1999 0 655 0 2712 0 4102 0 2709 0 654 0 1454 0 4102 0 4103 0 1751 0 407 0 2716 0 4103 0 2713 0 653 0 1453 0 4103 0 4104 0 1996 0 652 0 2720 22 4104 22 2717 22 491 0 1291 0 4104 0 4105 0 1995 0 651 0 2724 80 4105 80 2721 80 650 0 1450 0 4105 0 4106 0 1752 0 408 0 2728 0 4106 0 2725 0 649 0 1449 0 4106 0 4107 0 1992 0 648 0 2732 5 4107 5 2729 5 553 43 1353 43 4107 43 2733 45 4108 45 1991 45 972 0 2736 0 4108 0 2736 4 646 4 1446 4 4109 16 1659 16 315 16 973 0 2740 0 4109 0 645 0 1445 0 4109 0 4110 0 1988 0 644 0 2744 0 4110 0 2741 0 554 5 1354 5 4110 5 4111 0 1987 0 643 0 2748 0 4111 0 2745 0 642 0 1442 0 4111 0 4112 63 1755 63 411 63 2752 0 4112 0 2749 0 641 43 1441 43 4112 43 4113 0 1984 0 640 0 2756 0 4113 0 2753 0 498 10 1298 10 4113 10 4114 26 1983 26 639 26 2760 0 4114 0 2757 0 2760 6 638 6 1438 6 4115 0 1756 0 412 0 979 24 2764 24 4115 24 637 21 1437 21 4115 21 4116 199 1980 199 636 199 2768 0 4116 0 2765 0 557 22 1357 22 4116 22 4117 199 1979 199 635 199 981 45 2772 45 4117 45 2772 0 634 0 1434 0 4118 0 1644 0 300 0 2776 0 4118 0 2773 0 633 249 1433 249 4118 249 4119 0 1976 0 632 0 2780 0 4119 0 2777 0 558 0 1358 0 4119 0 2781 0 4120 0 1975 0 2784 0 4120 0 2781 0 630 0 1430 0 4120 0 4121 0 1759 0 415 0 2788 0 4121 0 2785 0 629 8 1429 8 4121 8 2789 0 4122 0 1972 0 2792 0 4122 0 2789 0 497 0 1297 0 4122 0 4123 22 1971 22 627 22 2796 22 4123 22 2793 22 626 10 1426 10 4123 10 4124 250 1760 250 416 250 2800 0 4124 0 2797 0 625 0 1425 0 4124 0 4125 57 1968 57 624 57 989 0 2804 0 4125 0 561 8 1361 8 4125 8 2805 251 4126 251 1967 251 990 0 2808 0 4126 0 622 10 1422 10 4126 10 4127 188 1656 188 312 188 2812 0 4127 0 2809 0 2812 252 621 252 1421 252 4128 80 1964 80 620 80 2816 0 4128 0 2813 0 562 0 1362 0 4128 0 4129 0 1963 0 619 0 2820 0 4129 0 2817 0 2820 12 618 12 1418 12 2821 253 4130 253 1763 253 994 0 2824 0 4130 0 617 0 1417 0 4130 0 4131 0 1960 0 616 0 995 12 2828 12 4131 12 2828 0 479 0 1279 0 4132 81 1959 81 615 81 2832 0 4132 0 2829 0 614 37 1414 37 4132 37 4133 254 1764 254 420 254 2836 0 4133 0 2833 0 613 0 1413 0 4133 0 4134 0 1956 0 612 0 2840 8 4134 8 2837 8 565 7 1365 7 4134 7 4135 0 1955 0 611 0 2844 22 4135 22 2841 22 610 0 1410 0 4135 0 4136 255 1655 255 311 255 2848 0 4136 0 2845 0 609 185 1409 185 4136 185 4137 5 1952 5 608 5 2852 63 4137 63 2849 63 566 0 1366 0 4137 0 4138 0 1951 0 607 0 2856 0 4138 0 2853 0 606 8 1406 8 4138 8 4139 0 1767 0 423 0 2860 0 4139 0 2857 0 605 82 1405 82 4139 82 4140 0 1948 0 604 0 2864 141 4140 141 2861 141 482 84 1282 84 4140 84 4141 0 1947 0 603 0 2868 0 4141 0 2865 0 602 0 1402 0 4141 0 2869 256 4142 256 1768 256 1006 0 2872 0 4142 0 601 0 1401 0 4142 0 2873 45 4143 45 1944 45 2876 22 4143 22 2873 22 569 10 1369 10 4143 10 4144 0 1943 0 599 0 2880 26 4144 26 2877 26 598 26 1398 26 4144 26 2881 25 4145 25 1648 25 1009 0 2884 0 4145 0 597 0 1397 0 4145 0 4146 0 1940 0 596 0 1010 45 2888 45 4146 45 570 21 1370 21 4146 21 4147 0 1939 0 595 0 2892 26 4147 26 2889 26 2892 0 594 0 1394 0 4148 0 1771 0 427 0 2896 0 4148 0 2893 0 593 22 1393 22 4148 22 4149 0 1936 0 592 0 2900 0 4149 0 2897 0 481 8 1281 8 4149 8 4150 0 1935 0 591 0 2904 0 4150 0 2901 0 590 0 1390 0 4150 0 4151 43 1772 43 428 43 2908 44 4151 44 2905 44 589 218 1389 218 4151 218 4152 0 1932 0 588 0 2912 0 4152 0 2909 0 2912 12 573 12 1373 12 4153 0 1931 0 587 0 1017 24 2916 24 4153 24 2916 0 586 0 1386 0 4154 0 1652 0 308 0 2920 42 4154 42 2917 42 585 0 1385 0 4154 0 2921 0 4155 0 1928 0 2924 78 4155 78 2921 78 574 0 1374 0 4155 0 4156 82 1927 82 583 82 2928 0 4156 0 2925 0 582 0 1382 0 4156 0 4157 82 1775 82 431 82 1021 25 2932 25 4157 25 2932 0 581 0 1381 0 4158 36 1924 36 580 36 2936 21 4158 21 2933 21 475 37 1275 37 4158 37 4159 0 1923 0 579 0 2940 0 4159 0 2937 0 578 10 1378 10 4159 10 4160 0 1776 0 432 0 2944 0 4160 0 2941 0 577 0 1377 0 4160 0 4161 22 1920 22 576 22 1025 0 2948 0 4161 0 331 0 1131 0 4161 0 4162 0 1919 0 575 0 2952 0 4162 0 2949 0 2952 12 430 12 1230 12 4163 8 1796 8 452 8 2956 169 4163 169 2953 169 429 21 1229 21 4163 21 4164 0 1916 0 572 0 2960 0 4164 0 2957 0 337 0 1137 0 4164 0 4165 0 1915 0 571 0 2964 0 4165 0 2961 0 426 0 1226 0 4165 0 4166 0 1792 0 448 0 2968 0 4166 0 2965 0 425 10 1225 10 4166 10 4167 0 1912 0 568 0 1031 219 2972 219 4167 219 2972 0 338 0 1138 0 4168 0 1911 0 567 0 2976 0 4168 0 2973 0 422 0 1222 0 4168 0 4169 0 1799 0 455 0 1033 257 2980 257 4169 257 421 0 1221 0 4169 0 4170 87 1908 87 564 87 1034 0 2984 0 4170 0 335 0 1135 0 4170 0 4171 0 1907 0 563 0 2988 22 4171 22 2985 22 418 0 1218 0 4171 0 4172 258 1800 258 456 258 2992 0 4172 0 2989 0 417 0 1217 0 4172 0 4173 0 1904 0 560 0 2996 0 4173 0 2993 0 353 10 1153 10 4173 10 4174 259 1903 259 559 259 3000 0 4174 0 2997 0 414 0 1214 0 4174 0 4175 204 1788 204 444 204 3004 260 4175 260 3001 260 413 260 1213 260 4175 260 3005 0 4176 0 1900 0 3008 0 4176 0 3005 0 354 0 1154 0 4176 0 4177 0 1899 0 555 0 3012 5 4177 5 3009 5 410 0 1210 0 4177 0 4178 15 1803 15 459 15 3016 8 4178 8 3013 8 409 43 1209 43 4178 43 4179 0 1896 0 552 0 3020 0 4179 0 3017 0 347 0 1147 0 4179 0 4180 0 1895 0 551 0 3024 0 4180 0 3021 0 3024 12 406 12 1206 12 3025 0 4181 0 1804 0 3028 0 4181 0 3025 0 405 8 1205 8 4181 8 4182 0 1892 0 548 0 3032 0 4182 0 3029 0 357 0 1157 0 4182 0 4183 17 1891 17 547 17 3036 10 4183 10 3033 10 402 21 1202 21 4183 21 3037 210 4184 210 1787 210 3040 185 4184 185 3037 185 401 72 1201 72 4184 72 4185 0 1888 0 544 0 3044 0 4185 0 3041 0 358 0 1158 0 4185 0 4186 0 1887 0 543 0 3048 37 4186 37 3045 37 3048 0 398 0 1198 0 4187 0 1807 0 463 0 1051 12 3052 12 4187 12 397 0 1197 0 4187 0 4188 0 1884 0 540 0 1052 0 3056 0 4188 0 350 84 1150 84 4188 84 4189 0 1883 0 539 0 3060 43 4189 43 3057 43 394 0 1194 0 4189 0 4190 0 1808 0 464 0 3064 43 4190 43 3061 43 393 0 1193 0 4190 0 4191 0 1880 0 536 0 1055 0 3068 0 4191 0 361 9 1161 9 4191 9 4192 0 1879 0 535 0 3072 0 4192 0 3069 0 390 0 1190 0 4192 0 4193 10 1780 10 436 10 3076 0 4193 0 3073 0 389 0 1189 0 4193 0 4194 0 1876 0 532 0 3080 10 4194 10 3077 10 362 236 1162 236 4194 236 4195 0 1875 0 531 0 1059 12 3084 12 4195 12 3084 0 386 0 1186 0 4196 0 1811 0 467 0 3088 37 4196 37 3085 37 3088 0 385 0 1185 0 3089 0 4197 0 1872 0 3092 0 4197 0 3089 0 349 0 1149 0 4197 0 4198 0 1871 0 527 0 3096 0 4198 0 3093 0 382 97 1182 97 4198 97 3097 0 4199 0 1812 0 3100 0 4199 0 3097 0 381 27 1181 27 4199 27 4200 0 1868 0 524 0 3104 0 4200 0 3101 0 365 0 1165 0 4200 0 4201 63 1867 63 523 63 1065 45 3108 45 4201 45 378 43 1178 43 4201 43 4202 0 1784 0 440 0 3112 22 4202 22 3109 22 377 0 1177 0 4202 0 4203 0 1864 0 520 0 3116 0 4203 0 3113 0 366 0 1166 0 4203 0 4204 22 1863 22 519 22 1068 0 3120 0 4204 0 374 8 1174 8 4204 8 4205 0 1815 0 471 0 3124 0 4205 0 3121 0 3124 4 373 4 1173 4 4206 0 1860 0 516 0 3128 0 4206 0 3125 0 343 0 1143 0 4206 0 4207 0 1859 0 515 0 3132 0 4207 0 3129 0 370 0 1170 0 4207 0 4208 0 1816 0 472 0 3136 0 4208 0 3133 0 369 0 1169 0 4208 0 4209 0 1856 0 512 0 1073 12 3140 12 4209 12 303 36 1103 36 4209 36 4210 21 1855 21 511 21 1074 12 3144 12 4210 12 3144 0 326 0 1126 0 3145 12 4211 12 1824 12 3148 8 4211 8 3145 8 325 22 1125 22 4211 22 4212 22 1852 22 508 22 1076 0 3152 0 4212 0 309 101 1109 101 4212 101 4213 0 1851 0 507 0 3156 0 4213 0 3153 0 322 0 1122 0 4213 0 4214 22 1820 22 476 22 3160 37 4214 37 3157 37 321 40 1121 40 4214 40 3161 0 4215 0 1848 0 3164 0 4215 0 3161 0 310 0 1110 0 4215 0 4216 107 1847 107 503 107 3168 0 4216 0 3165 0 318 0 1118 0 4216 0 3169 0 4217 0 1827 0 3172 0 4217 0 3169 0 317 0 1117 0 4217 0 4218 15 1844 15 500 15 3176 8 4218 8 3173 8 307 37 1107 37 4218 37 4219 15 1843 15 499 15 3180 10 4219 10 3177 10 314 21 1114 21 4219 21 4220 49 1828 49 484 49 3184 0 4220 0 3181 0 313 185 1113 185 4220 185 4221 65 1840 65 496 65 3188 0 4221 0 3185 0 295 0 1095 0 4221 0 4222 185 1839 185 495 185 1086 0 3192 0 4222 0 298 0 1098 0 4222 0 4223 0 1832 0 488 0 3196 0 4223 0 3193 0 297 0 1097 0 4223 0 4224 0 1836 0 492 0 3200 0 4224 0 3197 0 291 0 1091 0 4224 0 4224 0 1091 0 1836 0 4223 0 1097 0 1832 0 4222 0 1098 0 1839 0 1840 261 4221 261 6 261 4220 262 1113 262 1828 262 4219 0 1114 0 1843 0 1844 0 4218 0 15 0 4217 0 1117 0 1827 0 1847 263 4216 263 22 263 4215 0 1110 0 1848 0 4214 0 1121 0 1820 0 4213 0 1122 0 1851 0 1852 0 4212 0 17 0 4211 264 1125 264 1824 264 4210 265 1126 265 1855 265 4209 0 1103 0 1856 0 4208 0 1169 0 1816 0 4207 0 1170 0 1859 0 4206 0 1143 0 1860 0 4205 0 1173 0 1815 0 1863 0 4204 0 66 0 4203 0 1166 0 1864 0 4202 0 1177 0 1784 0 4201 266 1178 266 1867 266 4200 0 1165 0 1868 0 1812 0 4199 0 60 0 4198 267 1182 267 1871 267 4197 0 1149 0 1872 0 4196 268 1185 268 1811 268 4195 268 1186 268 1875 268 4194 0 1162 0 1876 0 1780 269 4193 269 28 269 4192 0 1190 0 1879 0 4191 270 1161 270 1880 270 4190 0 1193 0 1808 0 4189 0 1194 0 1883 0 1884 0 4188 0 46 0 4187 0 1197 0 1807 0 1887 0 4186 0 72 0 4185 0 1158 0 1888 0 4184 271 1201 271 1787 271 4183 0 1202 0 1891 0 4182 0 1157 0 1892 0 4181 272 1205 272 1804 272 4180 0 1206 0 1895 0 4179 0 1147 0 1896 0 4178 273 1209 273 1803 273 4177 0 1210 0 1899 0 4176 0 1154 0 1900 0 1788 274 4175 274 36 274 1903 275 4174 275 76 275 4173 276 1153 276 1904 276 1800 277 4172 277 48 277 4171 0 1218 0 1907 0 4170 0 1135 0 1908 0 4169 0 1221 0 1799 0 4168 0 1222 0 1911 0 1912 0 4167 0 34 0 4166 278 1225 278 1792 278 4165 0 1226 0 1915 0 4164 0 1137 0 1916 0 4163 0 1229 0 1796 0 4162 0 1230 0 1919 0 4161 0 1131 0 1920 0 4160 0 1377 0 1776 0 4159 268 1378 268 1923 268 4158 279 1275 279 1924 279 4157 265 1381 265 1775 265 4156 39 1382 39 1927 39 4155 0 1374 0 1928 0 4154 0 1385 0 1652 0 4153 270 1386 270 1931 270 4152 0 1373 0 1932 0 4151 63 1389 63 1772 63 4150 0 1390 0 1935 0 1936 0 4149 0 129 0 1771 0 4148 0 219 0 1939 0 4147 0 229 0 4146 0 1370 0 1940 0 4145 36 1397 36 1648 36 4144 0 1398 0 1943 0 4143 280 1369 280 1944 280 1768 275 4142 275 216 275 4141 0 1402 0 1947 0 4140 270 1282 270 1948 270 1767 0 4139 0 215 0 1951 0 4138 0 232 0 4137 155 1366 155 1952 155 4136 281 1409 281 1655 281 4135 0 1410 0 1955 0 1956 0 4134 0 213 0 4133 36 1413 36 1764 36 4132 279 1414 279 1959 279 4131 268 1279 268 1960 268 4130 39 1417 39 1763 39 4129 0 1418 0 1963 0 4128 21 1362 21 1964 21 1656 282 4127 282 104 282 4126 283 1422 283 1967 283 1968 0 4125 0 209 0 4124 39 1425 39 1760 39 1971 0 4123 0 237 0 4122 0 1297 0 1972 0 4121 276 1429 276 1759 276 4120 0 1430 0 1975 0 4119 0 1358 0 1976 0 1644 0 4118 0 92 0 4117 284 1434 284 1979 284 4116 284 1357 284 1980 284 4115 0 1437 0 1756 0 4114 26 1438 26 1983 26 1984 0 4113 0 146 0 4112 266 1441 266 1755 266 4111 0 1442 0 1987 0 4110 268 1354 268 1988 268 4109 0 1445 0 1659 0 1991 285 4108 285 242 285 4107 270 1353 270 1992 270 4106 0 1449 0 1752 0 4105 0 1450 0 1995 0 4104 0 1291 0 1996 0 4103 0 1453 0 1751 0 4102 0 1454 0 1999 0 4101 0 1350 0 2000 0 1660 0 4100 0 108 0 4099 264 1458 264 2003 264 4098 21 1349 21 2004 21 4097 0 1461 0 1748 0 4096 0 1462 0 2007 0 4095 0 1301 0 2008 0 4094 0 1465 0 1747 0 2011 286 4093 286 247 286 4092 0 1346 0 2012 0 4091 0 1469 0 1643 0 2015 0 4090 0 248 0 4089 0 1345 0 2016 0 1744 0 4088 0 192 0 2019 0 4087 0 249 0 4086 0 1302 0 2020 0 4085 0 1477 0 1743 0 2023 0 4084 0 250 0 4083 0 1342 0 2024 0 4082 287 1481 287 1663 287 4081 270 1482 270 2027 270 4080 80 1341 80 2028 80 4079 0 1485 0 1740 0 2031 285 4078 285 252 285 2032 0 4077 0 142 0 4076 21 1489 21 1739 21 4075 0 1490 0 2035 0 2036 0 4074 0 186 0 4073 0 1493 0 1664 0 4072 279 1494 279 2039 279 4071 0 1337 0 2040 0 1736 0 4070 0 184 0 4069 0 1498 0 2043 0 4068 26 1305 26 2044 26 4067 0 1501 0 1735 0 4066 0 1502 0 2047 0 2048 269 4065 269 182 269 4064 0 1505 0 1636 0 4063 0 1506 0 2051 0 4062 0 1333 0 2052 0 4061 0 1509 0 1732 0 4060 21 1510 21 2055 21 4059 288 1306 288 2056 288 4058 0 1513 0 1731 0 4057 0 1514 0 2059 0 4056 78 1330 78 2060 78 4055 0 1517 0 1667 0 4054 270 1518 270 2063 270 4053 0 1329 0 2064 0 4052 266 1521 266 1728 266 4051 56 1522 56 2067 56 4050 289 1293 289 2068 289 4049 0 1525 0 1727 0 4048 290 1526 290 2071 290 2072 291 4047 291 174 291 4046 0 1529 0 1668 0 4045 0 1530 0 2075 0 4044 270 1325 270 2076 270 1724 0 4043 0 172 0 4042 0 1534 0 2079 0 4041 0 1309 0 2080 0 4040 270 1537 270 1723 270 4039 0 1538 0 2083 0 4038 0 1322 0 2084 0 4037 266 1541 266 1640 266 4036 292 1542 292 2087 292 4035 292 1321 292 2088 292 4034 0 1545 0 1720 0 4033 0 1546 0 2091 0 2092 0 4032 0 158 0 4031 44 1549 44 1719 44 2095 293 4030 293 268 293 2096 0 4029 0 166 0 4028 0 1553 0 1671 0 4027 0 1554 0 2099 0 4026 0 1317 0 2100 0 4025 0 1557 0 1716 0 4024 268 1558 268 2103 268 4023 270 1287 270 2104 270 4022 0 1561 0 1715 0 4021 0 1562 0 2107 0 2108 294 4020 294 162 294 4019 39 1565 39 1672 39 2111 295 4018 295 272 295 4017 290 1313 290 2112 290 4016 268 1569 268 1712 268 4015 0 1570 0 2115 0 2116 0 4014 0 95 0 4013 0 1573 0 1711 0 4012 264 1574 264 2119 264 4011 268 1270 268 2120 268 4010 26 1577 26 1680 26 2123 295 4009 295 275 295 4008 26 1269 26 2124 26 1708 0 4007 0 156 0 4006 0 1582 0 2127 0 2128 0 4005 0 101 0 4004 0 1585 0 1707 0 4003 270 1586 270 2131 270 4002 296 1266 296 2132 296 4001 36 1589 36 1676 36 4000 270 1590 270 2135 270 3999 39 1265 39 2136 39 3998 0 1593 0 1704 0 3997 0 1594 0 2139 0 3996 297 1254 297 2140 297 1703 298 3995 298 151 298 2143 0 3994 0 280 0 3993 0 1262 0 2144 0 3992 186 1601 186 1683 186 3991 299 1602 299 2147 299 3990 0 1261 0 2148 0 3989 300 1605 300 1700 300 3988 0 1606 0 2151 0 3987 0 1251 0 2152 0 1699 0 3986 0 147 0 3985 26 1610 26 2155 26 3984 0 1258 0 2156 0 3983 255 1613 255 1684 255 3982 0 1614 0 2159 0 3981 0 1257 0 2160 0 3980 51 1617 51 1696 51 3979 21 1618 21 2163 21 3978 0 1239 0 2164 0 3977 0 1621 0 1695 0 2167 301 3976 301 286 301 3975 0 1242 0 2168 0 3974 63 1625 63 1688 63 2171 293 3973 293 287 293 3972 297 1241 297 2172 297 1692 302 3971 302 140 302 3970 0 1630 0 2175 0 3969 290 1235 290 2176 290 3968 0 2177 0 1632 0 3967 0 2178 0 2179 0 3966 0 1779 0 2180 0 3965 268 2181 268 1631 268 3964 279 2182 279 2183 279 3963 21 2174 21 2184 21 1148 0 3962 0 348 0 3961 268 2186 268 2187 268 3960 290 2173 290 2188 290 3959 44 2189 44 1628 44 3958 268 2190 268 2191 268 3957 270 1785 270 2192 270 3956 0 2193 0 1627 0 3955 0 2194 0 2195 0 2196 285 3954 285 826 285 3953 270 2197 270 1144 270 3952 0 2198 0 2199 0 3951 268 2169 268 2200 268 3950 0 2201 0 1624 0 3949 0 2202 0 2203 0 2204 0 3948 0 442 0 3947 303 2205 303 1623 303 3946 0 2206 0 2207 0 3945 0 2166 0 2208 0 3944 270 2209 270 1151 270 3943 63 2210 63 2211 63 3942 0 2165 0 2212 0 3941 304 2213 304 1620 304 3940 268 2214 268 2215 268 3939 270 1783 270 2216 270 3938 305 2217 305 1619 305 3937 0 2218 0 2219 0 3936 0 2162 0 2220 0 3935 0 2221 0 1152 0 3934 0 2222 0 2223 0 3933 0 2161 0 2224 0 3932 0 2225 0 1616 0 3931 0 2226 0 2227 0 3930 39 1801 39 2228 39 3929 303 2229 303 1615 303 3928 0 2230 0 2231 0 3927 270 2158 270 2232 270 3926 306 2233 306 1140 306 3925 244 2234 244 2235 244 3924 39 2157 39 2236 39 1612 295 3923 295 812 295 3922 270 2238 270 2239 270 3921 265 1802 265 2240 265 3920 0 2241 0 1611 0 3919 292 2242 292 2243 292 2244 307 3918 307 810 307 3917 0 2245 0 1155 0 3916 63 2246 63 2247 63 3915 0 2153 0 2248 0 1608 0 3914 0 808 0 3913 0 2250 0 2251 0 2252 294 3912 294 451 294 3911 36 2253 36 1607 36 3910 0 2254 0 2255 0 3909 0 2150 0 2256 0 1156 0 3908 0 356 0 3907 0 2258 0 2259 0 2260 294 3906 294 805 294 3905 305 2261 305 1604 305 3904 268 2262 268 2263 268 3903 139 1805 139 2264 139 1603 0 3902 0 803 0 3901 0 2266 0 2267 0 3900 0 2146 0 2268 0 3899 0 2269 0 1139 0 3898 0 2270 0 2271 0 3897 0 2145 0 2272 0 3896 0 2273 0 1600 0 3895 268 2274 268 2275 268 3894 308 1806 308 2276 308 3893 0 2277 0 1599 0 3892 270 2278 270 2279 270 3891 36 2142 36 2280 36 3890 78 2281 78 1159 78 3889 0 2282 0 2283 0 2284 294 3888 294 797 294 3887 0 2285 0 1596 0 2287 0 3886 0 860 0 3885 270 1798 270 2288 270 1595 285 3884 285 795 285 3883 0 2290 0 2291 0 3882 0 2138 0 2292 0 3881 0 2293 0 1160 0 3880 0 2294 0 2295 0 3879 0 2137 0 2296 0 3878 0 2297 0 1592 0 3877 0 2298 0 2299 0 3876 264 1809 264 2300 264 3875 270 2301 270 1591 270 2303 286 3874 286 864 286 3873 0 2134 0 2304 0 3872 0 2305 0 1132 0 3871 309 2306 309 2307 309 2308 0 3870 0 789 0 3869 0 2309 0 1588 0 2311 0 3868 0 866 0 3867 310 1810 310 2312 310 1587 0 3866 0 787 0 2315 0 3865 0 867 0 3864 21 2130 21 2316 21 3863 0 2317 0 1163 0 2319 0 3862 0 868 0 3861 0 2129 0 2320 0 3860 0 2321 0 1584 0 2323 293 3859 293 869 293 2324 311 3858 311 453 311 3857 292 2325 292 1583 292 3856 44 2326 44 2327 44 3855 0 2126 0 2328 0 3854 0 2329 0 1164 0 3853 63 2330 63 2331 63 3852 312 2125 312 2332 312 3851 0 2333 0 1580 0 3850 0 2334 0 2335 0 3849 268 1813 268 2336 268 3848 63 2337 63 1579 63 3847 44 2338 44 2339 44 3846 0 2122 0 2340 0 3845 0 2341 0 1136 0 3844 0 2342 0 2343 0 3843 0 2121 0 2344 0 3842 26 2345 26 1576 26 3841 0 2346 0 2347 0 2348 295 3840 295 470 295 3839 292 2349 292 1575 292 3838 0 2350 0 2351 0 3837 0 2118 0 2352 0 3836 268 2353 268 1167 268 2355 293 3835 293 877 293 3834 0 2117 0 2356 0 3833 279 2357 279 1572 279 3832 0 2358 0 2359 0 3831 0 1791 0 2360 0 1571 302 3830 302 771 302 3829 270 2362 270 2363 270 2364 294 3828 294 770 294 3827 0 2365 0 1168 0 3826 0 2366 0 2367 0 3825 0 2113 0 2368 0 1568 269 3824 269 768 269 3823 0 2370 0 2371 0 3822 268 1857 268 2372 268 3821 21 2373 21 1567 21 3820 0 2374 0 2375 0 3819 26 2110 26 2376 26 3818 0 2377 0 1128 0 3817 268 2378 268 2379 268 3816 0 2109 0 2380 0 1564 0 3815 0 764 0 2383 313 3814 313 884 313 3813 0 1858 0 2384 0 3812 0 2385 0 1563 0 3811 0 2386 0 2387 0 3810 0 2106 0 2388 0 3809 0 2389 0 1171 0 2391 0 3808 0 886 0 3807 0 2105 0 2392 0 3806 268 2393 268 1560 268 3805 0 2394 0 2395 0 3804 314 1831 314 2396 314 3803 21 2397 21 1559 21 3802 69 2398 69 2399 69 3801 314 2102 314 2400 314 1172 294 3800 294 372 294 3799 0 2402 0 2403 0 3798 270 2101 270 2404 270 1556 285 3797 285 756 285 3796 0 2406 0 2407 0 3795 266 1861 266 2408 266 3794 0 2409 0 1555 0 2411 0 3793 0 891 0 2412 293 3792 293 754 293 1127 0 3791 0 327 0 3790 315 2414 315 2415 315 2416 0 3789 0 753 0 3788 44 2417 44 1552 44 3787 69 2418 69 2419 69 3786 316 1862 316 2420 316 1551 0 3785 0 751 0 3784 316 2422 316 2423 316 3783 0 2094 0 2424 0 3782 0 2425 0 1175 0 3781 0 2426 0 2427 0 3780 0 2093 0 2428 0 3779 268 2429 268 1548 268 3778 0 2430 0 2431 0 3777 317 1854 317 2432 317 1547 293 3776 293 747 293 3775 69 2434 69 2435 69 3774 0 2090 0 2436 0 1176 293 3773 293 376 293 3772 292 2438 292 2439 292 3771 0 2089 0 2440 0 3770 266 2441 266 1544 266 3769 0 2442 0 2443 0 3768 0 1865 0 2444 0 3767 0 2445 0 1543 0 3766 268 2446 268 2447 268 3765 266 2086 266 2448 266 3764 122 2449 122 1096 122 3763 0 2450 0 2451 0 3762 270 2085 270 2452 270 3761 268 2453 268 1540 268 3760 0 2454 0 2455 0 3759 0 1866 0 2456 0 3758 141 2457 141 1539 141 3757 0 2458 0 2459 0 3756 0 2082 0 2460 0 3755 0 2461 0 1179 0 3754 122 2462 122 2463 122 3753 266 2081 266 2464 266 3752 0 2465 0 1536 0 3751 270 2466 270 2467 270 3750 39 1853 39 2468 39 1535 293 3749 293 735 293 3748 0 2470 0 2471 0 3747 268 2078 268 2472 268 3746 0 2473 0 1180 0 3745 0 2474 0 2475 0 3744 39 2077 39 2476 39 3743 0 2477 0 1532 0 3742 268 2478 268 2479 268 3741 0 1869 0 2480 0 3740 279 2481 279 1531 279 3739 0 2482 0 2483 0 3738 0 2074 0 2484 0 3737 36 2485 36 1124 36 3736 0 2486 0 2487 0 3735 270 2073 270 2488 270 3734 264 2489 264 1528 264 3733 0 2490 0 2491 0 3732 0 1870 0 2492 0 3731 21 2493 21 1527 21 3730 316 2494 316 2495 316 3729 0 2070 0 2496 0 3728 0 2497 0 1183 0 3727 0 2498 0 2499 0 3726 279 2069 279 2500 279 3725 0 2501 0 1524 0 2503 0 3724 0 914 0 3723 0 1837 0 2504 0 3722 0 2505 0 1523 0 3721 0 2506 0 2507 0 3720 318 2066 318 2508 318 1184 0 3719 0 384 0 3718 0 2510 0 2511 0 3717 0 2065 0 2512 0 3716 268 2513 268 1520 268 3715 0 2514 0 2515 0 3714 309 1873 309 2516 309 1519 0 3713 0 719 0 3712 0 2518 0 2519 0 3711 0 2062 0 2520 0 3710 0 2521 0 1123 0 3709 0 2522 0 2523 0 3708 268 2061 268 2524 268 3707 0 2525 0 1516 0 3706 316 2526 316 2527 316 2528 0 3705 0 530 0 1515 302 3704 302 715 302 3703 319 2530 319 2531 319 3702 320 2058 320 2532 320 3701 36 2533 36 1187 36 3700 0 2534 0 2535 0 3699 0 2057 0 2536 0 3698 265 2537 265 1512 265 3697 321 2538 321 2539 321 3696 0 1850 0 2540 0 3695 0 2541 0 1511 0 2543 0 3694 0 924 0 2544 0 3693 0 710 0 3692 0 2545 0 1188 0 3691 0 2546 0 2547 0 3690 36 2053 36 2548 36 1508 269 3689 269 708 269 3688 322 2550 322 2551 322 3687 0 1877 0 2552 0 3686 279 2553 279 1507 279 2555 0 3685 0 927 0 3684 0 2050 0 2556 0 3683 279 2557 279 1092 279 3682 21 2558 21 2559 21 3681 0 2049 0 2560 0 1504 269 3680 269 704 269 3679 309 2562 309 2563 309 3678 80 1878 80 2564 80 3677 21 2565 21 1503 21 2567 302 3676 302 930 302 3675 78 2046 78 2568 78 3674 0 2569 0 1191 0 3673 290 2570 290 2571 290 3672 0 2045 0 2572 0 3671 270 2573 270 1500 270 3670 26 2574 26 2575 26 3669 265 1849 265 2576 265 1499 0 3668 0 699 0 3667 0 2578 0 2579 0 3666 0 2042 0 2580 0 3665 0 2581 0 1192 0 3664 0 2582 0 2583 0 3663 0 2041 0 2584 0 3662 0 2585 0 1496 0 3661 264 2586 264 2587 264 2588 0 3660 0 537 0 3659 268 2589 268 1495 268 3658 0 2590 0 2591 0 3657 290 2038 290 2592 290 3656 0 2593 0 1120 0 2595 0 3655 0 937 0 3654 279 2037 279 2596 279 3653 0 2597 0 1492 0 3652 0 2598 0 2599 0 3651 292 1882 292 2600 292 3650 0 2601 0 1491 0 3649 0 2602 0 2603 0 3648 36 2034 36 2604 36 3647 0 2605 0 1195 0 2607 294 3646 294 940 294 3645 268 2033 268 2608 268 3644 0 2609 0 1488 0 3643 0 2610 0 2611 0 3642 0 1838 0 2612 0 3641 266 2613 266 1487 266 3640 268 2614 268 2615 268 2616 323 3639 323 686 323 1196 285 3638 285 396 285 3637 0 2618 0 2619 0 3636 270 2029 270 2620 270 3635 0 2621 0 1484 0 3634 0 2622 0 2623 0 3633 268 1885 268 2624 268 3632 268 2625 268 1483 268 3631 0 2626 0 2627 0 3630 0 2026 0 2628 0 3629 272 2629 272 1119 272 2631 302 3628 302 946 302 3627 270 2025 270 2632 270 3626 322 2633 322 1480 322 2635 269 3625 269 947 269 3624 322 1886 322 2636 322 3623 0 2637 0 1479 0 3622 268 2638 268 2639 268 3621 0 2022 0 2640 0 3620 279 2641 279 1199 279 3619 0 2642 0 2643 0 3618 0 2021 0 2644 0 3617 0 2645 0 1476 0 3616 0 2646 0 2647 0 3615 0 1846 0 2648 0 3614 0 2649 0 1475 0 3613 0 2650 0 2651 0 3612 0 2018 0 2652 0 3611 78 2653 78 1200 78 3610 80 2654 80 2655 80 2656 0 3609 0 673 0 3608 324 2657 324 1472 324 3607 270 2658 270 2659 270 3606 309 1889 309 2660 309 1471 325 3605 325 671 325 3604 0 2662 0 2663 0 3603 268 2014 268 2664 268 1099 0 3602 0 299 0 3601 0 2666 0 2667 0 3600 80 2013 80 2668 80 3599 0 2669 0 1468 0 3598 322 2670 322 2671 322 2672 269 3597 269 546 269 3596 0 2673 0 1467 0 3595 268 2674 268 2675 268 3594 0 2010 0 2676 0 3593 0 2677 0 1203 0 3592 0 2678 0 2679 0 3591 0 2009 0 2680 0 3590 0 2681 0 1464 0 3589 0 2682 0 2683 0 3588 310 1845 310 2684 310 1463 269 3587 269 663 269 3586 0 2686 0 2687 0 3585 0 2006 0 2688 0 3584 326 2689 326 1204 326 3583 322 2690 322 2691 322 2692 302 3582 302 661 302 3581 0 2693 0 1460 0 3580 322 2694 322 2695 322 2696 0 3579 0 549 0 3578 0 2697 0 1459 0 3577 0 2698 0 2699 0 3576 0 2002 0 2700 0 3575 0 2701 0 1116 0 3574 279 2702 279 2703 279 3573 0 2001 0 2704 0 3572 0 2705 0 1456 0 3571 0 2706 0 2707 0 3570 0 1894 0 2708 0 3569 279 2709 279 1455 279 2711 0 3568 0 966 0 3567 264 1998 264 2712 264 3566 0 2713 0 1207 0 3565 0 2714 0 2715 0 3564 0 1997 0 2716 0 3563 0 2717 0 1452 0 3562 21 2718 21 2719 21 3561 0 1835 0 2720 0 3560 0 2721 0 1451 0 3559 279 2722 279 2723 279 3558 0 1994 0 2724 0 3557 0 2725 0 1208 0 3556 21 2726 21 2727 21 3555 21 1993 21 2728 21 3554 44 2729 44 1448 44 3553 270 2730 270 2731 270 3552 0 1897 0 2732 0 3551 315 2733 315 1447 315 3550 270 2734 270 2735 270 3549 268 1990 268 2736 268 3548 0 2737 0 1115 0 3547 270 2738 270 2739 270 3546 0 1989 0 2740 0 3545 0 2741 0 1444 0 3544 0 2742 0 2743 0 2744 0 3543 0 554 0 3542 327 2745 327 1443 327 3541 0 2746 0 2747 0 3540 0 1986 0 2748 0 3539 0 2749 0 1211 0 3538 327 2750 327 2751 327 3537 0 1985 0 2752 0 3536 270 2753 270 1440 270 3535 0 2754 0 2755 0 3534 0 1842 0 2756 0 1439 0 3533 0 639 0 3532 63 2758 63 2759 63 3531 270 1982 270 2760 270 3530 0 2761 0 1212 0 2763 0 3529 0 979 0 3528 0 1981 0 2764 0 3527 303 2765 303 1436 303 3526 0 2766 0 2767 0 3525 0 1901 0 2768 0 1435 0 3524 0 635 0 3523 327 2770 327 2771 327 3522 0 1978 0 2772 0 3521 316 2773 316 1100 316 3520 70 2774 70 2775 70 3519 44 1977 44 2776 44 3518 0 2777 0 1432 0 3517 0 2778 0 2779 0 3516 266 1902 266 2780 266 3515 327 2781 327 1431 327 3514 0 2782 0 2783 0 3513 0 1974 0 2784 0 1215 328 3512 328 415 328 3511 315 2786 315 2787 315 2788 293 3510 293 629 293 1428 0 3509 0 628 0 3508 0 2790 0 2791 0 2792 0 3507 0 497 0 3506 0 2793 0 1427 0 3505 0 2794 0 2795 0 3504 0 1970 0 2796 0 3503 0 2797 0 1216 0 3502 266 2798 266 2799 266 3501 26 1969 26 2800 26 3500 329 2801 329 1424 329 3499 270 2802 270 2803 270 3498 0 1905 0 2804 0 3497 330 2805 330 1423 330 3496 279 2806 279 2807 279 3495 26 1966 26 2808 26 3494 0 2809 0 1112 0 3493 0 2810 0 2811 0 2812 189 3492 189 621 189 3491 80 2813 80 1420 80 3490 0 2814 0 2815 0 3489 279 1906 279 2816 279 1419 294 3488 294 619 294 3487 36 2818 36 2819 36 3486 268 1962 268 2820 268 3485 180 2821 180 1219 180 3484 279 2822 279 2823 279 2824 0 3483 0 617 0 3482 0 2825 0 1416 0 3481 0 2826 0 2827 0 3480 0 1823 0 2828 0 3479 268 2829 268 1415 268 3478 268 2830 268 2831 268 3477 21 1958 21 2832 21 3476 276 2833 276 1220 276 2835 0 3475 0 997 0 2836 0 3474 0 613 0 1412 0 3473 0 612 0 3472 0 2838 0 2839 0 3471 0 1909 0 2840 0 1411 0 3470 0 611 0 3469 268 2842 268 2843 268 3468 279 1954 279 2844 279 1111 0 3467 0 311 0 3466 70 2846 70 2847 70 2848 242 3465 242 609 242 3464 264 2849 264 1408 264 2851 0 3463 0 1001 0 2852 285 3462 285 566 285 3461 0 2853 0 1407 0 3460 0 2854 0 2855 0 3459 268 1950 268 2856 268 3458 212 2857 212 1223 212 2859 294 3457 294 1003 294 3456 0 1949 0 2860 0 3455 0 2861 0 1404 0 3454 63 2862 63 2863 63 3453 0 1826 0 2864 0 1403 285 3452 285 603 285 3451 0 2866 0 2867 0 3450 0 1946 0 2868 0 3449 217 2869 217 1224 217 3448 266 2870 266 2871 266 3447 0 1945 0 2872 0 3446 0 2873 0 1400 0 2875 0 3445 0 1007 0 3444 0 1913 0 2876 0 3443 0 2877 0 1399 0 3442 290 2878 290 2879 290 3441 0 1942 0 2880 0 3440 0 2881 0 1104 0 3439 268 2882 268 2883 268 3438 21 1941 21 2884 21 3437 0 2885 0 1396 0 2887 0 3436 0 1010 0 2888 0 3435 0 570 0 3434 279 2889 279 1395 279 3433 21 2890 21 2891 21 3432 290 1938 290 2892 290 1227 302 3431 302 427 302 3430 21 2894 21 2895 21 3429 0 1937 0 2896 0 3428 0 2897 0 1392 0 3427 0 2898 0 2899 0 3426 268 1825 268 2900 268 3425 270 2901 270 1391 270 3424 266 2902 266 2903 266 3423 0 1934 0 2904 0 3422 292 2905 292 1228 292 3421 0 2906 0 2907 0 3420 0 1933 0 2908 0 3419 0 2909 0 1388 0 3418 0 2910 0 2911 0 3417 268 1917 268 2912 268 3416 268 2913 268 1387 268 3415 21 2914 21 2915 21 3414 264 1930 264 2916 264 3413 290 2917 290 1108 290 3412 0 2918 0 2919 0 2920 295 3411 295 585 295 3410 0 2921 0 1384 0 3409 268 2922 268 2923 268 3408 0 1918 0 2924 0 3407 0 2925 0 1383 0 3406 0 2926 0 2927 0 3405 26 1926 26 2928 26 1231 294 3404 294 431 294 3403 0 2930 0 2931 0 2932 0 3402 0 581 0 1380 0 3401 0 580 0 3400 0 2934 0 2935 0 3399 0 1819 0 2936 0 3398 0 2937 0 1379 0 3397 279 2938 279 2939 279 3396 0 1922 0 2940 0 3395 270 2941 270 1232 270 2943 294 3394 294 1024 294 3393 0 1921 0 2944 0 3392 268 2945 268 1376 268 3391 0 2946 0 2947 0 3390 0 1675 0 2948 0 3389 270 2949 270 1375 270 3388 309 2950 309 2951 309 3387 0 1774 0 2952 0 3386 0 2953 0 1252 0 3385 0 2954 0 2955 0 3384 0 1773 0 2956 0 3383 0 2957 0 1372 0 3382 292 2958 292 2959 292 3381 0 1681 0 2960 0 1371 295 3380 295 571 295 3379 26 2962 26 2963 26 3378 0 1770 0 2964 0 3377 0 2965 0 1248 0 2967 0 3376 0 1030 0 3375 331 1769 331 2968 331 3374 276 2969 276 1368 276 3373 268 2970 268 2971 268 3372 297 1682 297 2972 297 3371 332 2973 332 1367 332 3370 0 2974 0 2975 0 3369 312 1766 312 2976 312 3368 270 2977 270 1255 270 3367 0 2978 0 2979 0 3366 0 1765 0 2980 0 3365 0 2981 0 1364 0 2983 294 3364 294 1034 294 2984 0 3363 0 335 0 1363 0 3362 0 563 0 3361 0 2986 0 2987 0 3360 279 1762 279 2988 279 3359 0 2989 0 1256 0 3358 241 2990 241 2991 241 3357 21 1761 21 2992 21 3356 0 2993 0 1360 0 2995 0 3355 0 1037 0 3354 0 1697 0 2996 0 3353 326 2997 326 1359 326 3352 0 2998 0 2999 0 3000 0 3351 0 414 0 3350 0 3001 0 1244 0 3349 175 3002 175 3003 175 3348 0 1757 0 3004 0 3347 39 3005 39 1356 39 3007 0 3346 0 1040 0 3345 0 1698 0 3008 0 3344 44 3009 44 1355 44 3343 266 3010 266 3011 266 3342 0 1754 0 3012 0 3341 0 3013 0 1259 0 3340 63 3014 63 3015 63 3339 44 1753 44 3016 44 3338 0 3017 0 1352 0 3019 294 3337 294 1043 294 3020 0 3336 0 347 0 1351 269 3335 269 551 269 3334 0 3022 0 3023 0 3333 279 1750 279 3024 279 3332 0 3025 0 1260 0 3331 309 3026 309 3027 309 3028 302 3330 302 405 302 3329 276 3029 276 1348 276 3328 0 3030 0 3031 0 3032 0 3327 0 357 0 3326 0 3033 0 1347 0 3325 0 3034 0 3035 0 3036 0 3324 0 402 0 1243 333 3323 333 443 333 3322 0 3038 0 3039 0 3321 0 1745 0 3040 0 3320 264 3041 264 1344 264 3319 270 3042 270 3043 270 3318 0 1702 0 3044 0 3317 0 3045 0 1343 0 3316 0 3046 0 3047 0 3048 0 3315 0 398 0 3314 0 3049 0 1263 0 3051 0 3313 0 1051 0 3312 270 1741 270 3052 270 1340 0 3311 0 540 0 3310 0 3054 0 3055 0 3309 0 1694 0 3056 0 3308 265 3057 265 1339 265 3307 264 3058 264 3059 264 3060 285 3306 285 394 285 3305 0 3061 0 1264 0 3304 39 3062 39 3063 39 3064 285 3303 285 393 285 3302 0 3065 0 1336 0 3301 39 3066 39 3067 39 3068 334 3300 334 361 334 1335 269 3299 269 535 269 3298 78 3070 78 3071 78 3297 322 1734 322 3072 322 3296 0 3073 0 1236 0 3295 322 3074 322 3075 322 3294 0 1733 0 3076 0 3293 0 3077 0 1332 0 3079 307 3292 307 1058 307 3291 310 1706 310 3080 310 3290 322 3081 322 1331 322 3083 269 3289 269 1059 269 3288 0 1730 0 3084 0 3287 78 3085 78 1267 78 3087 0 3286 0 1060 0 3285 0 1729 0 3088 0 3284 198 3089 198 1328 198 3283 0 3090 0 3091 0 3282 0 1693 0 3092 0 3281 268 3093 268 1327 268 3280 265 3094 265 3095 265 3279 0 1726 0 3096 0 1268 0 3278 0 468 0 3277 0 3098 0 3099 0 3100 335 3276 335 381 335 3275 264 3101 264 1324 264 3274 270 3102 270 3103 270 3104 0 3273 0 365 0 1323 0 3272 0 523 0 3107 293 3271 293 1065 293 3270 266 1722 266 3108 266 3269 0 3109 0 1240 0 3268 44 3110 44 3111 44 3267 0 1721 0 3112 0 3266 268 3113 268 1320 268 3265 0 3114 0 3115 0 3264 39 1710 39 3116 39 3263 0 3117 0 1319 0 3262 0 3118 0 3119 0 3261 0 1718 0 3120 0 3260 0 3121 0 1271 0 3259 266 3122 266 3123 266 3258 268 1717 268 3124 268 3257 0 3125 0 1316 0 3256 0 3126 0 3127 0 3255 0 1687 0 3128 0 3254 270 3129 270 1315 270 3131 0 3253 0 1071 0 3252 279 1714 279 3132 279 3251 0 3133 0 1272 0 3250 322 3134 322 3135 322 3249 36 1713 36 3136 36 3248 270 3137 270 1312 270 3247 0 3138 0 3139 0 3246 0 1647 0 3140 0 3245 39 3141 39 1311 39 3244 0 3142 0 3143 0 3243 39 1670 39 3144 39 3242 0 3145 0 1280 0 3241 0 3146 0 3147 0 3148 295 3240 295 325 295 3239 0 3149 0 1308 0 3238 0 3150 0 3151 0 3237 41 1653 41 3152 41 1307 295 3236 295 507 295 3235 264 3154 264 3155 264 3234 0 1666 0 3156 0 3233 0 3157 0 1276 0 3232 0 3158 0 3159 0 3231 0 1665 0 3160 0 3230 44 3161 44 1304 44 3229 0 3162 0 3163 0 3164 0 3228 0 310 0 3227 273 3165 273 1303 273 3226 268 3166 268 3167 268 3225 336 1662 336 3168 336 3224 188 3169 188 1283 188 3223 337 3170 337 3171 337 3222 0 1661 0 3172 0 3221 0 3173 0 1300 0 3220 0 3174 0 3175 0 3219 0 1651 0 3176 0 3218 338 3177 338 1299 338 3179 295 3217 295 1083 295 3216 0 1658 0 3180 0 1284 0 3215 0 484 0 3214 339 3182 339 3183 339 3213 0 1657 0 3184 0 3212 0 3185 0 1296 0 3211 0 3186 0 3187 0 3210 0 1639 0 3188 0 1295 340 3209 340 495 340 3208 0 3190 0 3191 0 3207 0 1642 0 3192 0 3206 0 3193 0 1288 0 3205 0 3194 0 3195 0 3204 0 1641 0 3196 0 3203 279 3197 279 1292 279 3202 279 3198 279 3199 279 3201 0 1635 0 3200 0 3198 0 3201 0 1088 0 832 78 2176 78 3198 78 2176 36 83 36 3201 36 2173 36 3202 36 829 36 288 290 1632 290 2173 290 1632 0 832 0 3202 0 1629 0 3203 0 140 0 829 21 3199 21 1629 21 3203 294 3199 294 3197 294 3194 266 3204 266 1087 266 828 270 2172 270 3194 270 2172 0 89 0 3204 0 2169 0 3205 0 825 0 287 0 1628 0 2169 0 1628 0 828 0 3205 0 1625 266 3206 266 136 266 825 0 3195 0 1625 0 3195 266 1087 266 3206 266 3190 244 3207 244 1086 244 824 270 2168 270 3190 270 2168 0 90 0 3207 0 2165 70 3208 70 821 70 286 0 1624 0 2165 0 1624 341 824 341 3208 341 143 0 1621 0 1295 0 821 72 3191 72 1621 72 3209 0 3191 0 3189 0 3186 0 3210 0 1085 0 820 322 2164 322 3186 322 2164 0 87 0 3210 0 2161 68 3211 68 817 68 285 0 1620 0 2161 0 1620 36 820 36 3211 36 144 261 1617 261 1296 261 817 0 3187 0 1617 0 3187 0 1085 0 3212 0 3182 0 3213 0 1084 0 816 39 2160 39 3182 39 2160 265 105 265 3213 265 2157 39 3214 39 813 39 284 26 1616 26 2157 26 1616 264 816 264 3214 264 1613 262 3215 262 132 262 813 0 3183 0 1613 0 3215 342 3183 342 3181 342 3178 0 3216 0 1083 0 812 0 2156 0 3178 0 2156 0 106 0 3216 0 2153 39 3217 39 809 39 2153 0 283 0 3217 0 1612 264 812 264 3217 264 1609 26 3218 26 147 26 809 0 3179 0 1609 0 3179 270 1083 270 3218 270 3174 268 3219 268 1082 268 808 268 2152 268 3174 268 2152 0 99 0 3219 0 2149 0 3220 0 805 0 282 0 1608 0 2149 0 1608 0 808 0 3220 0 1605 0 3221 0 148 0 805 0 3175 0 1605 0 3175 0 1082 0 3221 0 3170 0 3222 0 1081 0 3170 0 804 0 3222 0 2148 139 109 139 3222 139 801 0 2145 0 3171 0 281 268 1604 268 2145 268 1604 270 804 270 3223 270 131 0 1601 0 1283 0 1601 343 801 343 3224 343 3171 0 1081 0 3224 0 3166 0 3225 0 1080 0 800 39 2144 39 3166 39 3225 295 2144 295 1662 295 2141 0 3226 0 797 0 280 279 1600 279 2141 279 1600 0 800 0 3226 0 1597 0 3227 0 151 0 797 21 3167 21 1597 21 3167 265 1080 265 3227 265 3162 0 3228 0 1079 0 796 0 2140 0 3162 0 2140 0 102 0 3228 0 2137 0 3229 0 793 0 279 0 1596 0 2137 0 1596 0 796 0 3229 0 1593 0 3230 0 152 0 793 0 3163 0 1593 0 3163 0 1079 0 3230 0 3158 268 3231 268 1078 268 792 268 2136 268 3158 268 2136 0 113 0 3231 0 789 294 2133 294 3159 294 278 0 1592 0 2133 0 1592 0 792 0 3232 0 124 302 1589 302 1276 302 1589 0 789 0 3233 0 3159 39 1078 39 3233 39 3154 0 3234 0 1077 0 788 0 2132 0 3154 0 3234 0 2132 0 1666 0 2129 290 3235 290 785 290 277 0 1588 0 2129 0 3235 295 1588 295 3154 295 1585 0 3236 0 155 0 785 279 3155 279 1585 279 3155 0 1077 0 3236 0 3150 63 3237 63 1076 63 784 0 2128 0 3150 0 2128 0 101 0 3237 0 781 293 2125 293 3151 293 276 0 1584 0 2125 0 1584 0 784 0 3238 0 156 293 1581 293 1308 293 781 292 3151 292 1581 292 3239 0 3151 0 3149 0 3146 0 3240 0 1075 0 780 0 2124 0 3146 0 2124 0 117 0 3240 0 2121 270 3241 270 777 270 2121 295 275 295 3241 295 1580 0 780 0 3241 0 1577 264 3242 264 128 264 777 270 3147 270 1577 270 3147 0 1075 0 3242 0 3142 0 3243 0 1074 0 776 0 2120 0 3142 0 3243 0 2120 0 1670 0 2117 0 3244 0 773 0 274 0 1576 0 2117 0 1576 0 776 0 3244 0 1573 0 3245 0 159 0 773 0 3143 0 1573 0 3143 0 1074 0 3245 0 3138 268 3246 268 1073 268 772 0 2116 0 3138 0 2116 21 95 21 3246 21 2113 0 3247 0 769 0 273 279 1572 279 2113 279 1572 0 772 0 3247 0 1569 0 3248 0 160 0 769 21 3139 21 1569 21 3248 294 3139 294 3137 294 1072 0 3134 0 3136 0 768 268 2112 268 3134 268 2112 0 161 0 3249 0 2109 0 3250 0 765 0 272 290 1568 290 2109 290 1568 270 768 270 3250 270 120 294 1565 294 1272 294 765 279 3135 279 1565 279 3135 0 1072 0 3251 0 3130 36 3252 36 1071 36 764 344 2108 344 3130 344 2108 345 162 345 3252 345 2105 0 3253 0 761 0 271 0 1564 0 2105 0 1564 0 764 0 3253 0 1561 0 3254 0 163 0 761 21 3131 21 1561 21 3254 269 3131 269 3129 269 3126 0 3255 0 1070 0 760 237 2104 237 3126 237 2104 346 135 346 3255 346 2101 0 3256 0 757 0 270 346 1560 346 2101 346 3256 0 1560 0 3126 0 1557 0 3257 0 164 0 757 0 3127 0 1557 0 3127 0 1070 0 3257 0 3122 0 3258 0 1069 0 756 0 2100 0 3122 0 2100 268 165 268 3258 268 2097 347 3259 347 753 347 269 0 1556 0 2097 0 1556 270 756 270 3259 270 1553 0 3260 0 119 0 753 0 3123 0 1553 0 3123 0 1069 0 3260 0 3118 266 3261 266 1068 266 752 0 2096 0 3118 0 2096 199 166 199 3261 199 2093 268 3262 268 749 268 2093 348 268 348 3262 348 1552 0 752 0 3262 0 1549 349 3263 349 167 349 749 268 3119 268 1549 268 3263 0 3119 0 3117 0 3114 264 3264 264 1067 264 748 0 2092 0 3114 0 2092 350 158 350 3264 350 2089 265 3265 265 745 265 267 351 1548 351 2089 351 1548 352 748 352 3265 352 1545 264 3266 264 168 264 745 0 3115 0 1545 0 3115 264 1067 264 3266 264 1066 285 3110 285 3112 285 744 63 2088 63 3110 63 2088 63 169 63 3267 63 2085 0 3268 0 741 0 266 0 1544 0 2085 0 3268 0 1544 0 3110 0 1541 349 3269 349 88 349 741 278 3111 278 1541 278 3111 0 1066 0 3269 0 3106 0 3270 0 1065 0 740 0 2084 0 3106 0 2084 270 170 270 3270 270 737 0 2081 0 3107 0 265 0 1540 0 2081 0 1540 292 740 292 3271 292 1537 0 3272 0 171 0 737 0 3107 0 1537 0 3107 268 1065 268 3272 268 3102 0 3273 0 1064 0 736 0 2080 0 3102 0 2080 0 157 0 3273 0 2077 265 3274 265 733 265 264 0 1536 0 2077 0 3274 295 1536 295 3102 295 1533 26 3275 26 172 26 733 0 3103 0 1533 0 3103 270 1064 270 3275 270 3098 44 3276 44 1063 44 732 63 2076 63 3098 63 2076 266 173 266 3276 266 2073 0 3277 0 729 0 2073 0 263 0 3277 0 1532 26 732 26 3277 26 1529 0 3278 0 116 0 729 0 3099 0 1529 0 3099 268 1063 268 3278 268 3094 0 3279 0 1062 0 728 0 2072 0 3094 0 3279 0 2072 0 1726 0 2069 0 3280 0 725 0 262 0 1528 0 2069 0 1528 353 728 353 3280 353 1525 0 3281 0 175 0 1525 0 725 0 3281 0 3281 307 3095 307 3093 307 3090 0 3282 0 1061 0 724 0 2068 0 3090 0 2068 0 141 0 3282 0 2065 266 3283 266 721 266 2065 354 261 354 3283 354 1524 0 724 0 3283 0 1521 0 3284 0 176 0 721 0 3091 0 1521 0 3091 0 1061 0 3284 0 3086 290 3285 290 1060 290 720 279 2064 279 3086 279 2064 309 177 309 3285 309 2061 0 3286 0 717 0 260 21 1520 21 2061 21 1520 309 720 309 3286 309 1517 0 3287 0 115 0 717 0 3087 0 1517 0 3087 0 1060 0 3287 0 3082 268 3288 268 1059 268 716 0 2060 0 3082 0 2060 228 178 228 3288 228 2057 0 3289 0 713 0 259 0 1516 0 2057 0 1516 0 716 0 3289 0 179 0 1513 0 1331 0 713 268 3083 268 1513 268 3083 270 1059 270 3290 270 3078 0 3291 0 1058 0 712 0 2056 0 3078 0 2056 355 154 355 3291 355 2053 36 3292 36 709 36 258 0 1512 0 2053 0 1512 0 712 0 3292 0 1509 0 3293 0 180 0 709 0 3079 0 1509 0 3293 0 3079 0 3077 0 3074 0 3294 0 1057 0 708 0 2052 0 3074 0 2052 0 181 0 3294 0 705 0 2049 0 3075 0 2049 302 257 302 3295 302 1508 270 708 270 3295 270 84 294 1505 294 1236 294 705 0 3075 0 1505 0 3075 0 1057 0 3296 0 3070 36 3297 36 1056 36 704 290 2048 290 3070 290 2048 270 182 270 3297 270 701 0 2045 0 3071 0 256 268 1504 268 2045 268 3298 0 1504 0 3070 0 1501 0 3299 0 183 0 701 0 3071 0 1501 0 3071 0 1056 0 3299 0 3066 39 3300 39 1055 39 700 0 2044 0 3066 0 2044 0 153 0 3300 0 697 0 2041 0 3067 0 255 0 1500 0 2041 0 1500 264 700 264 3301 264 184 294 1497 294 1336 294 697 36 3067 36 1497 36 3067 26 1055 26 3302 26 3062 44 3303 44 1054 44 696 0 2040 0 3062 0 3303 0 2040 0 1737 0 2037 0 3304 0 693 0 254 0 1496 0 2037 0 1496 0 696 0 3304 0 1493 272 3305 272 112 272 693 268 3063 268 1493 268 3063 0 1054 0 3305 0 3058 44 3306 44 1053 44 692 0 2036 0 3058 0 2036 0 186 0 3306 0 2033 0 3307 0 689 0 253 21 1492 21 2033 21 3307 295 1492 295 3058 295 1489 21 3308 21 187 21 689 279 3059 279 1489 279 3059 268 1053 268 3308 268 3054 0 3309 0 1052 0 688 0 2032 0 3054 0 2032 0 142 0 3309 0 2029 268 3310 268 685 268 252 0 1488 0 2029 0 1488 292 688 292 3310 292 1485 268 3311 268 188 268 685 268 3055 268 1485 268 3055 0 1052 0 3311 0 1051 302 3050 302 3052 302 684 0 2028 0 3050 0 2028 0 189 0 3312 0 2025 0 3313 0 681 0 251 0 1484 0 2025 0 1484 268 684 268 3313 268 1481 0 3314 0 111 0 681 0 3051 0 1481 0 3051 0 1051 0 3314 0 3046 290 3315 290 1050 290 680 0 2024 0 3046 0 3315 269 2024 269 1742 269 2021 0 3316 0 677 0 250 0 1480 0 2021 0 1480 0 680 0 3316 0 1477 290 3317 290 191 290 677 0 3047 0 1477 0 3047 309 1050 309 3317 309 3042 0 3318 0 1049 0 676 264 2020 264 3042 264 2020 0 150 0 3318 0 673 302 2017 302 3043 302 249 0 1476 0 2017 0 1476 0 676 0 3319 0 1473 36 3320 36 192 36 673 290 3043 290 1473 290 3043 270 1049 270 3320 270 3038 175 3321 175 1048 175 672 270 2016 270 3038 270 2016 0 193 0 3321 0 2013 176 3322 176 669 176 248 0 1472 0 2013 0 1472 309 672 309 3322 309 1469 0 3323 0 91 0 669 0 3039 0 1469 0 3039 0 1048 0 3323 0 3034 0 3324 0 1047 0 668 0 2012 0 3034 0 2012 0 194 0 3324 0 2009 0 3325 0 665 0 247 279 1468 279 2009 279 1468 0 668 0 3325 0 195 356 1465 356 1347 356 665 0 3035 0 1465 0 3035 0 1047 0 3326 0 3030 265 3327 265 1046 265 664 0 2008 0 3030 0 3327 357 2008 357 1701 357 2005 270 3328 270 661 270 2005 294 246 294 3328 294 1464 0 664 0 3328 0 1461 0 3329 0 196 0 661 279 3031 279 1461 279 3031 268 1046 268 3329 268 3026 0 3330 0 1045 0 660 0 2004 0 3026 0 2004 0 197 0 3330 0 2001 21 3331 21 657 21 245 0 1460 0 2001 0 1460 268 660 268 3331 268 1457 300 3332 300 108 300 657 0 3027 0 1457 0 3027 78 1045 78 3332 78 3022 0 3333 0 1044 0 3022 0 656 0 3333 0 2000 290 198 290 3333 290 1997 268 3334 268 653 268 244 268 1456 268 1997 268 1456 0 656 0 3334 0 1453 0 3335 0 199 0 1453 0 653 0 3335 0 3023 78 1044 78 3335 78 3018 0 3336 0 1043 0 652 0 1996 0 3018 0 1996 0 139 0 3336 0 1993 21 3337 21 649 21 243 36 1452 36 1993 36 1452 279 652 279 3337 279 1449 279 3338 279 200 279 649 0 3019 0 1449 0 3019 279 1043 279 3338 279 3014 266 3339 266 1042 266 648 0 1992 0 3014 0 1992 266 201 266 3339 266 645 0 1989 0 3015 0 242 268 1448 268 1989 268 1448 0 648 0 3340 0 1445 0 3341 0 107 0 645 0 3015 0 1445 0 3015 0 1042 0 3341 0 3010 0 3342 0 1041 0 644 0 1988 0 3010 0 3342 0 1988 0 1754 0 1985 0 3343 0 641 0 1985 0 241 0 3343 0 3343 285 1444 285 3010 285 1441 0 3344 0 203 0 641 358 3011 358 1441 358 3011 0 1041 0 3344 0 1040 295 3006 295 3008 295 640 0 1984 0 3006 0 1984 0 146 0 3345 0 1981 268 3346 268 637 268 240 268 1440 268 1981 268 1440 270 640 270 3346 270 204 0 1437 0 1356 0 637 265 3007 265 1437 265 3007 26 1040 26 3347 26 3002 0 3348 0 1039 0 636 0 1980 0 3002 0 3348 0 1980 0 1757 0 1977 359 3349 359 633 359 239 360 1436 360 1977 360 1436 270 636 270 3349 270 1433 361 3350 361 92 361 1433 362 633 362 3350 362 3350 0 3003 0 3001 0 2998 0 3351 0 1038 0 632 0 1976 0 2998 0 1976 0 206 0 3351 0 1973 270 3352 270 629 270 1973 363 238 363 3352 363 1432 0 632 0 3352 0 1429 0 3353 0 207 0 1429 0 629 0 3353 0 3353 285 2999 285 2997 285 2994 264 3354 264 1037 264 628 270 1972 270 2994 270 1972 0 145 0 3354 0 1969 264 3355 264 625 264 237 265 1428 265 1969 265 3355 307 1428 307 2994 307 208 364 1425 364 1360 364 625 0 2995 0 1425 0 2995 0 1037 0 3356 0 2990 21 3357 21 1036 21 624 279 1968 279 2990 279 1968 0 209 0 3357 0 1965 0 3358 0 621 0 236 0 1424 0 1965 0 1424 0 624 0 3358 0 1421 186 3359 186 104 186 621 365 2991 365 1421 365 2991 366 1036 366 3359 366 2986 0 3360 0 1035 0 620 0 1964 0 2986 0 1964 0 210 0 3360 0 617 302 1961 302 2987 302 235 0 1420 0 1961 0 1420 0 620 0 3361 0 211 356 1417 356 1363 356 1417 0 617 0 3362 0 3362 286 2987 286 2985 286 2982 0 3363 0 1034 0 616 0 1960 0 2982 0 1960 268 127 268 3363 268 1957 21 3364 21 613 21 234 0 1416 0 1957 0 1416 0 616 0 3364 0 212 367 1413 367 1364 367 613 0 2983 0 1413 0 3365 0 2983 0 2981 0 2978 70 3366 70 1033 70 2978 293 612 293 3366 293 1956 0 213 0 3366 0 1953 0 3367 0 609 0 233 36 1412 36 1953 36 1412 26 612 26 3367 26 1409 186 3368 186 103 186 609 0 2979 0 1409 0 3368 368 2979 368 2977 368 1032 0 2974 0 2976 0 608 268 1952 268 2974 268 1952 0 214 0 3369 0 1949 0 3370 0 605 0 232 0 1408 0 1949 0 1408 0 608 0 3370 0 1405 36 3371 36 215 36 605 21 2975 21 1405 21 3371 295 2975 295 2973 295 2970 0 3372 0 1031 0 604 0 1948 0 2970 0 1948 270 130 270 3372 270 1945 0 3373 0 601 0 1945 0 231 0 3373 0 3373 293 1404 293 2970 293 1401 0 3374 0 216 0 601 0 2971 0 1401 0 2971 268 1031 268 3374 268 2966 63 3375 63 1030 63 600 0 1944 0 2966 0 1944 0 217 0 3375 0 597 294 1941 294 2967 294 1941 0 230 0 3376 0 3376 307 1400 307 2966 307 1397 279 3377 279 96 279 597 270 2967 270 1397 270 2967 0 1030 0 3377 0 2962 266 3378 266 1029 266 596 0 1940 0 2962 0 1940 63 218 63 3378 63 1937 36 3379 36 593 36 229 290 1396 290 1937 290 1396 0 596 0 3379 0 1393 21 3380 21 219 21 593 0 2963 0 1393 0 2963 0 1029 0 3380 0 1028 293 2958 293 2960 293 592 44 1936 44 2958 44 1936 74 129 74 3381 74 1933 0 3382 0 589 0 228 0 1392 0 1933 0 1392 0 592 0 3382 0 220 293 1389 293 1372 293 589 292 2959 292 1389 292 3383 0 2959 0 2957 0 2954 0 3384 0 1027 0 588 0 1932 0 2954 0 1932 0 221 0 3384 0 1929 0 3385 0 585 0 227 0 1388 0 1929 0 1388 0 588 0 3385 0 1385 0 3386 0 100 0 585 0 2955 0 1385 0 2955 0 1027 0 3386 0 2950 279 3387 279 1026 279 584 270 1928 270 2950 270 1928 0 222 0 3387 0 1925 21 3388 21 581 21 226 279 1384 279 1925 279 1384 268 584 268 3388 268 1381 0 3389 0 223 0 581 0 2951 0 1381 0 2951 270 1026 270 3389 270 2946 0 3390 0 1025 0 580 0 1924 0 2946 0 1924 0 123 0 3390 0 1921 0 3391 0 577 0 225 279 1380 279 1921 279 1380 0 580 0 3391 0 1377 0 3392 0 224 0 577 0 2947 0 1377 0 2947 0 1025 0 3392 0 2942 0 3393 0 1024 0 579 0 1923 0 2942 0 3393 0 1923 0 1921 0 1774 21 3394 21 430 21 222 0 1379 0 1774 0 1379 0 579 0 3394 0 1230 290 3395 290 80 290 1230 302 430 302 3395 302 2943 270 1024 270 3395 270 2938 0 3396 0 1023 0 368 0 1712 0 2938 0 3396 0 1712 0 1922 0 1918 36 3397 36 574 36 64 369 1168 369 1918 369 3397 370 1168 370 2938 370 1374 0 3398 0 222 0 574 0 2939 0 1374 0 2939 0 1023 0 3398 0 2934 0 3399 0 1022 0 512 0 1856 0 2934 0 1856 0 11 0 3399 0 1922 0 3400 0 578 0 160 66 1312 66 1922 66 1312 371 512 371 3400 371 1378 270 3401 270 225 270 1378 294 578 294 3401 294 2935 0 1022 0 3401 0 1021 302 2930 302 2932 302 583 290 1927 290 2930 290 1927 0 226 0 3402 0 365 372 1709 372 2931 372 157 373 1383 373 1709 373 1383 21 583 21 3403 21 1165 0 3404 0 61 0 1165 0 365 0 3404 0 2931 279 1021 279 3404 279 1020 0 2926 0 2928 0 328 374 1672 374 2926 374 1672 0 120 0 3405 0 509 375 1853 375 2927 375 24 40 1128 40 1853 40 1128 371 328 371 3406 371 1309 0 3407 0 157 0 509 376 2927 376 1309 376 2927 0 1020 0 3407 0 2922 0 3408 0 1019 0 472 369 1816 369 2922 369 1816 369 64 369 3408 369 1926 279 3409 279 582 279 120 377 1272 377 1926 377 1272 0 472 0 3409 0 226 294 1382 294 1384 294 582 0 2923 0 1382 0 3410 0 2923 0 2921 0 2918 21 3411 21 1018 21 587 36 1931 36 2918 36 1931 264 227 264 3411 264 1669 0 3412 0 325 0 117 0 1387 0 1669 0 3412 0 1387 0 2918 0 1125 0 3413 0 16 0 325 0 2919 0 1125 0 2919 268 1018 268 3413 268 2914 290 3414 290 1017 290 431 268 1775 268 2914 268 1775 0 223 0 3414 0 469 0 1813 0 2915 0 61 378 1231 378 1813 378 1231 279 431 279 3415 279 1269 376 3416 376 117 376 469 0 2915 0 1269 0 3416 302 2915 302 2913 302 2910 0 3417 0 1016 0 575 0 1919 0 2910 0 1919 268 80 268 3417 268 1930 0 3418 0 586 0 223 36 1375 36 1930 36 1375 322 575 322 3418 322 1386 0 3419 0 227 0 586 0 2911 0 1386 0 2911 0 1016 0 3419 0 2906 0 3420 0 1015 0 591 0 1935 0 2906 0 1935 0 228 0 3420 0 1770 0 3421 0 426 0 218 63 1391 63 1770 63 1391 266 591 266 3421 266 1226 0 3422 0 79 0 426 0 2907 0 1226 0 2907 0 1015 0 3422 0 2902 0 3423 0 1014 0 364 0 1708 0 2902 0 1708 0 156 0 3423 0 1914 63 3424 63 570 63 60 0 1164 0 1914 0 1164 377 364 377 3424 377 1370 0 3425 0 218 0 570 44 2903 44 1370 44 3425 285 2903 285 2901 285 2898 0 3426 0 1013 0 508 379 1852 379 2898 379 1852 0 17 0 3426 0 1934 0 3427 0 590 0 1934 0 156 0 3427 0 1308 221 508 221 3427 221 1390 0 3428 0 228 0 590 0 2899 0 1390 0 2899 0 1013 0 3428 0 2894 290 3429 290 1012 290 595 0 1939 0 2894 0 1939 21 229 21 3429 21 1705 0 3430 0 361 0 153 0 1395 0 1705 0 1395 0 595 0 3430 0 57 0 1161 0 1227 0 361 268 2895 268 1161 268 2895 0 1012 0 3431 0 2890 21 3432 21 1011 21 324 0 1668 0 2890 0 1668 0 116 0 3432 0 505 0 1849 0 2891 0 23 377 1124 377 1849 377 1124 0 324 0 3433 0 1305 36 3434 36 153 36 505 0 2891 0 1305 0 2891 0 1011 0 3434 0 1010 285 2886 285 2888 285 2886 0 468 0 3435 0 3435 380 1812 380 1914 380 1938 0 3436 0 594 0 116 369 1268 369 1938 369 3436 381 1268 381 2886 381 229 302 1394 302 1396 302 594 0 2887 0 1394 0 2887 0 1010 0 3437 0 1009 0 2882 0 2884 0 2882 294 599 294 3438 294 1943 0 230 0 3438 0 1665 270 3439 270 321 270 113 270 1399 270 1665 270 1399 0 599 0 3439 0 1121 0 3440 0 12 0 321 279 2883 279 1121 279 3440 0 2883 0 2881 0 2878 0 3441 0 1008 0 427 0 1771 0 2878 0 1771 0 219 0 3441 0 1809 0 3442 0 465 0 57 0 1227 0 1809 0 1227 268 427 268 3442 268 113 294 1265 294 1399 294 1265 0 465 0 3443 0 2879 36 1008 36 3443 36 1007 285 2874 285 2876 285 571 0 1915 0 2874 0 1915 0 79 0 3444 0 1942 0 3445 0 598 0 219 0 1371 0 1942 0 1371 270 571 270 3445 270 1398 268 3446 268 230 268 1398 302 598 302 3446 302 2875 0 1007 0 3446 0 2870 0 3447 0 1006 0 603 0 1947 0 2870 0 1947 0 231 0 3447 0 1766 63 3448 63 422 63 214 0 1403 0 1766 0 1403 270 603 270 3448 270 1222 44 3449 44 78 44 422 0 2871 0 1222 0 2871 0 1006 0 3449 0 2866 0 3450 0 1005 0 360 0 1704 0 2866 0 1704 0 152 0 3450 0 1910 0 3451 0 566 0 56 0 1160 0 1910 0 1160 0 360 0 3451 0 1366 44 3452 44 214 44 566 0 2867 0 1366 0 2867 0 1005 0 3452 0 2862 266 3453 266 1004 266 504 270 1848 270 2862 270 1848 0 18 0 3453 0 602 0 1946 0 2863 0 152 268 1304 268 1946 268 1304 0 504 0 3454 0 1402 268 3455 268 231 268 602 0 2863 0 1402 0 2863 44 1004 44 3455 44 2858 0 3456 0 1003 0 607 0 1951 0 2858 0 1951 0 232 0 3456 0 1701 21 3457 21 357 21 149 0 1407 0 1701 0 1407 0 607 0 3457 0 1157 0 3458 0 53 0 357 0 2859 0 1157 0 2859 270 1003 270 3458 270 2854 0 3459 0 1002 0 320 0 1664 0 2854 0 1664 0 112 0 3459 0 1845 0 3460 0 501 0 22 0 1120 0 1845 0 1120 0 320 0 3460 0 1301 0 3461 0 149 0 501 0 2855 0 1301 0 2855 0 1002 0 3461 0 2850 44 3462 44 1001 44 464 0 1808 0 2850 0 1808 0 56 0 3462 0 1950 0 3463 0 606 0 112 290 1264 290 1950 290 1264 270 464 270 3463 270 1406 36 3464 36 232 36 606 0 2851 0 1406 0 2851 0 1001 0 3464 0 1000 0 2846 0 2848 0 2846 294 611 294 3465 294 3465 0 1955 0 1953 0 1661 0 3466 0 317 0 109 279 1411 279 1661 279 1411 0 611 0 3466 0 1117 0 3467 0 19 0 317 0 2847 0 1117 0 2847 72 1000 72 3467 72 2842 0 3468 0 999 0 423 21 1767 21 2842 21 3468 294 1767 294 1954 294 1805 279 3469 279 461 279 53 270 1223 270 1805 270 1223 0 423 0 3469 0 1261 305 3470 305 109 305 1261 294 461 294 3470 294 2843 268 999 268 3470 268 2838 268 3471 268 998 268 567 0 1911 0 2838 0 1911 382 78 382 3471 382 1954 0 3472 0 610 0 215 0 1367 0 1954 0 1367 0 567 0 3472 0 1410 304 3473 304 233 304 610 0 2839 0 1410 0 3473 295 2839 295 2837 295 997 302 2834 302 2836 302 2834 0 615 0 3474 0 3474 294 1959 294 1957 294 1762 0 3475 0 418 0 210 279 1415 279 1762 279 1415 268 615 268 3475 268 1218 0 3476 0 77 0 418 0 2835 0 1218 0 2835 0 997 0 3476 0 996 0 2830 0 2832 0 356 270 1700 270 2830 270 1700 0 148 0 3477 0 1906 0 3478 0 562 0 52 36 1156 36 1906 36 3478 302 1156 302 2830 302 210 294 1362 294 1415 294 562 0 2831 0 1362 0 2831 268 996 268 3479 268 2826 268 3480 268 995 268 500 268 1844 268 2826 268 1844 0 15 0 3480 0 614 294 1958 294 2827 294 148 0 1300 0 1958 0 1300 0 500 0 3481 0 1414 0 3482 0 234 0 614 279 2827 279 1414 279 2827 0 995 0 3482 0 2822 0 3483 0 994 0 619 0 1963 0 2822 0 1963 268 235 268 3483 268 353 0 1697 0 2823 0 145 296 1419 296 1697 296 1419 270 619 270 3484 270 49 0 1153 0 1219 0 1153 383 353 383 3485 383 2823 0 994 0 3485 0 2818 279 3486 279 993 279 2818 294 316 294 3486 294 1660 0 108 0 3486 0 1841 64 3487 64 497 64 1841 0 21 0 3487 0 1116 21 316 21 3487 21 1297 0 3488 0 145 0 497 0 2819 0 1297 0 2819 0 993 0 3488 0 2814 0 3489 0 992 0 2814 0 460 0 3489 0 1804 290 52 290 3489 290 1962 0 3490 0 618 0 108 21 1260 21 1962 21 1260 309 460 309 3490 309 1418 21 3491 21 235 21 618 36 2815 36 1418 36 2815 78 992 78 3491 78 991 0 2810 0 2812 0 2810 302 623 302 3492 302 1967 0 236 0 3492 0 1657 384 3493 384 313 384 105 288 1423 288 1657 288 3493 0 1423 0 2810 0 1113 0 3494 0 20 0 313 0 2811 0 1113 0 2811 0 991 0 3494 0 990 0 2806 0 2808 0 2806 302 419 302 3495 302 1763 0 211 0 3495 0 1801 385 3496 385 457 385 1801 386 49 386 3496 386 1219 0 419 0 3496 0 105 387 1257 387 1423 387 457 388 2807 388 1257 388 2807 0 990 0 3497 0 2802 0 3498 0 989 0 563 0 1907 0 2802 0 1907 0 77 0 3498 0 622 302 1966 302 2803 302 1966 0 211 0 3499 0 3499 269 1363 269 2802 269 236 0 1422 0 1424 0 622 290 2803 290 1422 290 2803 322 989 322 3500 322 988 0 2798 0 2800 0 627 279 1971 279 2798 279 1971 39 237 39 3501 39 1758 31 3502 31 414 31 206 389 1427 389 1758 389 1427 0 627 0 3502 0 1214 0 3503 0 76 0 414 0 2799 0 1214 0 2799 0 988 0 3503 0 2794 270 3504 270 987 270 2794 294 355 294 3504 294 1699 0 147 0 3504 0 1902 296 3505 296 558 296 51 0 1155 0 1902 0 1155 44 355 44 3505 44 1358 296 3506 296 206 296 558 296 2795 296 1358 296 2795 0 987 0 3506 0 2790 0 3507 0 986 0 2790 0 499 0 3507 0 3507 307 1843 307 1841 307 1970 0 3508 0 626 0 147 0 1299 0 1970 0 1299 0 499 0 3508 0 237 307 1426 307 1428 307 626 39 2791 39 1426 39 3509 295 2791 295 2789 295 2786 0 3510 0 985 0 2786 0 631 0 3510 0 1975 44 238 44 3510 44 1682 0 3511 0 338 0 130 0 1431 0 1682 0 1431 268 631 268 3511 268 1138 74 3512 74 34 74 1138 0 338 0 3512 0 2787 122 985 122 3512 122 2782 390 3513 390 984 390 315 270 1659 270 2782 270 1659 0 107 0 3513 0 1826 391 3514 391 482 391 18 268 1115 268 1826 268 1115 0 315 0 3514 0 130 0 1282 0 1431 0 1282 392 482 392 3515 392 2783 270 984 270 3515 270 2778 0 3516 0 983 0 459 292 1803 292 2778 292 1803 270 51 270 3516 270 1974 268 3517 268 630 268 107 0 1259 0 1974 0 1259 44 459 44 3517 44 1430 0 3518 0 238 0 1430 0 630 0 3518 0 2779 63 983 63 3518 63 982 0 2774 0 2776 0 2774 393 635 393 3519 393 1979 0 239 0 3519 0 1642 0 3520 0 298 0 90 0 1435 0 1642 0 1435 0 635 0 3520 0 1098 0 3521 0 8 0 298 0 2775 0 1098 0 2775 316 982 316 3521 316 981 393 2770 393 2772 393 415 0 1759 0 2770 0 3522 0 1759 0 1978 0 1786 41 3523 41 442 41 34 0 1215 0 1786 0 1215 270 415 270 3523 270 1242 0 3524 0 90 0 442 0 2771 0 1242 0 2771 268 981 268 3524 268 2766 292 3525 292 980 292 559 268 1903 268 2766 268 3525 0 1903 0 1901 0 1978 0 3526 0 634 0 207 394 1359 394 1978 394 1359 266 559 266 3526 266 1434 0 3527 0 239 0 634 0 2767 0 1434 0 2767 268 980 268 3527 268 979 294 2762 294 2764 294 639 0 1983 0 2762 0 1983 0 240 0 3528 0 1754 290 3529 290 410 290 202 279 1439 279 1754 279 3529 285 1439 285 2762 285 1210 0 3530 0 75 0 410 0 2763 0 1210 0 2763 0 979 0 3530 0 978 302 2758 302 2760 302 446 21 1246 21 2758 21 3531 295 1246 295 1982 295 1898 36 3532 36 554 36 38 0 1790 0 1898 0 3532 0 1790 0 2758 0 1354 270 3533 270 202 270 1354 395 554 395 3533 395 2759 0 978 0 3533 0 2754 0 3534 0 977 0 302 264 1102 264 2754 264 1102 0 10 0 3534 0 1982 0 3535 0 638 0 1982 0 94 0 3535 0 1646 26 302 26 3535 26 240 307 1438 307 1440 307 638 39 2755 39 1438 39 3536 295 2755 295 2753 295 2750 268 3537 268 976 268 643 0 1987 0 2750 0 1987 292 241 292 3537 292 1694 0 3538 0 350 0 1694 0 142 0 3538 0 3538 396 1443 396 2750 396 1150 391 3539 391 46 391 350 297 2751 297 1150 297 2751 141 976 141 3539 141 2746 0 3540 0 975 0 486 153 1286 153 2746 153 1286 63 134 63 3540 63 1838 297 3541 297 494 297 5 270 1830 270 1838 270 3541 0 1830 0 2746 0 1294 391 3542 391 142 391 494 0 2747 0 1294 0 3542 396 2747 396 2745 396 2742 0 3543 0 974 0 342 0 1142 0 2742 0 1142 268 38 268 3543 268 1986 0 3544 0 642 0 134 358 1686 358 1986 358 1686 0 342 0 3544 0 241 397 1442 397 1444 397 642 0 2743 0 1442 0 2743 0 974 0 3545 0 2738 0 3546 0 973 0 647 153 1991 153 2738 153 1991 266 242 266 3546 266 310 392 1654 392 2739 392 102 391 1447 391 1654 391 1447 0 647 0 3547 0 1110 272 3548 272 18 272 310 268 2739 268 1110 268 3548 0 2739 0 2737 0 2734 0 3549 0 972 0 411 0 1755 0 2734 0 1755 0 203 0 3549 0 1798 268 3550 268 454 268 1798 392 46 392 3550 392 1211 270 411 270 3550 270 1254 0 3551 0 102 0 1254 0 454 0 3551 0 2735 327 972 327 3551 327 2730 0 3552 0 971 0 555 63 1899 63 2730 63 1899 63 75 63 3552 63 1990 0 3553 0 646 0 203 349 1355 349 1990 349 1355 0 555 0 3553 0 1446 0 3554 0 242 0 646 23 2731 23 1446 23 2731 266 971 266 3554 266 2726 21 3555 21 970 21 651 36 1995 36 2726 36 1995 36 243 36 3555 36 1750 21 3556 21 406 21 198 36 1451 36 1750 36 1451 36 651 36 3556 36 1206 290 3557 290 74 290 1206 302 406 302 3557 302 2727 0 970 0 3557 0 2722 0 3558 0 969 0 434 0 1234 0 2722 0 1234 0 82 0 3558 0 550 0 1894 0 2723 0 26 0 1778 0 1894 0 3559 294 1778 294 2722 294 1350 290 3560 290 198 290 550 0 2723 0 1350 0 2723 21 969 21 3560 21 968 269 2718 269 2720 269 290 0 1090 0 2718 0 1090 0 1 0 3561 0 1994 21 3562 21 650 21 82 0 1634 0 1994 0 1634 0 290 0 3562 0 1450 0 3563 0 243 0 650 0 2719 0 1450 0 2719 0 968 0 3563 0 2714 0 3564 0 967 0 655 0 1999 0 2714 0 1999 0 244 0 3564 0 1698 0 3565 0 354 0 146 0 1455 0 1698 0 1455 0 655 0 3565 0 1154 0 3566 0 50 0 354 0 2715 0 1154 0 2715 0 967 0 3566 0 2710 36 3567 36 966 36 474 0 1274 0 2710 0 1274 0 122 0 3567 0 1842 0 3568 0 498 0 10 0 1818 0 1842 0 1818 268 474 268 3568 268 1298 40 3569 40 146 40 498 48 2711 48 1298 48 3569 294 2711 294 2709 294 2706 0 3570 0 965 0 330 0 1130 0 2706 0 1130 0 26 0 3570 0 1998 0 3571 0 654 0 122 279 1674 279 1998 279 1674 0 330 0 3571 0 1454 268 3572 268 244 268 654 0 2707 0 1454 0 2707 80 965 80 3572 80 2702 0 3573 0 964 0 659 0 2003 0 2702 0 2003 0 245 0 3573 0 314 0 1658 0 2703 0 106 278 1459 278 1658 278 1459 270 659 270 3574 270 1114 377 3575 377 21 377 1114 398 314 398 3575 398 2703 0 964 0 3575 0 2698 279 3576 279 963 279 2698 294 407 294 3576 294 1751 0 199 0 3576 0 1802 0 3577 0 458 0 50 48 1207 48 1802 48 1207 21 407 21 3577 21 1258 278 3578 278 106 278 1258 399 458 399 3578 399 3578 0 2699 0 2697 0 2694 0 3579 0 962 0 551 0 1895 0 2694 0 1895 268 74 268 3579 268 658 0 2002 0 2695 0 199 268 1351 268 2002 268 1351 270 551 270 3580 270 1458 0 3581 0 245 0 658 0 2695 0 1458 0 2695 0 962 0 3581 0 961 0 2690 0 2692 0 663 0 2007 0 2690 0 2007 21 246 21 3582 21 1746 36 3583 36 402 36 194 290 1463 290 1746 290 1463 270 663 270 3583 270 73 367 1202 367 1204 367 402 21 2691 21 1202 21 3584 269 2691 269 2689 269 2686 279 3585 279 960 279 2686 294 359 294 3585 294 3585 0 1703 0 2006 0 1890 268 3586 268 546 268 55 0 1159 0 1890 0 1159 80 359 80 3586 80 1346 0 3587 0 194 0 1346 0 546 0 3587 0 2687 322 960 322 3587 322 959 0 2682 0 2684 0 503 268 1847 268 2682 268 1847 288 22 288 3588 288 2006 0 3589 0 662 0 151 36 1303 36 2006 36 1303 264 503 264 3589 264 1462 0 3590 0 246 0 662 0 2683 0 1462 0 2683 0 959 0 3590 0 2678 0 3591 0 958 0 667 0 2011 0 2678 0 3591 0 2011 0 2009 0 1245 0 3592 0 445 0 93 0 1467 0 1245 0 1467 0 667 0 3592 0 1789 0 3593 0 37 0 445 0 2679 0 1789 0 2679 0 958 0 3593 0 2674 0 3594 0 957 0 2674 0 319 0 3594 0 1663 80 111 80 3594 80 1101 0 3595 0 301 0 9 0 1119 0 1101 0 1119 268 319 268 3595 268 1645 0 3596 0 93 0 301 0 2675 0 1645 0 3596 0 2675 0 2673 0 2670 0 3597 0 956 0 463 0 1807 0 2670 0 1807 0 55 0 3597 0 2010 0 3598 0 666 0 111 21 1263 21 2010 21 3598 269 1263 269 2670 269 1466 270 3599 270 247 270 666 270 2671 270 1466 270 2671 0 956 0 3599 0 2666 21 3600 21 955 21 671 0 2015 0 2666 0 2015 0 248 0 3600 0 1285 0 3601 0 485 0 133 36 1471 36 1285 36 1471 279 671 279 3601 279 4 261 1829 261 1099 261 485 0 2667 0 1829 0 2667 72 955 72 3602 72 2662 0 3603 0 954 0 403 0 1747 0 2662 0 1747 268 195 268 3603 268 1141 0 3604 0 341 0 37 0 1203 0 1141 0 1203 0 403 0 3604 0 133 0 1685 0 1471 0 1685 294 341 294 3605 294 2663 0 954 0 3605 0 2658 0 3606 0 953 0 2658 0 547 0 3606 0 1891 322 73 322 3606 322 2014 0 3607 0 670 0 2014 0 195 0 3607 0 3607 269 1347 269 2658 269 1470 36 3608 36 248 36 670 0 2659 0 1470 0 2659 270 953 270 3608 270 952 294 2654 294 2656 294 675 36 2019 36 2654 36 3609 302 2019 302 2017 302 1742 21 3610 21 398 21 190 0 1475 0 1742 0 3610 0 1475 0 2654 0 1198 36 3611 36 72 36 398 0 2655 0 1198 0 2655 0 952 0 3611 0 2650 268 3612 268 951 268 2650 302 450 302 3612 302 3612 0 1250 0 2018 0 1886 0 3613 0 542 0 42 0 1794 0 1886 0 3613 0 1794 0 2650 0 1342 0 3614 0 190 0 542 0 2651 0 1342 0 2651 0 951 0 3614 0 2646 0 3615 0 950 0 306 0 1106 0 2646 0 1106 0 14 0 3615 0 2018 270 3616 270 674 270 2018 294 98 294 3616 294 1650 0 306 0 3616 0 1474 290 3617 290 249 290 674 279 2647 279 1474 279 2647 39 950 39 3617 39 2642 0 3618 0 949 0 679 0 2023 0 2642 0 2023 0 250 0 3618 0 1233 0 3619 0 433 0 81 0 1479 0 1233 0 1479 0 679 0 3619 0 1777 36 3620 36 25 36 433 21 2643 21 1777 21 3620 294 2643 294 2641 294 2638 270 3621 270 948 270 490 270 1290 270 2638 270 1290 0 138 0 3621 0 1089 0 3622 0 289 0 0 0 1834 0 1089 0 1834 268 490 268 3622 268 1633 0 3623 0 81 0 289 0 2639 0 1633 0 3623 0 2639 0 2637 0 947 0 2634 0 2636 0 2634 302 346 302 3624 302 1146 270 42 270 3624 270 2022 0 3625 0 678 0 138 0 1690 0 2022 0 3625 0 1690 0 2634 0 1478 36 3626 36 250 36 678 290 2635 290 1478 290 2635 270 947 270 3626 270 2630 0 3627 0 946 0 683 0 2027 0 2630 0 2027 270 251 270 3627 270 1273 36 3628 36 473 36 121 21 1483 21 1273 21 1483 290 683 290 3628 290 1817 0 3629 0 9 0 473 0 2631 0 1817 0 2631 268 946 268 3629 268 2626 0 3630 0 945 0 399 0 1743 0 2626 0 3630 0 1743 0 2026 0 329 294 1129 294 2627 294 25 0 1199 0 1129 0 1199 0 399 0 3631 0 1673 279 3632 279 121 279 329 270 2627 270 1673 270 2627 0 945 0 3632 0 2622 0 3633 0 944 0 543 0 1887 0 2622 0 1887 0 72 0 3633 0 2026 0 3634 0 682 0 191 36 1343 36 2026 36 1343 322 543 322 3634 322 1482 0 3635 0 251 0 682 0 2623 0 1482 0 2623 0 944 0 3635 0 2618 292 3636 292 943 292 687 268 2031 268 2618 268 2031 270 252 270 3636 270 1738 0 3637 0 394 0 186 0 1487 0 1738 0 1487 0 687 0 3637 0 1194 44 3638 44 71 44 394 0 2619 0 1194 0 3638 0 2619 0 2617 0 2614 0 3639 0 942 0 438 44 1238 44 2614 44 1238 292 86 292 3639 292 1882 270 3640 270 538 270 30 270 1782 270 1882 270 1782 0 438 0 3640 0 1338 63 3641 63 186 63 1338 0 538 0 3641 0 2615 292 942 292 3641 292 2610 268 3642 268 941 268 294 266 1094 266 2610 266 1094 391 5 391 3642 391 2030 270 3643 270 686 270 86 0 1638 0 2030 0 1638 63 294 63 3643 63 1486 0 3644 0 252 0 686 266 2611 266 1486 266 2611 0 941 0 3644 0 2606 0 3645 0 940 0 691 0 2035 0 2606 0 2035 0 253 0 3645 0 1702 0 3646 0 358 0 150 0 1491 0 1702 0 1491 0 691 0 3646 0 1158 0 3647 0 54 0 1158 0 358 0 3647 0 2607 279 940 279 3647 279 939 0 2602 0 2604 0 478 268 1278 268 2602 268 1278 0 126 0 3648 0 1846 0 3649 0 502 0 14 0 1822 0 1846 0 1822 0 478 0 3649 0 1302 0 3650 0 150 0 502 0 2603 0 1302 0 2603 0 939 0 3650 0 2598 0 3651 0 938 0 2598 0 334 0 3651 0 3651 323 1134 323 1882 323 2034 279 3652 279 690 279 126 270 1678 270 2034 270 1678 0 334 0 3652 0 1490 0 3653 0 253 0 690 0 2599 0 1490 0 2599 0 938 0 3653 0 2594 36 3654 36 937 36 2594 0 695 0 3654 0 3654 294 2039 294 2037 294 1662 0 3655 0 318 0 110 0 1495 0 1662 0 1495 268 695 268 3655 268 1118 0 3656 0 22 0 318 0 2595 0 1118 0 2595 0 937 0 3656 0 2590 21 3657 21 936 21 395 36 1739 36 2590 36 3657 302 1739 302 2038 302 1806 0 3658 0 462 0 54 0 1195 0 1806 0 3658 0 1195 0 2590 0 1262 0 3659 0 110 0 462 0 2591 0 1262 0 2591 268 936 268 3659 268 2586 0 3660 0 935 0 539 0 1883 0 2586 0 1883 268 71 268 3660 268 2038 36 3661 36 694 36 187 0 1339 0 2038 0 1339 270 539 270 3661 270 1494 0 3662 0 254 0 694 0 2587 0 1494 0 2587 0 935 0 3662 0 2582 0 3663 0 934 0 699 290 2043 290 2582 290 2043 0 255 0 3663 0 1734 268 3664 268 390 268 182 0 1499 0 1734 0 1499 80 699 80 3664 80 1190 268 3665 268 70 268 390 268 2583 268 1190 268 2583 0 934 0 3665 0 2578 0 3666 0 933 0 363 0 1707 0 2578 0 1707 0 155 0 3666 0 534 294 1878 294 2579 294 59 66 1163 66 1878 66 1163 400 363 400 3667 400 1334 0 3668 0 182 0 534 279 2579 279 1334 279 2579 0 933 0 3668 0 2574 264 3669 264 932 264 2574 381 507 381 3669 381 1851 374 23 374 3669 374 698 0 2042 0 2575 0 155 374 1307 374 2042 374 3670 0 1307 0 2574 0 1498 0 3671 0 255 0 698 21 2575 21 1498 21 3671 295 2575 295 2573 295 2570 270 3672 270 931 270 703 270 2047 270 2570 270 2047 0 256 0 3672 0 1249 0 3673 0 449 0 1249 0 97 0 3673 0 3673 302 1503 302 2570 302 1793 290 3674 290 41 290 449 268 2571 268 1793 268 2571 0 931 0 3674 0 2566 0 3675 0 930 0 323 401 1667 401 2566 401 1667 0 115 0 3675 0 1105 0 3676 0 305 0 13 369 1123 369 1105 369 1123 369 323 369 3676 369 1649 0 3677 0 97 0 305 279 2567 279 1649 279 3677 0 2567 0 2565 0 929 0 2562 0 2564 0 2562 370 467 370 3678 370 3678 0 1811 0 1878 0 2046 279 3679 279 702 279 115 377 1267 377 2046 377 1267 0 467 0 3679 0 1502 0 3680 0 256 0 1502 0 702 0 3680 0 2563 78 929 78 3680 78 928 294 2558 294 2560 294 707 0 2051 0 2558 0 3681 0 2051 0 2049 0 1289 21 3682 21 489 21 137 0 1507 0 1289 0 1507 0 707 0 3682 0 2 0 1833 0 1092 0 1833 302 489 302 3683 302 2559 0 928 0 3683 0 927 294 2554 294 2556 294 391 0 1735 0 2554 0 1735 0 183 0 3684 0 1145 0 3685 0 345 0 41 0 1191 0 1145 0 1191 270 391 270 3685 270 1689 36 3686 36 137 36 345 0 2555 0 1689 0 2555 0 927 0 3686 0 2550 0 3687 0 926 0 535 0 1879 0 2550 0 1879 0 70 0 3687 0 706 0 2050 0 2551 0 183 268 1335 268 2050 268 1335 270 535 270 3688 270 1506 21 3689 21 257 21 706 0 2551 0 1506 0 2551 0 926 0 3689 0 2546 0 3690 0 925 0 711 344 2055 344 2546 344 2055 0 258 0 3690 0 1730 0 3691 0 386 0 178 52 1511 52 1730 52 1511 228 711 228 3691 228 1186 0 3692 0 69 0 386 0 2547 0 1186 0 2547 0 925 0 3692 0 2542 314 3693 314 924 314 339 270 1683 270 2542 270 1683 186 131 186 3693 186 530 402 1874 402 2543 402 35 0 1139 0 1874 0 1139 186 339 186 3694 186 1330 279 3695 279 178 279 530 106 2543 106 1330 106 2543 0 924 0 3695 0 2538 403 3696 403 923 403 483 270 1827 270 2538 270 1827 0 19 0 3696 0 2054 404 3697 404 710 404 131 0 1283 0 2054 0 1283 0 483 0 3697 0 1510 21 3698 21 258 21 710 0 2539 0 1510 0 2539 0 923 0 3698 0 2534 0 3699 0 922 0 715 346 2059 346 2534 346 2059 0 259 0 3699 0 1237 0 3700 0 437 0 85 0 1515 0 1237 0 3700 0 1515 0 2534 0 29 0 1781 0 1187 0 437 0 2535 0 1781 0 2535 21 922 21 3701 21 2530 0 3702 0 921 0 299 405 1643 405 2530 405 1643 0 91 0 3702 0 293 0 1093 0 2531 0 4 270 1099 270 1093 270 1099 0 299 0 3703 0 85 0 1637 0 1515 0 1637 406 293 406 3704 406 2531 0 921 0 3704 0 2526 0 3705 0 920 0 443 0 1787 0 2526 0 1787 270 35 270 3705 270 2058 0 3706 0 714 0 91 281 1243 281 2058 281 1243 186 443 186 3706 186 1514 0 3707 0 259 0 714 0 2527 0 1514 0 3707 0 2527 0 2525 0 2522 0 3708 0 919 0 719 36 2063 36 2522 36 2063 322 260 322 3708 322 1277 0 3709 0 477 0 1277 0 125 0 3709 0 1519 36 719 36 3709 36 1821 0 3710 0 13 0 477 0 2523 0 1821 0 2523 0 919 0 3710 0 2518 268 3711 268 918 268 387 0 1731 0 2518 0 1731 407 179 407 3711 407 1133 0 3712 0 333 0 29 0 1187 0 1133 0 1187 0 387 0 3712 0 125 302 1677 302 1519 302 333 21 2519 21 1677 21 3713 294 2519 294 2517 294 917 0 2514 0 2516 0 2514 408 531 408 3714 408 1875 409 69 409 3714 409 2062 0 3715 0 718 0 179 32 1331 32 2062 32 1331 407 531 407 3715 407 1518 0 3716 0 260 0 718 36 2515 36 1518 36 3716 286 2515 286 2513 286 2510 0 3717 0 916 0 723 198 2067 198 2510 198 2067 198 261 198 3717 198 1726 0 3718 0 382 0 174 198 1523 198 1726 198 1523 198 723 198 3718 198 1182 0 3719 0 68 0 382 63 2511 63 1182 63 3719 293 2511 293 2509 293 2506 0 3720 0 915 0 351 0 1695 0 2506 0 1695 0 143 0 3720 0 1870 0 3721 0 526 0 47 184 1151 184 1870 184 1151 306 351 306 3721 306 1326 0 3722 0 174 0 526 0 2507 0 1326 0 2507 0 915 0 3722 0 2502 410 3723 410 914 410 495 69 1839 69 2502 69 1839 0 8 0 3723 0 722 116 2066 116 2503 116 143 0 1295 0 2066 0 1295 411 495 411 3724 411 1522 266 3725 266 261 266 722 106 2503 106 1522 106 2503 0 914 0 3725 0 913 0 2498 0 2500 0 2498 412 727 412 3726 412 2071 345 262 345 3726 345 1706 0 3727 0 362 0 1706 0 154 0 3727 0 1527 171 727 171 3727 171 1162 0 3728 0 58 0 362 21 2499 21 1162 21 2499 21 913 21 3728 21 2494 0 3729 0 912 0 311 51 1655 51 2494 51 1655 51 103 51 3729 51 1850 0 3730 0 506 0 19 0 1111 0 1850 0 1111 0 311 0 3730 0 1306 0 3731 0 154 0 506 0 2495 0 1306 0 3731 0 2495 0 2493 0 2490 0 3732 0 911 0 455 0 1799 0 2490 0 3732 0 1799 0 1870 0 2070 69 3733 69 726 69 103 405 1255 405 2070 405 1255 262 455 262 3733 262 1526 36 3734 36 262 36 1526 0 726 0 3734 0 3734 157 2491 157 2489 157 2486 268 3735 268 910 268 731 268 2075 268 2486 268 2075 270 263 270 3735 270 1666 0 3736 0 322 0 114 279 1531 279 1666 279 1531 0 731 0 3736 0 1122 290 3737 290 23 290 322 0 2487 0 1122 0 2487 21 910 21 3737 21 2482 0 3738 0 909 0 383 413 1727 413 2482 413 1727 0 175 0 3738 0 1810 0 3739 0 466 0 58 31 1183 31 1810 31 1183 31 383 31 3739 31 1266 0 3740 0 114 0 466 21 2483 21 1266 21 3740 294 2483 294 2481 294 2478 0 3741 0 908 0 527 0 1871 0 2478 0 3741 0 1871 0 1869 0 2074 0 3742 0 730 0 175 0 1327 0 2074 0 1327 409 527 409 3742 409 263 302 1530 302 1532 302 730 21 2479 21 1530 21 2479 265 908 265 3743 265 2474 0 3744 0 907 0 735 279 2079 279 2474 279 2079 0 264 0 3744 0 378 294 1722 294 2475 294 170 0 1535 0 1722 0 3745 0 1535 0 2474 0 67 294 1178 294 1180 294 378 279 2475 279 1178 279 2475 0 907 0 3746 0 2470 0 3747 0 906 0 367 371 1711 371 2470 371 1711 0 159 0 3747 0 522 294 1866 294 2471 294 63 0 1167 0 1866 0 3748 0 1167 0 2470 0 1322 66 3749 66 170 66 1322 0 522 0 3749 0 2471 44 906 44 3749 44 2466 0 3750 0 905 0 511 147 1855 147 2466 147 1855 147 24 147 3750 147 2078 0 3751 0 734 0 159 414 1311 414 2078 414 1311 0 511 0 3751 0 1534 0 3752 0 264 0 734 26 2467 26 1534 26 2467 264 905 264 3752 264 2462 153 3753 153 904 153 739 0 2083 0 2462 0 2083 270 265 270 3753 270 1681 0 3754 0 337 0 129 391 1539 391 1681 391 1539 0 739 0 3754 0 1137 0 3755 0 33 0 1137 0 337 0 3755 0 2463 141 904 141 3755 141 2458 0 3756 0 903 0 327 415 1671 415 2458 415 1671 0 119 0 3756 0 1825 270 3757 270 481 270 17 416 1127 416 1825 416 1127 417 327 417 3757 417 1281 297 3758 297 129 297 481 270 2459 270 1281 270 2459 0 903 0 3758 0 2454 270 3759 270 902 270 2454 418 471 418 3759 418 1815 0 63 0 3759 0 2082 349 3760 349 738 349 119 0 1271 0 2082 0 1271 419 471 419 3760 419 1538 358 3761 358 265 358 738 0 2455 0 1538 0 3761 293 2455 293 2453 293 2450 420 3762 420 901 420 2450 421 743 421 3762 421 2087 270 266 270 3762 270 1641 0 3763 0 297 0 1641 0 89 0 3763 0 1543 122 743 122 3763 122 7 0 1097 0 1096 0 297 0 2451 0 1097 0 2451 315 901 315 3764 315 2446 0 3765 0 900 0 379 0 1723 0 2446 0 1723 270 171 270 3765 270 1785 0 3766 0 441 0 33 422 1179 422 1785 422 3766 423 1179 423 2446 423 1241 268 3767 268 89 268 441 0 2447 0 1241 0 2447 315 900 315 3767 315 899 293 2442 293 2444 293 523 44 1867 44 2442 44 1867 292 67 292 3768 292 2086 349 3769 349 742 349 171 0 1323 0 2086 0 1323 44 523 44 3769 44 1542 23 3770 23 266 23 742 0 2443 0 1542 0 2443 270 899 270 3770 270 2438 270 3771 270 898 270 747 0 2091 0 2438 0 2091 350 267 350 3771 350 1718 52 3772 52 374 52 166 424 1547 424 1718 424 1547 353 747 353 3772 353 1174 171 3773 171 66 171 374 0 2439 0 1174 0 2439 0 898 0 3773 0 2434 0 3774 0 897 0 340 0 1684 0 2434 0 1684 0 132 0 3774 0 1862 0 3775 0 518 0 1862 0 36 0 3775 0 3775 425 1140 425 2434 425 1318 426 3776 426 166 426 1318 427 518 427 3776 427 3776 0 2435 0 2433 0 2430 0 3777 0 896 0 484 0 1828 0 2430 0 1828 0 20 0 3777 0 2090 0 3778 0 746 0 132 0 1284 0 2090 0 1284 0 484 0 3778 0 1546 270 3779 270 267 270 1546 157 746 157 3779 157 2431 0 896 0 3779 0 2426 0 3780 0 895 0 751 0 2095 0 2426 0 3780 0 2095 0 2093 0 1693 0 3781 0 349 0 141 0 1551 0 1693 0 1551 0 751 0 3781 0 1149 0 3782 0 45 0 349 0 2427 0 1149 0 2427 0 895 0 3782 0 2422 0 3783 0 894 0 300 0 1644 0 2422 0 1644 0 92 0 3783 0 1837 0 3784 0 493 0 8 0 1100 0 1837 0 1100 316 300 316 3784 316 1293 428 3785 428 141 428 1293 429 493 429 3785 429 2423 91 894 91 3785 91 2418 0 3786 0 893 0 444 306 1788 306 2418 306 1788 186 36 186 3786 186 2094 0 3787 0 750 0 92 0 1244 0 2094 0 1244 0 444 0 3787 0 268 0 1550 0 1552 0 750 0 2419 0 1550 0 2419 206 893 206 3788 206 2414 270 3789 270 892 270 755 270 2099 270 2414 270 2099 268 269 268 3789 268 1653 297 3790 297 309 297 101 0 1555 0 1653 0 3790 423 1555 423 2414 423 17 392 1109 392 1127 392 309 391 2415 391 1109 391 2415 0 892 0 3791 0 2410 153 3792 153 891 153 375 0 1719 0 2410 0 1719 0 167 0 3792 0 1797 0 3793 0 453 0 45 0 1175 0 1797 0 1175 409 375 409 3793 409 1253 391 3794 391 101 391 453 0 2411 0 1253 0 2411 141 891 141 3794 141 2406 63 3795 63 890 63 2406 0 519 0 3795 0 3795 256 1863 256 1861 256 2098 0 3796 0 754 0 167 0 1319 0 2098 0 1319 0 519 0 3796 0 1554 430 3797 430 269 430 754 23 2407 23 1554 23 2407 266 890 266 3797 266 889 302 2402 302 2404 302 2402 0 759 0 3798 0 2103 344 270 344 3798 344 1714 268 3799 268 370 268 162 353 1559 353 1714 353 1559 0 759 0 3799 0 1170 0 3800 0 65 0 1170 0 370 0 3800 0 2403 279 889 279 3800 279 888 0 2398 0 2400 0 2398 277 352 277 3801 277 1696 0 144 0 3801 0 1858 0 3802 0 514 0 48 0 1152 0 1858 0 1152 0 352 0 3802 0 1314 0 3803 0 162 0 514 431 2399 431 1314 431 2399 59 888 59 3803 59 887 0 2394 0 2396 0 496 186 1840 186 2394 186 1840 270 6 270 3804 270 2102 0 3805 0 758 0 144 281 1296 281 2102 281 1296 0 496 0 3805 0 1558 270 3806 270 270 270 1558 432 758 432 3806 432 2395 0 887 0 3806 0 2390 279 3807 279 886 279 763 0 2107 0 2390 0 2107 351 271 351 3807 351 366 383 1710 383 2391 383 158 433 1563 433 1710 433 3808 412 1563 412 2390 412 1166 0 3809 0 62 0 1166 0 366 0 3809 0 2391 21 886 21 3809 21 2386 0 3810 0 885 0 312 0 1656 0 2386 0 3810 0 1656 0 2106 0 1854 434 3811 434 510 434 20 0 1112 0 1854 0 1112 405 312 405 3811 405 1310 385 3812 385 158 385 1310 435 510 435 3812 435 2387 0 885 0 3812 0 2382 0 3813 0 884 0 456 51 1800 51 2382 51 1800 405 48 405 3813 405 2106 404 3814 404 762 404 104 405 1256 405 2106 405 3814 0 1256 0 2382 0 1562 279 3815 279 271 279 1562 432 762 432 3815 432 2383 91 884 91 3815 91 2378 0 3816 0 883 0 767 0 2111 0 2378 0 3816 0 2111 0 2109 0 326 383 1670 383 2379 383 118 64 1567 64 1670 64 3817 302 1567 302 2378 302 1126 0 3818 0 24 0 1126 0 326 0 3818 0 2379 290 883 290 3818 290 2374 0 3819 0 882 0 371 0 1715 0 2374 0 1715 0 163 0 3819 0 1814 296 3820 296 470 296 1814 436 62 436 3820 436 1171 0 371 0 3820 0 118 0 1270 0 1567 0 470 385 2375 385 1270 385 2375 36 882 36 3821 36 2370 0 3822 0 881 0 515 0 1859 0 2370 0 1859 0 65 0 3822 0 2110 279 3823 279 766 279 163 0 1315 0 2110 0 1315 437 515 437 3823 437 1566 0 3824 0 272 0 766 0 2371 0 1566 0 2371 0 881 0 3824 0 2366 0 3825 0 880 0 771 36 2115 36 2366 36 2115 36 273 36 3825 36 1713 279 3826 279 369 279 161 270 1571 270 1713 270 3826 0 1571 0 2366 0 1169 0 3827 0 64 0 369 0 2367 0 1169 0 2367 0 880 0 3827 0 2362 0 3828 0 879 0 372 0 1716 0 2362 0 1716 0 164 0 3828 0 1857 0 3829 0 513 0 65 438 1172 438 1857 438 1172 439 372 439 3829 439 1313 0 3830 0 161 0 513 0 2363 0 1313 0 3830 0 2363 0 2361 0 2358 0 3831 0 878 0 516 0 1860 0 2358 0 1860 0 39 0 3831 0 2114 0 3832 0 770 0 164 0 1316 0 2114 0 1316 0 516 0 3832 0 1570 0 3833 0 273 0 770 21 2359 21 1570 21 3833 294 2359 294 2357 294 2354 270 3834 270 877 270 775 270 2119 270 2354 270 2119 0 274 0 3834 0 1717 0 3835 0 373 0 165 0 1575 0 1717 0 1575 0 775 0 3835 0 1173 0 3836 0 63 0 373 279 2355 279 1173 279 2355 268 877 268 3836 268 2350 268 3837 268 876 268 2350 105 376 105 3837 105 3837 0 1720 0 2118 0 1861 0 3838 0 517 0 66 0 1176 0 1861 0 3838 0 1176 0 2350 0 1317 21 3839 21 165 21 517 0 2351 0 1317 0 2351 0 876 0 3839 0 2346 0 3840 0 875 0 520 139 1864 139 2346 139 1864 139 62 139 3840 139 2118 270 3841 270 774 270 2118 440 168 440 3841 440 3841 0 1320 0 2346 0 274 0 1574 0 1576 0 774 264 2347 264 1574 264 2347 39 875 39 3842 39 2342 268 3843 268 874 268 779 268 2123 268 2342 268 3843 0 2123 0 2121 0 1721 0 3844 0 377 0 169 279 1579 279 1721 279 1579 0 779 0 3844 0 1177 0 3845 0 32 0 377 0 2343 0 1177 0 2343 0 874 0 3845 0 873 294 2338 294 2340 294 380 0 1724 0 2338 0 1724 0 172 0 3846 0 521 0 1865 0 2339 0 67 270 1180 270 1865 270 1180 0 380 0 3847 0 1321 0 3848 0 169 0 521 0 2339 0 1321 0 2339 0 873 0 3848 0 2334 0 3849 0 872 0 524 0 1868 0 2334 0 1868 0 61 0 3849 0 2122 0 3850 0 778 0 172 0 1324 0 2122 0 1324 0 524 0 3850 0 1578 0 3851 0 275 0 778 0 2335 0 1578 0 2335 0 872 0 3851 0 2330 63 3852 63 871 63 783 0 2127 0 2330 0 2127 0 276 0 3852 0 381 0 1725 0 2331 0 173 268 1583 268 1725 268 1583 0 783 0 3853 0 1181 292 3854 292 60 292 381 0 2331 0 1181 0 2331 44 871 44 3854 44 2326 292 3855 292 870 292 384 0 1728 0 2326 0 1728 155 176 155 3855 155 525 0 1869 0 2327 0 1869 256 68 256 3856 256 1184 0 384 0 3856 0 1325 0 3857 0 173 0 525 63 2327 63 1325 63 3857 293 2327 293 2325 293 869 0 2322 0 2324 0 528 439 1872 439 2322 439 1872 0 45 0 3858 0 2126 0 3859 0 782 0 176 441 1328 441 2126 441 1328 0 528 0 3859 0 1582 0 3860 0 276 0 1582 0 782 0 3860 0 2323 442 869 442 3860 442 868 294 2318 294 2320 294 787 36 2131 36 2318 36 2131 279 277 279 3861 279 1729 0 3862 0 385 0 177 0 1587 0 1729 0 1587 0 787 0 3862 0 1185 0 3863 0 59 0 385 0 2319 0 1185 0 2319 0 868 0 3863 0 2314 21 3864 21 867 21 388 0 1732 0 2314 0 1732 0 180 0 3864 0 1873 0 3865 0 529 0 69 0 1188 0 1873 0 1188 439 388 439 3865 439 1329 290 3866 290 177 290 1329 302 529 302 3866 302 2315 0 867 0 3866 0 2310 26 3867 26 866 26 532 0 1876 0 2310 0 1876 0 58 0 3867 0 786 294 2130 294 2311 294 180 0 1332 0 2130 0 1332 409 532 409 3868 409 1586 0 3869 0 277 0 786 279 2311 279 1586 279 2311 0 866 0 3869 0 2306 0 3870 0 865 0 791 290 2135 290 2306 290 2135 270 278 270 3870 270 1733 0 3871 0 389 0 1733 0 181 0 3871 0 1591 322 791 322 3871 322 1189 0 3872 0 28 0 1189 0 389 0 3872 0 2307 78 865 78 3872 78 2302 0 3873 0 864 0 392 0 1736 0 2302 0 1736 0 184 0 3873 0 533 0 1877 0 2303 0 70 268 1192 268 1877 268 1192 0 392 0 3874 0 1333 268 3875 268 181 268 533 0 2303 0 1333 0 2303 309 864 309 3875 309 2298 0 3876 0 863 0 536 0 1880 0 2298 0 1880 270 57 270 3876 270 790 302 2134 302 2299 302 2134 0 184 0 3877 0 1336 265 536 265 3877 265 1590 0 3878 0 278 0 1590 0 790 0 3878 0 2299 26 863 26 3878 26 2294 0 3879 0 862 0 795 0 2139 0 2294 0 2139 0 279 0 3879 0 1737 0 3880 0 393 0 185 63 1595 63 1737 63 1595 266 795 266 3880 266 1193 0 3881 0 56 0 393 0 2295 0 1193 0 2295 0 862 0 3881 0 2290 0 3882 0 861 0 396 0 1740 0 2290 0 1740 0 188 0 3882 0 1881 266 3883 266 537 266 71 0 1196 0 1881 0 1196 266 396 266 3883 266 1337 44 3884 44 185 44 537 0 2291 0 1337 0 2291 0 861 0 3884 0 860 293 2286 293 2288 293 540 0 1884 0 2286 0 1884 0 46 0 3885 0 2138 0 3886 0 794 0 2138 0 188 0 3886 0 3886 293 1340 293 2286 293 1594 0 3887 0 279 0 794 0 2287 0 1594 0 2287 0 860 0 3887 0 2282 21 3888 21 859 21 2282 0 799 0 3888 0 2143 36 280 36 3888 36 1741 0 3889 0 397 0 189 279 1599 279 1741 279 1599 0 799 0 3889 0 55 0 1197 0 1159 0 397 0 2283 0 1197 0 2283 309 859 309 3890 309 858 0 2278 0 2280 0 400 0 1744 0 2278 0 1744 21 192 21 3891 21 1885 0 3892 0 541 0 72 21 1200 21 1885 21 3892 269 1200 269 2278 269 189 294 1341 294 1599 294 541 36 2279 36 1341 36 2279 322 858 322 3893 322 2274 0 3894 0 857 0 544 39 1888 39 2274 39 3894 295 1888 295 1806 295 2142 279 3895 279 798 279 2142 294 192 294 3895 294 1344 0 544 0 3895 0 280 294 1598 294 1600 294 798 0 2275 0 1598 0 3896 0 2275 0 2273 0 2270 0 3897 0 856 0 803 0 2147 0 2270 0 2147 0 281 0 3897 0 401 242 1745 242 2271 242 193 0 1603 0 1745 0 1603 0 803 0 3898 0 1201 281 3899 281 35 281 401 175 2271 175 1201 175 2271 0 856 0 3899 0 2266 0 3900 0 855 0 404 0 1748 0 2266 0 1748 0 196 0 3900 0 1889 270 3901 270 545 270 73 290 1204 290 1889 290 1204 322 404 322 3901 322 1345 0 3902 0 193 0 545 279 2267 279 1345 279 2267 0 855 0 3902 0 2262 0 3903 0 854 0 548 0 1892 0 2262 0 1892 0 53 0 3903 0 2146 0 3904 0 802 0 196 0 1348 0 2146 0 1348 268 548 268 3904 268 1602 330 3905 330 281 330 802 0 2263 0 1602 0 2263 265 854 265 3905 265 2258 21 3906 21 853 21 807 0 2151 0 2258 0 2151 0 282 0 3906 0 1749 270 3907 270 405 270 197 270 1607 270 1749 270 1607 0 807 0 3907 0 1205 0 3908 0 52 0 1205 0 405 0 3908 0 2259 290 853 290 3908 290 2254 270 3909 270 852 270 408 0 1752 0 2254 0 1752 279 200 279 3909 279 549 302 1893 302 2255 302 74 0 1208 0 1893 0 1208 0 408 0 3910 0 1349 290 3911 290 197 290 549 268 2255 268 1349 268 2255 0 852 0 3911 0 2250 0 3912 0 851 0 552 0 1896 0 2250 0 3912 0 1896 0 1795 0 2150 0 3913 0 806 0 200 0 1352 0 2150 0 1352 0 552 0 3913 0 1606 0 3914 0 282 0 806 0 2251 0 1606 0 2251 0 851 0 3914 0 2246 279 3915 279 850 279 2246 294 811 294 3915 294 2155 0 283 0 3915 0 1753 290 3916 290 409 290 201 0 1611 0 1753 0 1611 44 811 44 3916 44 1209 0 3917 0 51 0 409 279 2247 279 1209 279 2247 0 850 0 3917 0 2242 36 3918 36 849 36 412 0 1756 0 2242 0 1756 0 204 0 3918 0 1897 21 3919 21 553 21 75 36 1212 36 1897 36 3919 293 1212 293 2242 293 1353 0 3920 0 201 0 553 36 2243 36 1353 36 2243 266 849 266 3920 266 2238 0 3921 0 848 0 556 264 1900 264 2238 264 1900 0 50 0 3921 0 2154 0 3922 0 810 0 204 0 1356 0 2154 0 1356 0 556 0 3922 0 1610 264 3923 264 283 264 810 0 2239 0 1610 0 2239 264 848 264 3923 264 2234 0 3924 0 847 0 815 0 2159 0 2234 0 3924 0 2159 0 2157 0 413 0 1757 0 2235 0 1757 443 205 443 3925 443 1615 270 815 270 3925 270 1213 0 3926 0 36 0 413 52 2235 52 1213 52 3926 444 2235 444 2233 444 2230 0 3927 0 846 0 416 290 1760 290 2230 290 1760 0 208 0 3927 0 557 443 1901 443 2231 443 76 52 1216 52 1901 52 1216 44 416 44 3928 44 1357 52 3929 52 205 52 1357 0 557 0 3929 0 3929 293 2231 293 2229 293 845 0 2226 0 2228 0 2226 295 560 295 3930 295 3930 0 1904 0 1801 0 2158 268 3931 268 814 268 208 264 1360 264 2158 264 1360 39 560 39 3931 39 1614 283 3932 283 284 283 814 268 2227 268 1614 268 2227 0 845 0 3932 0 2222 176 3933 176 844 176 819 268 2163 268 2222 268 2163 0 285 0 3933 0 417 242 1761 242 2223 242 1761 0 209 0 3934 0 1619 279 819 279 3934 279 1217 0 3935 0 48 0 1217 0 417 0 3935 0 2223 176 844 176 3935 176 2218 0 3936 0 843 0 420 279 1764 279 2218 279 1764 0 212 0 3936 0 561 294 1905 294 2219 294 77 0 1220 0 1905 0 3937 0 1220 0 2218 0 209 445 1361 445 1619 445 1361 0 561 0 3938 0 3938 294 2219 294 2217 294 2214 0 3939 0 842 0 2214 0 564 0 3939 0 3939 294 1908 294 1783 294 2162 0 3940 0 818 0 2162 0 212 0 3940 0 3940 302 1364 302 2214 302 1618 21 3941 21 285 21 818 0 2215 0 1618 0 2215 268 842 268 3941 268 2210 244 3942 244 841 244 823 0 2167 0 2210 0 2167 446 286 446 3942 446 1765 63 3943 63 421 63 213 0 1623 0 1765 0 1623 0 823 0 3943 0 1221 447 3944 447 47 447 421 0 2211 0 1221 0 3944 444 2211 444 2209 444 2206 0 3945 0 840 0 424 63 1768 63 2206 63 1768 448 216 448 3945 448 1909 266 3946 266 565 266 78 0 1224 0 1909 0 1224 63 424 63 3946 63 1365 44 3947 44 213 44 565 0 2207 0 1365 0 2207 0 840 0 3947 0 2202 0 3948 0 839 0 568 63 1912 63 2202 63 3948 392 1912 392 1786 392 2166 0 3949 0 822 0 216 0 1368 0 2166 0 3949 0 1368 0 2202 0 1622 0 3950 0 286 0 822 0 2203 0 1622 0 2203 0 839 0 3950 0 2198 0 3951 0 838 0 827 0 2171 0 2198 0 2171 268 287 268 3951 268 1769 0 3952 0 425 0 217 266 1627 266 1769 266 1627 0 827 0 3952 0 1225 0 3953 0 40 0 425 44 2199 44 1225 44 3953 285 2199 285 2197 285 2194 0 3954 0 837 0 428 266 1772 266 2194 266 1772 0 220 0 3954 0 1913 0 3955 0 569 0 1913 0 79 0 3955 0 1228 63 428 63 3955 63 1369 270 3956 270 217 270 1369 285 569 285 3956 285 2195 0 837 0 3956 0 2190 0 3957 0 836 0 572 0 1916 0 2190 0 1916 0 33 0 3957 0 2170 0 3958 0 826 0 2170 0 220 0 3958 0 3958 293 1372 293 2190 293 287 0 1626 0 1628 0 1626 285 826 285 3959 285 3959 0 2191 0 2189 0 835 0 2186 0 2188 0 831 0 2175 0 2186 0 2175 279 288 279 3960 279 1773 0 3961 0 429 0 221 0 1631 0 1773 0 1631 268 831 268 3961 268 1229 270 3962 270 44 270 1229 294 429 294 3962 294 2187 268 835 268 3962 268 2182 21 3963 21 834 21 432 0 1776 0 2182 0 1776 0 224 0 3963 0 1917 0 3964 0 573 0 80 0 1232 0 1917 0 1232 270 432 270 3964 270 1373 0 3965 0 221 0 573 279 2183 279 1373 279 2183 268 834 268 3965 268 2178 0 3966 0 833 0 576 322 1920 322 2178 322 1920 0 27 0 3966 0 830 294 2174 294 2179 294 224 0 1376 0 2174 0 3967 0 1376 0 2178 0 288 302 1630 302 1632 302 1630 0 830 0 3968 0 2179 21 833 21 3968 21 832 0 2177 0 2176 0 2177 269 833 269 3969 269 2180 0 435 0 3969 0 2181 0 3970 0 831 0 834 0 2184 0 2181 0 2184 0 830 0 3970 0 2185 36 3971 36 348 36 835 0 2188 0 2185 0 3971 0 2188 0 1629 0 2189 292 3972 292 828 292 2189 293 836 293 3972 293 2192 270 441 270 3972 270 827 0 2193 0 2171 0 837 268 2196 268 2193 268 3973 0 2196 0 1626 0 344 0 2197 0 1688 0 838 0 2200 0 2197 0 2200 280 825 280 3974 280 824 301 2201 301 2168 301 839 0 2204 0 2201 0 2204 0 442 0 3975 0 823 0 2205 0 2167 0 2205 285 840 285 3976 285 2208 0 822 0 3976 0 2209 0 3977 0 351 0 841 0 2212 0 2209 0 2212 0 821 0 3977 0 2213 305 3978 305 820 305 842 0 2216 0 2213 0 2216 279 439 279 3978 279 2217 0 3979 0 819 0 843 0 2220 0 2217 0 2220 0 818 0 3979 0 352 0 2221 0 1696 0 844 0 2224 0 2221 0 2224 365 817 365 3980 365 2225 449 3981 449 816 449 845 0 2228 0 2225 0 2228 26 457 26 3981 26 2229 299 3982 299 815 299 846 0 2232 0 2229 0 2232 264 814 264 3982 264 340 0 2233 0 1684 0 847 72 2236 72 2233 72 2236 0 813 0 3983 0 2237 0 3984 0 812 0 2237 0 848 0 3984 0 2240 26 458 26 3984 26 811 0 2241 0 2155 0 849 0 2244 0 2241 0 2244 265 810 265 3985 265 2245 0 3986 0 355 0 850 0 2248 0 2245 0 2248 268 809 268 3986 268 808 286 2249 286 2152 286 851 309 2252 309 2249 309 3987 0 2252 0 1251 0 2253 279 3988 279 807 279 852 270 2256 270 2253 270 2256 0 806 0 3988 0 2257 450 3989 450 356 450 2257 302 853 302 3989 302 2260 270 805 270 3989 270 2261 330 3990 330 804 330 854 264 2264 264 2261 264 2264 451 461 451 3990 451 2265 36 3991 36 803 36 855 21 2268 21 2265 21 3991 294 2268 294 1602 294 339 261 2269 261 1683 261 856 0 2272 0 2269 0 2272 0 801 0 3992 0 2273 0 3993 0 800 0 857 26 2276 26 2273 26 2276 336 462 336 3993 336 2277 268 3994 268 799 268 858 0 2280 0 2277 0 3994 294 2280 294 1598 294 2281 36 3995 36 359 36 859 0 2284 0 2281 0 3995 0 2284 0 1597 0 796 0 2285 0 2140 0 860 268 2288 268 2285 268 2288 270 454 270 3996 270 2289 0 3997 0 795 0 861 0 2292 0 2289 0 2292 0 794 0 3997 0 2293 0 3998 0 360 0 862 0 2296 0 2293 0 2296 0 793 0 3998 0 2297 0 3999 0 792 0 863 264 2300 264 2297 264 2300 0 465 0 3999 0 2301 268 4000 268 791 268 2301 302 864 302 4000 302 2304 270 790 270 4000 270 332 0 2305 0 1676 0 2305 302 865 302 4001 302 2308 0 789 0 4001 0 2309 0 4002 0 788 0 866 0 2312 0 2309 0 2312 0 466 0 4002 0 2313 290 4003 290 787 290 2313 302 867 302 4003 302 2316 0 786 0 4003 0 2317 279 4004 279 363 279 868 270 2320 270 2317 270 4004 0 2320 0 1585 0 2321 0 4005 0 784 0 869 0 2324 0 2321 0 2324 270 453 270 4005 270 2325 0 4006 0 783 0 870 0 2328 0 2325 0 2328 0 782 0 4006 0 2329 266 4007 266 364 266 2329 285 871 285 4007 285 2332 0 781 0 4007 0 780 0 2333 0 2124 0 872 0 2336 0 2333 0 2336 265 469 265 4008 265 2337 279 4009 279 779 279 873 270 2340 270 2337 270 2340 0 778 0 4009 0 336 0 2341 0 1680 0 874 268 2344 268 2341 268 2344 0 777 0 4010 0 2345 264 4011 264 776 264 875 265 2348 265 2345 265 2348 264 470 264 4011 264 2349 0 4012 0 775 0 876 290 2352 290 2349 290 2352 0 774 0 4012 0 2353 270 4013 270 367 270 877 270 2356 270 2353 270 2356 0 773 0 4013 0 2357 0 4014 0 772 0 878 0 2360 0 2357 0 2360 268 447 268 4014 268 2361 0 4015 0 771 0 879 290 2364 290 2361 290 4015 0 2364 0 1570 0 2365 0 4016 0 368 0 880 0 2368 0 2365 0 2368 0 769 0 4016 0 2369 0 4017 0 768 0 881 0 2372 0 2369 0 2372 268 513 268 4017 268 2373 21 4018 21 767 21 882 279 2376 279 2373 279 2376 0 766 0 4018 0 2377 279 4019 279 328 279 883 0 2380 0 2377 0 2380 26 765 26 4019 26 2381 279 4020 279 764 279 884 0 2384 0 2381 0 2384 431 514 431 4020 431 2385 0 4021 0 763 0 885 0 2388 0 2385 0 4021 0 2388 0 1562 0 2389 0 4022 0 371 0 886 21 2392 21 2389 21 2392 39 761 39 4022 39 2393 0 4023 0 760 0 887 136 2396 136 2393 136 4023 432 2396 432 1287 432 759 294 2397 294 2103 294 888 0 2400 0 2397 0 2400 0 758 0 4024 0 2401 0 4025 0 372 0 2401 0 889 0 4025 0 2404 279 757 279 4025 279 2405 0 4026 0 756 0 890 0 2408 0 2405 0 2408 0 517 0 4026 0 2409 270 4027 270 755 270 2409 393 891 393 4027 393 4027 0 2412 0 1554 0 327 393 2413 393 1671 393 892 452 2416 452 2413 452 2416 0 753 0 4028 0 2417 292 4029 292 752 292 893 0 2420 0 2417 0 2420 453 518 453 4029 453 2421 153 4030 153 751 153 894 0 2424 0 2421 0 2424 0 750 0 4030 0 2425 454 4031 454 375 454 895 0 2428 0 2425 0 2428 0 749 0 4031 0 2429 0 4032 0 748 0 896 222 2432 222 2429 222 2432 0 510 0 4032 0 2433 0 4033 0 747 0 897 62 2436 62 2433 62 2436 455 746 455 4033 455 2437 0 4034 0 376 0 2437 0 898 0 4034 0 2440 265 745 265 4034 265 2441 44 4035 44 744 44 2441 0 899 0 4035 0 4035 293 2444 293 1321 293 743 0 2445 0 2087 0 900 270 2448 270 2445 270 2448 268 742 268 4036 268 2449 153 4037 153 296 153 901 0 2452 0 2449 0 2452 270 741 270 4037 270 2453 0 4038 0 740 0 2453 0 902 0 4038 0 2456 292 522 292 4038 292 2457 420 4039 420 739 420 903 0 2460 0 2457 0 2460 292 738 292 4039 292 2461 0 4040 0 379 0 904 53 2464 53 2461 53 4040 285 2464 285 1537 285 2465 0 4041 0 736 0 2465 0 905 0 4041 0 2468 26 509 26 4041 26 2469 270 4042 270 735 270 2469 294 906 294 4042 294 4042 0 2472 0 1534 0 2473 0 4043 0 380 0 2473 0 907 0 4043 0 4043 307 2476 307 1533 307 2477 0 4044 0 732 0 908 0 2480 0 2477 0 2480 0 525 0 4044 0 2481 268 4045 268 731 268 909 0 2484 0 2481 0 2484 21 730 21 4045 21 2485 279 4046 279 324 279 910 290 2488 290 2485 290 2488 279 729 279 4046 279 2489 44 4047 44 728 44 911 0 2492 0 2489 0 2492 0 526 0 4047 0 2493 21 4048 21 727 21 912 431 2496 431 2493 431 4048 406 2496 406 1526 406 2497 270 4049 270 383 270 2497 294 913 294 4049 294 2500 0 725 0 4049 0 724 0 2501 0 2068 0 914 0 2504 0 2501 0 2504 456 493 456 4050 456 723 0 2505 0 2067 0 915 91 2508 91 2505 91 2508 0 722 0 4051 0 2509 63 4052 63 384 63 916 0 2512 0 2509 0 2512 270 721 270 4052 270 2513 270 4053 270 720 270 917 0 2516 0 2513 0 2516 78 529 78 4053 78 2517 290 4054 290 719 290 918 268 2520 268 2517 268 2520 0 718 0 4054 0 2521 268 4055 268 323 268 919 0 2524 0 2521 0 2524 309 717 309 4055 309 716 0 2525 0 2060 0 2525 406 920 406 4056 406 2528 0 530 0 4056 0 2529 270 4057 270 715 270 921 106 2532 106 2529 106 2532 0 714 0 4057 0 2533 279 4058 279 387 279 2533 294 922 294 4058 294 2536 0 713 0 4058 0 2537 0 4059 0 712 0 923 455 2540 455 2537 455 4059 457 2540 457 1306 457 2541 0 4060 0 711 0 924 0 2544 0 2541 0 2544 0 710 0 4060 0 2545 279 4061 279 388 279 925 270 2548 270 2545 270 2548 0 709 0 4061 0 2549 0 4062 0 708 0 926 0 2552 0 2549 0 2552 0 533 0 4062 0 2553 0 4063 0 707 0 927 279 2556 279 2553 279 2556 0 706 0 4063 0 2557 0 4064 0 292 0 928 279 2560 279 2557 279 2560 0 705 0 4064 0 2561 0 4065 0 704 0 929 36 2564 36 2561 36 2564 78 534 78 4065 78 703 294 2565 294 2047 294 930 279 2568 279 2565 279 2568 0 702 0 4066 0 2569 279 4067 279 391 279 931 270 2572 270 2569 270 2572 0 701 0 4067 0 700 0 2573 0 2044 0 932 268 2576 268 2573 268 2576 0 505 0 4068 0 699 302 2577 302 2043 302 933 21 2580 21 2577 21 2580 21 698 21 4069 21 2581 0 4070 0 392 0 934 0 2584 0 2581 0 2584 0 697 0 4070 0 2585 0 4071 0 696 0 935 0 2588 0 2585 0 2588 0 537 0 4071 0 2589 0 4072 0 695 0 936 0 2592 0 2589 0 2592 270 694 270 4072 270 2593 0 4073 0 320 0 937 0 2596 0 2593 0 2596 0 693 0 4073 0 2597 0 4074 0 692 0 2597 0 938 0 4074 0 4074 323 2600 323 1338 323 2601 0 4075 0 691 0 939 0 2604 0 2601 0 2604 0 690 0 4075 0 2605 21 4076 21 395 21 940 0 2608 0 2605 0 4076 0 2608 0 1489 0 2609 292 4077 292 688 292 941 268 2612 268 2609 268 2612 270 494 270 4077 270 2613 0 4078 0 687 0 942 266 2616 266 2613 266 4078 0 2616 0 1486 0 2617 0 4079 0 396 0 943 63 2620 63 2617 63 2620 266 685 266 4079 266 2621 21 4080 21 684 21 944 0 2624 0 2621 0 4080 0 2624 0 1341 0 2625 0 4081 0 683 0 945 21 2628 21 2625 21 4081 269 2628 269 1482 269 2629 0 4082 0 319 0 946 0 2632 0 2629 0 2632 270 681 270 4082 270 2633 0 4083 0 680 0 947 0 2636 0 2633 0 2636 0 542 0 4083 0 2637 0 4084 0 679 0 948 279 2640 279 2637 279 2640 0 678 0 4084 0 2641 0 4085 0 399 0 949 0 2644 0 2641 0 2644 0 677 0 4085 0 2645 270 4086 270 676 270 2645 295 950 295 4086 295 2648 0 502 0 4086 0 2649 290 4087 290 675 290 951 268 2652 268 2649 268 2652 0 674 0 4087 0 2653 279 4088 279 400 279 952 270 2656 270 2653 270 2656 0 673 0 4088 0 672 325 2657 325 2016 325 2657 0 953 0 4089 0 2660 78 545 78 4089 78 2661 0 4090 0 671 0 954 0 2664 0 2661 0 2664 268 670 268 4090 268 299 277 2665 277 1643 277 955 0 2668 0 2665 0 2668 0 669 0 4091 0 2669 0 4092 0 668 0 2669 0 956 0 4092 0 2672 322 546 322 4092 322 667 0 2673 0 2011 0 2673 302 957 302 4093 302 2676 0 666 0 4093 0 2677 0 4094 0 403 0 958 0 2680 0 2677 0 2680 0 665 0 4094 0 2681 0 4095 0 664 0 959 0 2684 0 2681 0 2684 0 501 0 4095 0 2685 0 4096 0 663 0 960 0 2688 0 2685 0 2688 0 662 0 4096 0 2689 0 4097 0 404 0 961 0 2692 0 2689 0 4097 0 2692 0 1461 0 2693 21 4098 21 660 21 962 0 2696 0 2693 0 2696 0 549 0 4098 0 2697 36 4099 36 659 36 963 21 2700 21 2697 21 4099 295 2700 295 1458 295 2701 0 4100 0 316 0 964 0 2704 0 2701 0 2704 268 657 268 4100 268 2705 270 4101 270 656 270 2705 294 965 294 4101 294 2708 0 550 0 4101 0 2709 0 4102 0 655 0 966 0 2712 0 2709 0 2712 0 654 0 4102 0 2713 0 4103 0 407 0 967 0 2716 0 2713 0 2716 0 653 0 4103 0 2717 322 4104 322 652 322 968 270 2720 270 2717 270 2720 0 491 0 4104 0 2721 0 4105 0 651 0 969 21 2724 21 2721 21 2724 290 650 290 4105 290 2725 0 4106 0 408 0 970 0 2728 0 2725 0 2728 0 649 0 4106 0 2729 292 4107 292 648 292 971 0 2732 0 2729 0 2732 292 553 292 4107 292 647 0 2733 0 1991 0 2733 393 972 393 4108 393 4108 0 2736 0 1446 0 2737 273 4109 273 315 273 2737 393 973 393 4109 393 2740 0 645 0 4109 0 2741 0 4110 0 644 0 974 0 2744 0 2741 0 2744 0 554 0 4110 0 2745 0 4111 0 643 0 975 0 2748 0 2745 0 2748 0 642 0 4111 0 2749 153 4112 153 411 153 976 420 2752 420 2749 420 2752 0 641 0 4112 0 2753 0 4113 0 640 0 977 0 2756 0 2753 0 2756 0 498 0 4113 0 2757 36 4114 36 639 36 978 290 2760 290 2757 290 4114 0 2760 0 1438 0 2761 0 4115 0 412 0 2761 0 979 0 4115 0 2764 39 637 39 4115 39 2765 63 4116 63 636 63 980 0 2768 0 2765 0 2768 270 557 270 4116 270 2769 153 4117 153 635 153 2769 0 981 0 4117 0 4117 285 2772 285 1434 285 2773 0 4118 0 300 0 982 0 2776 0 2773 0 2776 0 633 0 4118 0 2777 0 4119 0 632 0 983 266 2780 266 2777 266 2780 0 558 0 4119 0 631 393 2781 393 1975 393 984 0 2784 0 2781 0 2784 0 630 0 4120 0 2785 0 4121 0 415 0 985 390 2788 390 2785 390 2788 268 629 268 4121 268 628 295 2789 295 1972 295 986 0 2792 0 2789 0 2792 0 497 0 4122 0 2793 270 4123 270 627 270 987 270 2796 270 2793 270 2796 0 626 0 4123 0 2797 0 4124 0 416 0 988 0 2800 0 2797 0 2800 0 625 0 4124 0 2801 305 4125 305 624 305 2801 294 989 294 4125 294 2804 268 561 268 4125 268 623 0 2805 0 1967 0 2805 294 990 294 4126 294 2808 0 622 0 4126 0 2809 51 4127 51 312 51 991 0 2812 0 2809 0 4127 0 2812 0 1421 0 2813 21 4128 21 620 21 992 279 2816 279 2813 279 2816 0 562 0 4128 0 2817 0 4129 0 619 0 993 0 2820 0 2817 0 4129 0 2820 0 1418 0 419 0 2821 0 1763 0 2821 294 994 294 4130 294 2824 0 617 0 4130 0 2825 0 4131 0 616 0 2825 0 995 0 4131 0 4131 302 2828 302 1279 302 2829 0 4132 0 615 0 996 0 2832 0 2829 0 2832 0 614 0 4132 0 2833 0 4133 0 420 0 997 290 2836 290 2833 290 2836 0 613 0 4133 0 2837 303 4134 303 612 303 998 268 2840 268 2837 268 2840 267 565 267 4134 267 2841 299 4135 299 611 299 999 270 2844 270 2841 270 2844 0 610 0 4135 0 2845 49 4136 49 311 49 1000 0 2848 0 2845 0 2848 175 609 175 4136 175 2849 0 4137 0 608 0 1001 63 2852 63 2849 63 2852 458 566 458 4137 458 2853 0 4138 0 607 0 1002 0 2856 0 2853 0 2856 268 606 268 4138 268 2857 0 4139 0 423 0 1003 0 2860 0 2857 0 2860 0 605 0 4139 0 2861 0 4140 0 604 0 1004 44 2864 44 2861 44 2864 391 482 391 4140 391 2865 0 4141 0 603 0 1005 0 2868 0 2865 0 2868 0 602 0 4141 0 424 0 2869 0 1768 0 2869 285 1006 285 4142 285 2872 0 601 0 4142 0 600 0 2873 0 1944 0 1007 270 2876 270 2873 270 2876 0 569 0 4143 0 2877 0 4144 0 599 0 1008 36 2880 36 2877 36 2880 36 598 36 4144 36 304 0 2881 0 1648 0 2881 302 1009 302 4145 302 2884 0 597 0 4145 0 2885 0 4146 0 596 0 2885 0 1010 0 4146 0 2888 44 570 44 4146 44 2889 0 4147 0 595 0 1011 36 2892 36 2889 36 4147 302 2892 302 1394 302 2893 0 4148 0 427 0 1012 0 2896 0 2893 0 2896 270 593 270 4148 270 2897 0 4149 0 592 0 1013 0 2900 0 2897 0 2900 268 481 268 4149 268 2901 0 4150 0 591 0 1014 0 2904 0 2901 0 2904 0 590 0 4150 0 2905 0 4151 0 428 0 1015 44 2908 44 2905 44 2908 419 589 419 4151 419 2909 0 4152 0 588 0 1016 0 2912 0 2909 0 4152 0 2912 0 1373 0 2913 0 4153 0 587 0 2913 0 1017 0 4153 0 4153 295 2916 295 1386 295 2917 279 4154 279 308 279 1018 0 2920 0 2917 0 2920 264 585 264 4154 264 584 294 2921 294 1928 294 1019 36 2924 36 2921 36 2924 279 574 279 4155 279 2925 0 4156 0 583 0 1020 0 2928 0 2925 0 2928 0 582 0 4156 0 2929 0 4157 0 431 0 2929 0 1021 0 4157 0 4157 307 2932 307 1381 307 2933 78 4158 78 580 78 1022 80 2936 80 2933 80 2936 290 475 290 4158 290 2937 0 4159 0 579 0 1023 0 2940 0 2937 0 2940 0 578 0 4159 0 2941 0 4160 0 432 0 1024 0 2944 0 2941 0 2944 0 577 0 4160 0 2945 270 4161 270 576 270 2945 269 1025 269 4161 269 2948 0 331 0 4161 0 2949 0 4162 0 575 0 1026 0 2952 0 2949 0 4162 0 2952 0 1230 0 2953 268 4163 268 452 268 1027 0 2956 0 2953 0 2956 21 429 21 4163 21 2957 0 4164 0 572 0 1028 292 2960 292 2957 292 2960 0 337 0 4164 0 2961 0 4165 0 571 0 1029 0 2964 0 2961 0 2964 0 426 0 4165 0 2965 0 4166 0 448 0 1030 0 2968 0 2965 0 2968 0 425 0 4166 0 2969 0 4167 0 568 0 2969 0 1031 0 4167 0 4167 311 2972 311 1138 311 2973 0 4168 0 567 0 1032 0 2976 0 2973 0 2976 0 422 0 4168 0 2977 0 4169 0 455 0 2977 0 1033 0 4169 0 2980 459 421 459 4169 459 2981 326 4170 326 564 326 2981 269 1034 269 4170 269 2984 0 335 0 4170 0 2985 212 4171 212 563 212 1035 270 2988 270 2985 270 2988 0 418 0 4171 0 2989 49 4172 49 456 49 1036 0 2992 0 2989 0 2992 0 417 0 4172 0 2993 0 4173 0 560 0 1037 0 2996 0 2993 0 2996 0 353 0 4173 0 2997 0 4174 0 559 0 1038 0 3000 0 2997 0 3000 0 414 0 4174 0 3001 0 4175 0 444 0 1039 44 3004 44 3001 44 3004 44 413 44 4175 44 556 295 3005 295 1900 295 1040 264 3008 264 3005 264 3008 0 354 0 4176 0 3009 292 4177 292 555 292 1041 0 3012 0 3009 0 3012 292 410 292 4177 292 3013 272 4178 272 459 272 1042 268 3016 268 3013 268 3016 0 409 0 4178 0 3017 0 4179 0 552 0 1043 0 3020 0 3017 0 3020 0 347 0 4179 0 3021 0 4180 0 551 0 1044 279 3024 279 3021 279 4180 0 3024 0 1206 0 460 460 3025 460 1804 460 1045 279 3028 279 3025 279 3028 268 405 268 4181 268 3029 0 4182 0 548 0 1046 0 3032 0 3029 0 3032 0 357 0 4182 0 3033 276 4183 276 547 276 1047 0 3036 0 3033 0 3036 80 402 80 4183 80 443 0 3037 0 1787 0 1048 175 3040 175 3037 175 3040 72 401 72 4184 72 3041 0 4185 0 544 0 1049 0 3044 0 3041 0 3044 0 358 0 4185 0 3045 279 4186 279 543 279 1050 0 3048 0 3045 0 4186 286 3048 286 1198 286 3049 0 4187 0 463 0 3049 0 1051 0 4187 0 3052 322 397 322 4187 322 3053 292 4188 292 540 292 3053 293 1052 293 4188 293 3056 0 350 0 4188 0 3057 266 4189 266 539 266 1053 0 3060 0 3057 0 3060 266 394 266 4189 266 3061 461 4190 461 464 461 1054 0 3064 0 3061 0 3064 266 393 266 4190 266 3065 265 4191 265 536 265 3065 307 1055 307 4191 307 3068 270 361 270 4191 270 3069 0 4192 0 535 0 1056 0 3072 0 3069 0 3072 0 390 0 4192 0 3073 0 4193 0 436 0 1057 0 3076 0 3073 0 3076 0 389 0 4193 0 3077 265 4194 265 532 265 1058 264 3080 264 3077 264 3080 451 362 451 4194 451 3081 0 4195 0 531 0 3081 0 1059 0 4195 0 4195 286 3084 286 1186 286 3085 279 4196 279 467 279 1060 0 3088 0 3085 0 4196 286 3088 286 1185 286 528 285 3089 285 1872 285 1061 0 3092 0 3089 0 3092 0 349 0 4197 0 3093 0 4198 0 527 0 1062 0 3096 0 3093 0 3096 0 382 0 4198 0 468 293 3097 293 1812 293 1063 0 3100 0 3097 0 3100 270 381 270 4199 270 3101 0 4200 0 524 0 1064 0 3104 0 3101 0 3104 0 365 0 4200 0 3105 63 4201 63 523 63 3105 0 1065 0 4201 0 3108 292 378 292 4201 292 3109 266 4202 266 440 266 1066 270 3112 270 3109 270 3112 0 377 0 4202 0 3113 0 4203 0 520 0 1067 265 3116 265 3113 265 3116 0 366 0 4203 0 3117 270 4204 270 519 270 3117 285 1068 285 4204 285 3120 268 374 268 4204 268 3121 0 4205 0 471 0 1069 0 3124 0 3121 0 4205 0 3124 0 1173 0 3125 0 4206 0 516 0 1070 0 3128 0 3125 0 3128 0 343 0 4206 0 3129 0 4207 0 515 0 1071 0 3132 0 3129 0 3132 0 370 0 4207 0 3133 0 4208 0 472 0 1072 0 3136 0 3133 0 3136 0 369 0 4208 0 3137 0 4209 0 512 0 3137 0 1073 0 4209 0 3140 36 303 36 4209 36 3141 39 4210 39 511 39 3141 0 1074 0 4210 0 4210 307 3144 307 1126 307 480 0 3145 0 1824 0 1075 268 3148 268 3145 268 3148 270 325 270 4211 270 3149 270 4212 270 508 270 3149 285 1076 285 4212 285 3152 0 309 0 4212 0 3153 0 4213 0 507 0 1077 0 3156 0 3153 0 3156 0 322 0 4213 0 3157 270 4214 270 476 270 1078 265 3160 265 3157 265 3160 26 321 26 4214 26 504 462 3161 462 1848 462 1079 0 3164 0 3161 0 3164 0 310 0 4215 0 3165 0 4216 0 503 0 1080 264 3168 264 3165 264 3168 0 318 0 4216 0 483 282 3169 282 1827 282 1081 0 3172 0 3169 0 3172 0 317 0 4217 0 3173 272 4218 272 500 272 1082 268 3176 268 3173 268 3176 0 307 0 4218 0 3177 272 4219 272 499 272 1083 0 3180 0 3177 0 3180 39 314 39 4219 39 3181 255 4220 255 484 255 1084 0 3184 0 3181 0 3184 175 313 175 4220 175 3185 0 4221 0 496 0 1085 0 3188 0 3185 0 3188 0 295 0 4221 0 3189 69 4222 69 495 69 3189 444 1086 444 4222 444 3192 0 298 0 4222 0 3193 0 4223 0 488 0 1087 0 3196 0 3193 0 3196 0 297 0 4223 0 3197 0 4224 0 492 0 1088 0 3200 0 3197 0 3200 0 291 0 4224 0</p>
        </polylist>
      </mesh>
    </geometry>
  </library_geometries>
  <library_controllers/>
  <library_visual_scenes>
    <visual_scene id="Scene" name="Scene">
      <node id="Plane" name="Plane" type="NODE">
        <matrix sid="transform">18.51591 0 0 0 0 18.51591 0 0 0 0 18.51591 -0.03703336 0 0 0 1</matrix>
        <instance_geometry url="#Plane-mesh" name="Plane">
          <bind_material>
            <technique_common>
              <instance_material symbol="Material_005-material" target="#Material_005-material"/>
            </technique_common>
          </bind_material>
        </instance_geometry>
      </node>
    </visual_scene>
  </library_visual_scenes>
  <scene>
    <instance_visual_scene url="#Scene"/>
  </scene>
</COLLADA>