<?xml version="1.0" encoding="utf-8"?>
<COLLADA xmlns="http://www.collada.org/2005/11/COLLADASchema" version="1.4.1">
  <asset>
    <contributor>
      <author>Blender User</author>
      <authoring_tool>Blender 2.76.0 commit date:2015-10-11, commit time:06:55, hash:48f7dd6</authoring_tool>
    </contributor>
    <created>2016-11-26T18:13:34</created>
    <modified>2016-11-26T18:13:34</modified>
    <unit name="meter" meter="1"/>
    <up_axis>Z_UP</up_axis>
  </asset>
  <library_images/>
  <library_effects>
    <effect id="Material_002-effect">
      <profile_COMMON>
        <technique sid="common">
          <phong>
            <emission>
              <color sid="emission">0 0 0 1</color>
            </emission>
            <ambient>
              <color sid="ambient">0 0 0 1</color>
            </ambient>
            <diffuse>
              <color sid="diffuse">0.7999884 0.7999884 0.7999884 1</color>
            </diffuse>
            <specular>
              <color sid="specular">0.2677957 0.2994461 0.407021 1</color>
            </specular>
            <shininess>
              <float sid="shininess">14</float>
            </shininess>
            <index_of_refraction>
              <float sid="index_of_refraction">1</float>
            </index_of_refraction>
          </phong>
        </technique>
      </profile_COMMON>
    </effect>
    <effect id="Material_007-effect">
      <profile_COMMON>
        <technique sid="common">
          <phong>
            <emission>
              <color sid="emission">0 0 0 1</color>
            </emission>
            <ambient>
              <color sid="ambient">0 0 0 1</color>
            </ambient>
            <diffuse>
              <color sid="diffuse">0.5784344 0.5221068 0.4103632 1</color>
            </diffuse>
            <specular>
              <color sid="specular">0.2100123 0.1468144 0.1189887 1</color>
            </specular>
            <shininess>
              <float sid="shininess">21</float>
            </shininess>
            <index_of_refraction>
              <float sid="index_of_refraction">1</float>
            </index_of_refraction>
          </phong>
        </technique>
      </profile_COMMON>
    </effect>
    <effect id="Material_003-effect">
      <profile_COMMON>
        <technique sid="common">
          <phong>
            <emission>
              <color sid="emission">0 0 0 1</color>
            </emission>
            <ambient>
              <color sid="ambient">0 0 0 1</color>
            </ambient>
            <diffuse>
              <color sid="diffuse">0.02517374 0.009848648 0.03082846 1</color>
            </diffuse>
            <specular>
              <color sid="specular">9.34118e-4 3.33432e-4 0.02222744 1</color>
            </specular>
            <shininess>
              <float sid="shininess">101</float>
            </shininess>
            <index_of_refraction>
              <float sid="index_of_refraction">1</float>
            </index_of_refraction>
          </phong>
        </technique>
      </profile_COMMON>
    </effect>
    <effect id="Material_004-effect">
      <profile_COMMON>
        <technique sid="common">
          <phong>
            <emission>
              <color sid="emission">0 0 0 1</color>
            </emission>
            <ambient>
              <color sid="ambient">0 0 0 1</color>
            </ambient>
            <diffuse>
              <color sid="diffuse">0 0.1502366 0.2248077 1</color>
            </diffuse>
            <specular>
              <color sid="specular">0.1985946 0.2744262 0.07434021 1</color>
            </specular>
            <shininess>
              <float sid="shininess">9</float>
            </shininess>
            <index_of_refraction>
              <float sid="index_of_refraction">1</float>
            </index_of_refraction>
          </phong>
        </technique>
      </profile_COMMON>
    </effect>
    <effect id="Material_005-effect">
      <profile_COMMON>
        <technique sid="common">
          <phong>
            <emission>
              <color sid="emission">0 0 0 1</color>
            </emission>
            <ambient>
              <color sid="ambient">0 0 0 1</color>
            </ambient>
            <diffuse>
              <color sid="diffuse">0.1025915 0.04872154 0.08001795 1</color>
            </diffuse>
            <specular>
              <color sid="specular">0.02222744 0.02020548 0.01246445 1</color>
            </specular>
            <shininess>
              <float sid="shininess">1</float>
            </shininess>
            <index_of_refraction>
              <float sid="index_of_refraction">1</float>
            </index_of_refraction>
          </phong>
        </technique>
      </profile_COMMON>
    </effect>
    <effect id="Material_001-effect">
      <profile_COMMON>
        <technique sid="common">
          <phong>
            <emission>
              <color sid="emission">0 0 0 1</color>
            </emission>
            <ambient>
              <color sid="ambient">0 0 0 1</color>
            </ambient>
            <diffuse>
              <color sid="diffuse">0 0.01202866 0.64 1</color>
            </diffuse>
            <specular>
              <color sid="specular">0 0.4071212 0.5 1</color>
            </specular>
            <shininess>
              <float sid="shininess">81</float>
            </shininess>
            <index_of_refraction>
              <float sid="index_of_refraction">1</float>
            </index_of_refraction>
          </phong>
        </technique>
      </profile_COMMON>
    </effect>
    <effect id="Material_008-effect">
      <profile_COMMON>
        <technique sid="common">
          <phong>
            <emission>
              <color sid="emission">0 0 0 1</color>
            </emission>
            <ambient>
              <color sid="ambient">0 0 0 1</color>
            </ambient>
            <diffuse>
              <color sid="diffuse">0.08454631 0.0936759 0.05354594 1</color>
            </diffuse>
            <specular>
              <color sid="specular">0 9.99363e-4 0.04357016 1</color>
            </specular>
            <shininess>
              <float sid="shininess">1</float>
            </shininess>
            <index_of_refraction>
              <float sid="index_of_refraction">1</float>
            </index_of_refraction>
          </phong>
        </technique>
      </profile_COMMON>
    </effect>
  </library_effects>
  <library_materials>
    <material id="Material_002-material" name="Material_002">
      <instance_effect url="#Material_002-effect"/>
    </material>
    <material id="Material_007-material" name="Material_007">
      <instance_effect url="#Material_007-effect"/>
    </material>
    <material id="Material_003-material" name="Material_003">
      <instance_effect url="#Material_003-effect"/>
    </material>
    <material id="Material_004-material" name="Material_004">
      <instance_effect url="#Material_004-effect"/>
    </material>
    <material id="Material_005-material" name="Material_005">
      <instance_effect url="#Material_005-effect"/>
    </material>
    <material id="Material_001-material" name="Material_001">
      <instance_effect url="#Material_001-effect"/>
    </material>
    <material id="Material_008-material" name="Material_008">
      <instance_effect url="#Material_008-effect"/>
    </material>
  </library_materials>
  <library_geometries>
    <geometry id="Cylinder-mesh" name="Cylinder">
      <mesh>
        <source id="Cylinder-mesh-positions">
          <float_array id="Cylinder-mesh-positions-array" count="420">0 1 -0.9583165 0 1 1 0.1950902 0.9807853 1 0.1950902 0.9807853 -0.9583165 0.3826833 0.9238795 -0.9583165 0.5555701 0.8314695 -0.9583165 0.7071066 0.7071068 -0.9583165 0.8314695 0.5555702 -0.9583165 0.9238792 0.3826834 -0.9583165 0.9807854 0.1950903 -0.9583165 1 0 -0.9583165 0.9807854 -0.1950902 -0.9583165 0.9238796 -0.3826832 -0.9583165 0.8314695 -0.5555702 -0.9583165 0.7071066 -0.7071068 -0.9583165 0.5555701 -0.8314697 -0.9583165 0.3826833 -0.9238796 -0.9583165 0.1950902 -0.9807853 -0.9583165 -4.76837e-7 -1 -0.9583165 -0.1950907 -0.9807852 -0.9583165 -0.3826838 -0.9238793 -0.9583165 -0.5555711 -0.8314692 -0.9583165 -0.7071071 -0.7071064 -0.9583165 -0.83147 -0.5555697 -0.9583165 -0.9238801 -0.3826827 -0.9583165 -0.9807859 -0.1950894 -0.9583165 -1 9.65599e-7 -0.9583165 -0.9807849 0.1950913 -0.9583165 -0.9238796 0.3826845 -0.9583165 -0.8314695 0.5555713 -0.9583165 -0.7071061 0.7071077 -0.9583165 -0.5555697 0.8314704 -0.9583165 -0.3826823 0.9238801 -0.9583165 -0.1950888 0.9807856 -0.9583165 -0.1950888 0.9807856 1 0 0.8337737 1 0.162661 0.8177529 1 0.3826833 0.9238795 1 0.5555701 0.8314695 1 0.7071066 0.7071068 1 0.8314695 0.5555702 1 0.9238792 0.3826834 1 0.9807854 0.1950903 1 1 0 1 1 0 0.6260097 0.9888501 0.1132033 0.6260097 0.9888501 0.1132033 0 1 0 0 0.9888501 -0.1132033 0 0.9888501 -0.1132033 0.6260097 0.9807854 -0.1950902 1 0.9238796 -0.3826832 1 0.8314695 -0.5555702 1 0.7071066 -0.7071068 1 0.5555701 -0.8314697 1 0.3826833 -0.9238796 1 0.1950902 -0.9807853 1 -4.76837e-7 -1 1 -0.1950907 -0.9807852 1 -0.3826838 -0.9238793 1 -0.5555711 -0.8314692 1 -0.7071071 -0.7071064 1 -0.83147 -0.5555697 1 -0.9238801 -0.3826827 1 -0.9807859 -0.1950894 1 -1 9.65599e-7 1 -0.9807849 0.1950913 1 -0.9238796 0.3826845 1 -0.8314695 0.5555713 1 -0.7071061 0.7071077 1 -0.5555697 0.8314704 1 -0.3826823 0.9238801 1 -0.1626601 0.8177531 1 0.3190713 0.7703064 1 0 0.8337737 -0.001394152 0.162661 0.8177529 -0.001394152 0.4632197 0.6932575 1 0.5895667 0.589567 1 0.6932578 0.4632198 1 0.7703061 0.3190714 1 0.8177528 0.1626612 1 0.8337736 0 1 0.8177528 -0.162661 1 0.7703061 -0.3190712 1 0.6932578 -0.4632197 1 0.5895667 -0.5895669 1 0.4632197 -0.6932574 1 0.3190708 -0.7703064 1 0.162661 -0.8177528 1 -4.76837e-7 -0.8337735 1 -0.1626615 -0.8177527 1 -0.3190718 -0.7703062 1 -0.4632201 -0.6932571 1 -0.5895672 -0.5895666 1 -0.6932578 -0.4632192 1 -0.7703066 -0.3190706 1 -0.8177528 -0.1626604 1 -0.8337736 8.52463e-7 1 -0.8177528 0.162662 1 -0.7703061 0.3190723 1 -0.6932569 0.4632207 1 -0.5895662 0.5895678 1 -0.4632187 0.6932581 1 -0.3190703 0.7703069 1 -0.1626596 0.8177531 -0.001394152 0.3190713 0.7703064 -0.001394152 -0.3190703 0.7703069 -0.001394152 -0.4632187 0.6932581 -0.001394152 -0.5895662 0.5895678 -0.001394152 -0.6932569 0.4632207 -0.001394152 -0.7703061 0.3190723 -0.001394152 -0.8177528 0.162662 -0.001394152 -0.8337736 8.52463e-7 -0.001394152 -0.8177528 -0.1626604 -0.001394152 -0.7703066 -0.3190706 -0.001394152 -0.6932578 -0.4632192 -0.001394152 -0.5895672 -0.5895666 -0.001394152 -0.4632201 -0.6932571 -0.001394152 -0.3190718 -0.7703062 -0.001394152 -0.1626615 -0.8177527 -0.001394152 0 -0.8337735 -0.001394152 0.162661 -0.8177528 -0.001394152 0.3190708 -0.7703064 -0.001394152 0.4632197 -0.6932574 -0.001394152 0.5895672 -0.5895669 -0.001394152 0.6932578 -0.4632197 -0.001394152 0.7703066 -0.3190712 -0.001394152 0.8177528 -0.162661 -0.001394152 0.8337736 0 -0.001394152 0.8177528 0.1626612 -0.001394152 0.7703066 0.3190714 -0.001394152 0.6932578 0.4632198 -0.001394152 0.5895672 0.589567 -0.001394152 0.4632197 0.6932575 -0.001394152 0.8337736 0 0 0.8226242 0.1132033 0 0.8226237 0.1132033 0.6260097 0.8337736 0 0.6260097 0.8226237 -0.1132033 0.6260097 0.8226242 -0.1132033 0</float_array>
          <technique_common>
            <accessor source="#Cylinder-mesh-positions-array" count="140" stride="3">
              <param name="X" type="float"/>
              <param name="Y" type="float"/>
              <param name="Z" type="float"/>
            </accessor>
          </technique_common>
        </source>
        <source id="Cylinder-mesh-normals">
          <float_array id="Cylinder-mesh-normals-array" count="537">0.09801727 0.9951847 0 1.29031e-7 0 -1 -0.0980165 0.9951848 0 0 0 1 0.2902849 0.9569404 0 0.471397 0.8819212 0 0.6343935 0.7730104 0 0.7730101 0.6343939 0 0.8819218 0.4713957 0 0.9569397 0.290287 0 0.9951855 0.09801024 0 0.9951854 -0.09801042 0 0.9569404 -0.2902848 0 0.8819212 -0.4713968 0 0.7730103 -0.6343935 0 0.6343935 -0.7730103 0 0.4713966 -0.8819214 0 0.2902845 -0.9569404 0 0.09801703 -0.9951848 0 -0.09801757 -0.9951847 0 -0.2902854 -0.9569402 0 -0.4713963 -0.8819216 0 -0.634395 -0.7730092 0 -0.7730106 -0.6343932 0 -0.8819211 -0.4713972 0 -0.9569404 -0.2902845 0 -0.995185 -0.09801441 0 -0.9951846 0.0980187 0 -0.9569411 0.2902824 0 -0.8819211 0.4713971 0 -0.7730088 0.6343954 0 -0.6343933 0.7730106 0 -0.4713948 0.8819223 0 -0.2902828 0.956941 0 -0.09801745 -0.9951847 0 -3.74552e-7 0 1 0.09801697 -0.9951848 1.51475e-7 -0.2902849 -0.9569403 0 0 0 1 -0.4713968 -0.8819214 0 -0.6343937 -0.7730103 0 -0.7730085 -0.6343957 -3.85309e-7 -0.8819229 -0.4713937 0 -0.9569407 -0.2902834 -4.55203e-7 -0.9951846 -0.09801995 -7.5826e-7 -0.9951843 0.0980215 -7.59617e-7 -0.9569408 0.2902834 0 -0.8819218 0.4713957 -4.09683e-7 -0.7730103 0.6343936 0 -0.6343923 0.7730113 -2.73121e-7 -0.4713959 0.8819218 0 -0.2902853 0.9569402 0 -0.09801673 0.9951848 0 0.09801721 0.9951848 1.82081e-7 0.2902849 0.9569403 0 0.4713975 0.8819209 0 0.6343939 0.7730101 0 0.7730102 0.6343936 0 0.881922 0.4713956 0 0.9569408 0.2902832 0 0.9951847 0.09801781 0 0.9951848 -0.09801715 0 0.9569399 -0.290286 0 0.8819205 -0.4713982 0 0.77301 -0.634394 0 0.6343917 -0.7730119 0 0.4713963 -0.8819215 0 0.2902829 -0.956941 0 0 -1 0 0 0 -1 0 1 0 0.09801727 0.9951847 0 -3.97512e-6 0 -1 2.73706e-6 0 -1 -1.36853e-6 0 -1 -9.93783e-7 0 -1 3.9751e-6 0 -1 7.95013e-6 0 -1 9.93771e-7 0 -1 1.34223e-6 0 -1 -3.59257e-7 0 -1 1.34222e-6 0 -1 -1.68588e-7 0 -1 -1.68587e-7 0 -1 0 0 -1 0.2902848 0.9569403 0 0.4713969 0.8819212 0 0.6343931 0.7730107 0 0.7730103 0.6343935 0 0.8819221 0.4713953 0 0.9569397 0.290287 0 0.9951847 0.09801709 -1.01942e-6 0.9951845 0.09801977 0 0.9951845 0.09801983 0 0.9951848 0.09801715 3.97836e-7 0.9951854 0.09801131 0 0.9951848 -0.09801715 3.82964e-7 0.9951845 -0.09801977 0 0.9951845 -0.09801965 0 0.9951847 -0.09801703 -9.8131e-7 0.9951854 -0.09801149 0 0.9569404 -0.2902848 0 0.881921 -0.4713973 0 0.77301 -0.6343939 0 0.6343938 -0.7730101 0 0.4713968 -0.8819213 0 0.2902846 -0.9569405 0 0.09801703 -0.9951847 0 -0.09801763 -0.9951848 0 -0.2902855 -0.9569401 0 -0.6343947 -0.7730094 0 -0.7730106 -0.6343932 0 -0.8819211 -0.4713973 0 -0.9569405 -0.2902845 0 -0.9951851 -0.09801375 0 -0.9951846 0.0980193 0 -0.8819208 0.4713976 0 -0.7730084 0.6343958 0 -0.6343932 0.7730106 0 -0.4713947 0.8819223 0 -0.2902828 0.956941 0 0.09801721 -0.9951847 0 -0.2902848 -0.9569404 0 0 0 1 0 0 1 0 0 1 0 0 1 0 0 1 0 0 1 0 0 1 0 0 1 0 0 1 0 0 1 0 0 1 0 0 1 0 0 1 0 0 1 0 0 1 0 0 1 0 0 1 0 0 1 -0.4713969 -0.8819213 0 -0.6343921 -0.7730116 -2.73121e-7 -0.7730103 -0.6343936 0 -0.8819218 -0.471396 -4.09683e-7 -0.9569399 -0.290286 0 -0.9951845 -0.09801989 0 -0.9951847 -0.09801715 1.26187e-4 -0.9951847 -0.09801781 7.99869e-7 -0.995185 -0.09801566 0 -0.9951853 -0.09801155 0 -0.9951847 0.09801781 7.48449e-7 -0.9951849 0.09801548 0 -0.9951845 0.09801971 0 -0.9951848 0.09801715 1.39981e-4 -0.9951851 0.0980131 0 -0.95694 0.290286 -4.55203e-7 -0.8819231 0.4713934 0 -0.7730084 0.6343958 -3.18641e-7 -0.6343939 0.77301 0 -0.4713957 0.8819218 0 -0.2902854 0.9569402 0 -0.09801644 0.9951848 -1.82081e-7 0.09801745 0.9951847 0 0.2902848 0.9569404 0 0.4713977 0.8819208 0 0.6343937 0.7730101 0 0.7730106 0.6343932 0 0.8819219 0.4713954 0 0.9569408 0.2902832 0 0.9951848 0.09801709 0 0.9951847 -0.09801781 0 0.9569401 -0.290286 0 0.8819206 -0.4713982 0 0.7730096 -0.6343944 0 0.6343919 -0.7730117 0 0.4713961 -0.8819217 0 0.290282 -0.9569411 0 0 0 1</float_array>
          <technique_common>
            <accessor source="#Cylinder-mesh-normals-array" count="179" stride="3">
              <param name="X" type="float"/>
              <param name="Y" type="float"/>
              <param name="Z" type="float"/>
            </accessor>
          </technique_common>
        </source>
        <vertices id="Cylinder-mesh-vertices">
          <input semantic="POSITION" source="#Cylinder-mesh-positions"/>
        </vertices>
        <polylist material="Material_002-material" count="280">
          <input semantic="VERTEX" source="#Cylinder-mesh-vertices" offset="0"/>
          <input semantic="NORMAL" source="#Cylinder-mesh-normals" offset="1"/>
          <vcount>3 3 3 3 3 3 3 3 3 3 3 3 3 3 3 3 3 3 3 3 3 3 3 3 3 3 3 3 3 3 3 3 3 3 3 3 3 3 3 3 3 3 3 3 3 3 3 3 3 3 3 3 3 3 3 3 3 3 3 3 3 3 3 3 3 3 3 3 3 3 3 3 3 3 3 3 3 3 3 3 3 3 3 3 3 3 3 3 3 3 3 3 3 3 3 3 3 3 3 3 3 3 3 3 3 3 3 3 3 3 3 3 3 3 3 3 3 3 3 3 3 3 3 3 3 3 3 3 3 3 3 3 3 3 3 3 3 3 3 3 3 3 3 3 3 3 3 3 3 3 3 3 3 3 3 3 3 3 3 3 3 3 3 3 3 3 3 3 3 3 3 3 3 3 3 3 3 3 3 3 3 3 3 3 3 3 3 3 3 3 3 3 3 3 3 3 3 3 3 3 3 3 3 3 3 3 3 3 3 3 3 3 3 3 3 3 3 3 3 3 3 3 3 3 3 3 3 3 3 3 3 3 3 3 3 3 3 3 3 3 3 3 3 3 3 3 3 3 3 3 3 3 3 3 3 3 3 3 3 3 3 3 3 3 3 3 3 3 3 3 3 3 3 3 3 3 3 3 3 3 </vcount>
          <p>1 0 2 0 3 0 17 1 27 1 33 1 34 2 1 2 0 2 2 3 1 3 35 3 2 4 37 4 4 4 37 5 38 5 5 5 38 6 39 6 6 6 39 7 40 7 7 7 40 8 41 8 8 8 41 9 42 9 9 9 42 10 45 10 46 10 49 11 50 11 48 11 50 12 51 12 12 12 51 13 52 13 13 13 52 14 53 14 14 14 53 15 54 15 15 15 54 16 55 16 16 16 55 17 56 17 17 17 56 18 57 18 18 18 57 19 58 19 19 19 58 20 59 20 20 20 59 21 60 21 21 21 60 22 61 22 22 22 61 23 62 23 23 23 62 24 63 24 24 24 63 25 64 25 25 25 64 26 65 26 26 26 65 27 66 27 27 27 66 28 67 28 28 28 67 29 68 29 29 29 68 30 69 30 30 30 69 31 70 31 31 31 70 32 71 32 32 32 71 33 34 33 33 33 34 3 72 3 35 3 37 3 2 3 36 3 35 34 74 34 75 34 38 3 37 3 73 3 38 3 76 3 77 3 39 3 77 3 78 3 41 3 40 3 78 3 41 3 79 3 80 3 42 3 80 3 81 3 43 3 81 3 82 3 51 3 50 3 82 3 51 3 83 3 84 3 53 3 52 3 84 3 53 3 85 3 86 3 55 3 54 3 86 3 56 3 55 3 87 3 57 3 56 3 88 3 58 3 57 3 89 3 59 3 58 3 90 3 59 3 91 3 92 3 60 3 92 3 93 3 61 3 93 3 94 3 62 3 94 3 95 3 63 3 95 3 96 3 65 3 64 3 96 3 66 35 65 35 97 35 66 3 98 3 99 3 68 3 67 3 99 3 69 3 68 3 100 3 70 3 69 3 101 3 71 3 70 3 102 3 34 3 71 3 103 3 35 36 72 36 104 36 36 37 75 37 105 37 122 38 126 38 105 38 73 39 105 39 133 39 77 40 76 40 133 40 78 41 77 41 132 41 79 42 78 42 131 42 79 43 130 43 129 43 129 44 135 44 136 44 138 45 139 45 127 45 82 46 127 46 126 46 83 47 126 47 125 47 84 48 125 48 124 48 85 49 124 49 123 49 86 50 123 50 122 50 87 51 122 51 121 51 88 52 121 52 120 52 89 53 120 53 119 53 90 54 119 54 118 54 91 55 118 55 117 55 92 56 117 56 116 56 93 57 116 57 115 57 94 58 115 58 114 58 95 59 114 59 113 59 96 60 113 60 112 60 97 61 112 61 111 61 98 62 111 62 110 62 99 63 110 63 109 63 100 64 109 64 108 64 101 65 108 65 107 65 102 66 107 66 106 66 72 67 103 67 106 67 135 68 46 68 45 68 49 69 138 69 137 69 134 3 47 3 46 3 49 70 48 70 139 70 0 71 1 71 3 71 33 69 0 69 3 69 3 69 4 69 5 69 5 72 6 72 7 72 7 69 8 69 5 69 9 73 10 73 13 73 11 69 12 69 13 69 13 74 14 74 17 74 15 75 16 75 17 75 17 69 18 69 19 69 19 69 20 69 17 69 21 69 22 69 23 69 23 76 24 76 25 76 25 69 26 69 27 69 27 77 28 77 29 77 29 69 30 69 27 69 31 78 32 78 33 78 33 69 3 69 5 69 5 69 8 69 17 69 10 69 11 69 13 69 14 79 15 79 17 79 17 69 20 69 21 69 21 80 23 80 17 80 25 69 27 69 23 69 30 81 31 81 33 81 33 82 5 82 17 82 9 69 13 69 8 69 17 83 23 83 27 83 27 69 30 69 33 69 8 84 13 84 17 84 33 2 34 2 0 2 36 3 2 3 35 3 3 85 2 85 4 85 4 86 37 86 5 86 5 87 38 87 6 87 6 88 39 88 7 88 7 89 40 89 8 89 8 90 41 90 9 90 42 91 43 91 45 91 47 92 10 92 46 92 43 93 44 93 45 93 46 94 10 94 9 94 9 95 42 95 46 95 11 96 10 96 48 96 49 97 44 97 43 97 10 98 47 98 48 98 49 99 43 99 50 99 11 100 48 100 50 100 11 101 50 101 12 101 12 102 51 102 13 102 13 103 52 103 14 103 14 104 53 104 15 104 15 105 54 105 16 105 16 106 55 106 17 106 17 107 56 107 18 107 18 108 57 108 19 108 19 109 58 109 20 109 20 21 59 21 21 21 21 110 60 110 22 110 22 111 61 111 23 111 23 112 62 112 24 112 24 113 63 113 25 113 25 114 64 114 26 114 26 115 65 115 27 115 27 28 66 28 28 28 28 116 67 116 29 116 29 117 68 117 30 117 30 118 69 118 31 118 31 119 70 119 32 119 32 120 71 120 33 120 1 3 34 3 35 3 73 3 37 3 36 3 36 34 35 34 75 34 76 3 38 3 73 3 39 3 38 3 77 3 40 3 39 3 78 3 79 3 41 3 78 3 42 3 41 3 80 3 43 3 42 3 81 3 50 3 43 3 82 3 83 3 51 3 82 3 52 3 51 3 84 3 85 3 53 3 84 3 54 3 53 3 86 3 87 3 55 3 86 3 88 3 56 3 87 3 89 3 57 3 88 3 90 3 58 3 89 3 91 3 59 3 90 3 60 3 59 3 92 3 61 3 60 3 93 3 62 3 61 3 94 3 63 3 62 3 95 3 64 3 63 3 96 3 97 3 65 3 96 3 98 3 66 3 97 3 67 3 66 3 99 3 100 3 68 3 99 3 101 3 69 3 100 3 102 3 70 3 101 3 103 3 71 3 102 3 72 3 34 3 103 3 74 121 35 121 104 121 73 122 36 122 105 122 105 123 75 123 74 123 74 124 104 124 105 124 106 3 107 3 110 3 108 125 109 125 110 125 110 3 111 3 112 3 112 126 113 126 110 126 114 127 115 127 116 127 116 128 117 128 118 128 118 3 119 3 122 3 120 129 121 129 122 129 122 3 123 3 126 3 124 130 125 130 126 130 126 131 127 131 128 131 128 132 129 132 130 132 130 3 131 3 132 3 132 3 133 3 130 3 105 3 104 3 106 3 107 133 108 133 110 133 110 134 113 134 114 134 114 3 116 3 118 3 119 135 120 135 122 135 123 136 124 136 126 136 126 3 128 3 105 3 130 137 133 137 105 137 105 3 106 3 110 3 110 138 114 138 105 138 118 3 122 3 105 3 128 139 130 139 105 139 105 140 114 140 118 140 76 141 73 141 133 141 132 142 77 142 133 142 131 143 78 143 132 143 130 144 79 144 131 144 80 145 79 145 129 145 137 146 81 146 136 146 129 147 128 147 135 147 136 148 81 148 80 148 128 149 134 149 135 149 136 150 80 150 129 150 82 151 81 151 138 151 134 152 128 152 139 152 81 153 137 153 138 153 139 154 128 154 127 154 127 155 82 155 138 155 83 156 82 156 126 156 84 157 83 157 125 157 85 158 84 158 124 158 86 159 85 159 123 159 87 160 86 160 122 160 88 161 87 161 121 161 89 162 88 162 120 162 90 163 89 163 119 163 91 164 90 164 118 164 92 165 91 165 117 165 93 166 92 166 116 166 94 167 93 167 115 167 95 168 94 168 114 168 96 169 95 169 113 169 97 170 96 170 112 170 98 171 97 171 111 171 99 172 98 172 110 172 100 173 99 173 109 173 101 174 100 174 108 174 102 175 101 175 107 175 103 176 102 176 106 176 104 177 72 177 106 177 136 68 135 68 45 68 136 69 45 69 137 69 44 69 49 69 137 69 137 69 45 69 44 69 46 3 135 3 134 3 134 3 139 3 48 3 48 178 47 178 134 178 138 70 49 70 139 70</p>
        </polylist>
      </mesh>
    </geometry>
    <geometry id="Cube-mesh" name="Cube">
      <mesh>
        <source id="Cube-mesh-positions">
          <float_array id="Cube-mesh-positions-array" count="252">-1 0.5 0.934338 -1 1 1.137672 -1 1 -0.7003803 -1 0.5 -0.7003803 -1 0 1.137672 -1 0 -0.7003803 -1 0 0 -1 0.11431 0 -1 0.11431 0.4601758 -1 0 0.4601758 -0.8849421 0.8849414 1.137672 1 1 1.137672 1 1 -0.7003803 1 0.5 -0.7003803 -1 -0.5 0.934338 -1 -0.11431 0.4601758 -1 -0.11431 0 -1 -0.5 -0.7003803 -0.8849421 0.4424707 0.934338 1 0 -0.7003803 0.8849413 0.8849414 1.137672 1 0.5 0.934338 -1 -1 1.137672 -1 -1 -0.7003803 -0.8849421 0 1.137672 1 -0.5 -0.7003803 1 0 1.137672 1 0 0.5796288 1 0.08062326 0.5477039 1 0.1489724 0.4567894 1 0.1946418 0.3207262 1 0.2106788 0.1602291 1 0.1948297 0.001612722 1 0 0.001612722 -0.8849421 0.4424707 0.00168693 -0.8849421 0.8849414 0.00168693 0.8849413 0.4424707 0.934338 0.8849413 0.8849414 0.00168693 1 -1 1.137672 1 -1 -0.7003803 -0.8849421 -0.4424707 0.934338 1 -0.5 0.934338 1 -0.1948297 0.001612722 1 -0.2106787 0.160229 1 -0.1946418 0.3207263 1 -0.1489724 0.4567894 1 -0.08062326 0.5477039 -0.8849421 0 0.4601758 -0.8849421 0.11431 0.4601758 -0.8849421 0.11431 0.00168693 0.8849413 0 1.137672 0.8849413 0 0.5796288 0.8849413 0.08062326 0.5477039 0.8849413 0.1489724 0.4567894 0.8849413 0.1946418 0.3207262 0.8849413 0.2106788 0.1602291 0.8849413 0.1948371 0.00168693 0.5891976 0.1948297 0.001612961 0.5891976 -0.1948298 0.001612961 0.8849413 0.4424707 0.00168693 0.8849413 -0.8849414 1.137672 -0.8849421 -0.8849414 1.137672 -0.8849421 -0.4424707 0.00168693 -0.8849421 -0.11431 0.00168693 -0.8849421 -0.11431 0.4601758 0.8849413 -0.4424707 0.934338 0.8849413 -0.1948371 0.00168693 0.8849413 -0.2106788 0.160229 0.8849413 -0.1946418 0.3207263 0.8849413 -0.1489724 0.4567894 0.8849413 -0.08062326 0.5477039 -0.8260102 0.11431 0.00168693 -0.8260102 0 0.00168693 0.5891976 0 0.00168693 0.5891976 0.1948371 0.00168693 0.5891976 -0.1946408 0.00168693 0.8849413 -0.8849414 0.00168693 -0.8849421 -0.8849414 0.00168693 0.8849413 -0.4424707 0.00168693 0.5891976 -0.1948372 0.00168693 0.5891976 -0.1948298 0.00168693 -0.8260102 -0.11431 0.00168693 -0.8260102 0.11431 0 -0.8260102 -0.11431 0</float_array>
          <technique_common>
            <accessor source="#Cube-mesh-positions-array" count="84" stride="3">
              <param name="X" type="float"/>
              <param name="Y" type="float"/>
              <param name="Z" type="float"/>
            </accessor>
          </technique_common>
        </source>
        <source id="Cube-mesh-normals">
          <float_array id="Cube-mesh-normals-array" count="186">-1 0 0 -0.2043753 -0.408749 0.889469 0 1 0 0 0 -1 0 0.4175626 0.9086483 0 0 1 1 0 0 0.1851012 -0.3701995 0.9103241 1 -2.02566e-6 0 0.2043746 -0.4087486 0.8894693 0 -1 0 1 1.01283e-6 0 1 -2.15546e-7 0 0 -0.3681632 -0.9297612 0 -0.7993105 -0.6009182 0 -0.9480227 -0.3182029 0 -0.9950451 -0.09942543 0 -0.9950304 0.09957182 6.97446e-7 0 1 0 0.4175623 0.9086484 -0.2043758 0.4087489 0.8894689 0 -0.4175623 0.9086484 0 0.9950451 0.09942543 0 0.9950451 -0.09942501 -2.2559e-7 0.9480227 -0.3182027 0 0.7993108 -0.6009178 0 0.3681626 -0.9297614 0 0 1 -1 -2.41339e-7 0 0.204374 0.4087486 0.8894694 1 -4.74333e-7 0 0 0 1 -1 1.88918e-7 0 -0.3525269 -0.3525251 0.8668627 0.1851007 0.3701996 0.9103242 0 -0.4175626 0.9086483 1 8.56742e-7 0 1 2.37166e-7 0 0.352525 -0.3525254 0.8668634 1 -8.56742e-7 0 0 -0.3681632 -0.9297613 0 -0.9480228 -0.3182026 1.7564e-7 -0.9950451 -0.09942525 0 -0.9950451 0.09942543 0 -0.995018 0.09969711 0 -0.995045 0.09942537 6.97446e-7 0 1 -0.1850996 0.3701996 0.9103244 -0.3525269 0.3525251 0.8668627 1 3.23318e-7 0 -0.1850996 -0.3701996 0.9103244 0 0.9950849 0.09902554 -2.79647e-7 0.995045 0.09942531 -1.47376e-7 0.9950546 0.09933078 -2.50914e-7 0.9950451 -0.09942525 2.2559e-7 0.9480228 -0.3182026 0 0.7993104 -0.6009184 0 0.3681626 -0.9297614 0.352525 0.3525254 0.8668634 0 0 1 -1 -8.59862e-7 0 0 -1 3.17307e-6</float_array>
          <technique_common>
            <accessor source="#Cube-mesh-normals-array" count="62" stride="3">
              <param name="X" type="float"/>
              <param name="Y" type="float"/>
              <param name="Z" type="float"/>
            </accessor>
          </technique_common>
        </source>
        <vertices id="Cube-mesh-vertices">
          <input semantic="POSITION" source="#Cube-mesh-positions"/>
        </vertices>
        <polylist material="Material_007-material" count="172">
          <input semantic="VERTEX" source="#Cube-mesh-vertices" offset="0"/>
          <input semantic="NORMAL" source="#Cube-mesh-normals" offset="1"/>
          <vcount>3 3 3 3 3 3 3 3 3 3 3 3 3 3 3 3 3 3 3 3 3 3 3 3 3 3 3 3 3 3 3 3 3 3 3 3 3 3 3 3 3 3 3 3 3 3 3 3 3 3 3 3 3 3 3 3 3 3 3 3 3 3 3 3 3 3 3 3 3 3 3 3 3 3 3 3 3 3 3 3 3 3 3 3 3 3 3 3 3 3 3 3 3 3 3 3 3 3 3 3 3 3 3 3 3 3 3 3 3 3 3 3 3 3 3 3 3 3 3 3 3 3 3 3 3 3 3 3 3 3 3 3 3 3 3 3 3 3 3 3 3 3 3 3 3 3 3 3 3 3 3 3 3 3 3 3 3 3 3 3 3 3 3 3 3 3 3 3 3 3 3 3 </vcount>
          <p>0 0 1 0 2 0 0 0 7 0 8 0 0 1 18 1 10 1 11 2 12 2 2 2 2 3 12 3 13 3 15 0 16 0 14 0 4 4 24 4 18 4 3 3 13 3 19 3 1 5 10 5 20 5 21 6 13 6 12 6 14 0 17 0 23 0 4 7 14 7 40 7 5 3 19 3 25 3 30 8 31 8 21 8 18 6 34 6 35 6 20 9 36 9 21 9 10 10 35 10 37 10 22 10 23 10 39 10 17 3 25 3 39 3 41 11 43 11 44 11 24 12 48 12 18 12 52 13 28 13 27 13 53 14 29 14 28 14 53 15 54 15 30 15 54 16 55 16 31 16 32 17 56 17 57 17 33 18 57 18 58 18 37 5 35 5 34 5 36 0 20 0 37 0 36 19 50 19 26 19 41 6 38 6 39 6 22 5 38 5 60 5 61 20 40 20 14 20 62 6 63 6 64 6 26 21 50 21 65 21 66 22 43 22 42 22 68 23 44 23 43 23 69 24 45 24 44 24 70 25 46 25 45 25 51 26 27 26 46 26 34 27 71 27 74 27 36 28 54 28 53 28 73 6 58 6 57 6 41 29 65 29 60 29 60 2 76 2 77 2 40 30 61 30 77 30 75 31 73 31 81 31 69 0 68 0 65 0 75 6 80 6 58 6 65 0 78 0 76 0 78 5 62 5 77 5 80 6 79 6 58 6 82 10 71 10 49 10 47 3 9 3 8 3 72 0 82 0 83 0 6 5 83 5 82 5 63 2 83 2 16 2 3 0 0 0 2 0 9 0 4 0 8 0 0 0 3 0 7 0 5 0 6 0 7 0 8 32 4 32 0 32 3 0 5 0 7 0 1 33 0 33 10 33 1 2 11 2 2 2 3 3 2 3 13 3 17 0 14 0 16 0 4 0 9 0 15 0 16 0 6 0 5 0 14 0 4 0 15 0 16 0 5 0 17 0 0 34 4 34 18 34 5 3 3 3 19 3 11 5 1 5 20 5 11 6 21 6 12 6 22 0 14 0 23 0 24 35 4 35 40 35 17 3 5 3 25 3 13 6 21 6 31 6 26 6 27 6 28 6 32 6 33 6 19 6 26 6 28 6 21 6 32 6 19 6 13 6 28 6 29 6 21 6 31 6 32 6 13 6 21 36 29 36 30 36 10 37 18 37 35 37 11 38 20 38 21 38 20 10 10 10 37 10 38 10 22 10 39 10 23 3 17 3 39 3 27 6 26 6 46 6 41 6 25 6 43 6 19 6 33 6 42 6 46 6 26 6 41 6 25 6 19 6 42 6 45 6 46 6 41 6 25 6 42 6 43 6 44 39 45 39 41 39 34 6 18 6 48 6 24 6 47 6 48 6 48 6 49 6 34 6 51 40 52 40 27 40 52 14 53 14 28 14 29 41 53 41 30 41 30 42 54 42 31 42 32 43 31 43 56 43 74 44 57 44 56 44 31 45 55 45 56 45 58 46 42 46 33 46 33 46 32 46 57 46 59 5 37 5 34 5 59 0 36 0 37 0 21 47 36 47 26 47 25 6 41 6 39 6 61 5 22 5 60 5 22 48 61 48 14 48 47 6 24 6 64 6 40 6 62 6 64 6 64 49 24 49 40 49 41 50 26 50 65 50 58 51 79 51 66 51 66 52 67 52 43 52 42 53 58 53 66 53 67 54 68 54 43 54 68 55 69 55 44 55 69 56 70 56 45 56 70 57 51 57 46 57 74 5 56 5 59 5 59 5 34 5 74 5 71 5 72 5 73 5 34 5 49 5 71 5 71 5 73 5 74 5 51 0 50 0 36 0 36 0 59 0 54 0 52 0 51 0 36 0 59 0 56 0 55 0 53 0 52 0 36 0 59 0 55 0 54 0 57 6 74 6 73 6 73 6 75 6 58 6 38 58 41 58 60 58 61 2 60 2 77 2 62 6 40 6 77 6 62 5 78 5 79 5 79 5 80 5 75 5 78 59 66 59 79 59 81 5 63 5 62 5 73 5 72 5 81 5 79 5 75 5 81 5 81 27 62 27 79 27 78 0 65 0 68 0 50 0 51 0 65 0 67 0 66 0 78 0 51 0 70 0 65 0 68 60 67 60 78 60 70 0 69 0 65 0 60 0 65 0 76 0 76 5 78 5 77 5 48 10 8 10 49 10 7 61 82 61 49 61 49 10 8 10 7 10 8 3 48 3 47 3 47 3 64 3 15 3 15 3 9 3 47 3 83 0 81 0 72 0 72 0 71 0 82 0 82 5 7 5 6 5 6 5 16 5 83 5 15 2 64 2 63 2 63 2 81 2 83 2 16 2 15 2 63 2</p>
        </polylist>
      </mesh>
    </geometry>
    <geometry id="Cylinder_002-mesh" name="Cylinder.002">
      <mesh>
        <source id="Cylinder_002-mesh-positions">
          <float_array id="Cylinder_002-mesh-positions-array" count="120">0 1 -5.456404 0 1 1 0.5877853 0.809017 -5.456404 0.5877853 0.809017 1 1.132177 0.5370568 -5.456404 1.132177 0.5370568 1 1.132176 -0.5370568 -5.456404 1.132176 -0.5370568 1 0.5877852 -0.8090171 -5.456404 0.5877852 -0.8090171 1 0 -1 -5.456404 0 -1 1 -0.5877854 -0.809017 -5.456404 -0.5877854 -0.809017 1 -0.9510565 -0.3983732 -5.456404 -0.9510565 -0.3983732 1 -0.9510565 0.3983732 -5.456404 -0.9510565 0.3983732 1 -0.587785 0.8090173 -5.456404 -0.587785 0.8090173 1 0.5059452 0.6963738 1 0 0.8607654 1 0.8186365 0.2659911 1 0.8186365 -0.2659912 1 0.5059451 -0.6963739 1 0 -0.8607654 1 -0.5059453 -0.6963738 1 -0.8186365 -0.2659912 1 -0.8186365 0.2659912 1 -0.505945 0.6963741 1 0.5059452 0.6963738 -0.6236016 0 0.8607654 -0.6236016 0.8186365 0.2659911 -0.6236016 0.8186365 -0.2659912 -0.6236016 0.5059451 -0.6963739 -0.6236016 0 -0.8607654 -0.6236016 -0.5059453 -0.6963738 -0.6236016 -0.8186365 -0.2659912 -0.6236016 -0.8186365 0.2659912 -0.6236016 -0.505945 0.6963741 -0.6236016</float_array>
          <technique_common>
            <accessor source="#Cylinder_002-mesh-positions-array" count="40" stride="3">
              <param name="X" type="float"/>
              <param name="Y" type="float"/>
              <param name="Z" type="float"/>
            </accessor>
          </technique_common>
        </source>
        <source id="Cylinder_002-mesh-normals">
          <float_array id="Cylinder_002-mesh-normals-array" count="132">0.309017 0.9510565 0 0.4469039 0.894582 0 1 -2.75036e-7 0 0.4469042 -0.8945819 0 0.3090168 -0.9510565 0 -0.3090171 -0.9510566 0 -0.7489881 -0.6625835 0 -1 0 0 -2.55994e-7 0 1 -0.3090168 0.9510566 0 -0.7489879 0.6625837 0 0 0 -1 0 0 1 -1.76985e-7 0 1 8.46115e-7 0 1 0.3090168 -0.9510566 0 0.8090172 0.5877852 0 -0.8090169 0.5877854 0 -0.309017 -0.9510565 0 1 0 0 -0.309017 0.9510566 0 -0.8090171 -0.5877852 0 0.8090168 -0.5877855 0 0.446904 0.8945819 0 0.4469041 -0.894582 0 0.309017 -0.9510566 0 -0.3090171 -0.9510565 0 -0.7489881 -0.6625834 0 -0.3090168 0.9510566 0 -0.748988 0.6625835 0 1.63094e-6 0 -1 2.0055e-6 0 -1 -1.64747e-6 0 -1 -1.62249e-6 0 -1 0.309017 0.9510565 0 1.69223e-6 0 1 2.68738e-7 0 1 1.69174e-7 0 1 -3.58317e-7 0 1 0 0 1 0.809017 0.5877853 0 -0.8090169 0.5877856 0 -0.3090169 0.9510565 0 -0.8090169 -0.5877854 0</float_array>
          <technique_common>
            <accessor source="#Cylinder_002-mesh-normals-array" count="44" stride="3">
              <param name="X" type="float"/>
              <param name="Y" type="float"/>
              <param name="Z" type="float"/>
            </accessor>
          </technique_common>
        </source>
        <vertices id="Cylinder_002-mesh-vertices">
          <input semantic="POSITION" source="#Cylinder_002-mesh-positions"/>
        </vertices>
        <polylist material="Material_002-material" count="76">
          <input semantic="VERTEX" source="#Cylinder_002-mesh-vertices" offset="0"/>
          <input semantic="NORMAL" source="#Cylinder_002-mesh-normals" offset="1"/>
          <vcount>3 3 3 3 3 3 3 3 3 3 3 3 3 3 3 3 3 3 3 3 3 3 3 3 3 3 3 3 3 3 3 3 3 3 3 3 3 3 3 3 3 3 3 3 3 3 3 3 3 3 3 3 3 3 3 3 3 3 3 3 3 3 3 3 3 3 3 3 3 3 3 3 3 3 3 3 </vcount>
          <p>1 0 3 0 2 0 3 1 5 1 4 1 5 2 7 2 6 2 7 3 9 3 8 3 9 4 11 4 10 4 11 5 13 5 12 5 13 6 15 6 14 6 15 7 17 7 16 7 9 8 7 8 23 8 19 9 1 9 0 9 17 10 19 10 18 10 12 11 14 11 18 11 25 0 35 0 36 0 3 12 1 12 21 12 7 13 5 13 22 13 3 14 20 14 22 14 19 12 29 12 21 12 17 12 28 12 29 12 17 12 15 12 27 12 15 12 13 12 26 12 13 12 11 12 25 12 11 12 9 12 24 12 38 12 34 12 31 12 22 7 32 7 33 7 29 15 39 15 31 15 26 16 36 16 37 16 23 17 33 17 34 17 21 18 31 18 30 18 27 19 37 19 38 19 24 20 34 20 35 20 20 21 30 21 32 21 28 22 38 22 39 22 0 0 1 0 2 0 2 23 3 23 4 23 4 19 5 19 6 19 6 24 7 24 8 24 8 25 9 25 10 25 10 26 11 26 12 26 12 27 13 27 14 27 14 7 15 7 16 7 24 12 9 12 23 12 18 28 19 28 0 28 16 29 17 29 18 29 18 11 0 11 2 11 2 30 4 30 6 30 6 11 8 11 2 11 10 31 12 31 18 31 14 32 16 32 18 32 18 11 2 11 8 11 8 33 10 33 18 33 26 34 25 34 36 34 20 12 3 12 21 12 23 12 7 12 22 12 5 12 3 12 22 12 1 12 19 12 21 12 19 12 17 12 29 12 28 35 17 35 27 35 27 12 15 12 26 12 26 12 13 12 25 12 25 12 11 12 24 12 32 36 30 36 31 36 31 12 39 12 38 12 38 37 37 37 34 37 36 12 35 12 34 12 34 38 33 38 32 38 32 12 31 12 34 12 37 39 36 39 34 39 23 7 22 7 33 7 21 15 29 15 31 15 27 40 26 40 37 40 24 41 23 41 34 41 20 18 21 18 30 18 28 19 27 19 38 19 25 42 24 42 35 42 22 43 20 43 32 43 29 22 28 22 39 22</p>
        </polylist>
      </mesh>
    </geometry>
    <geometry id="Cylinder_003-mesh" name="Cylinder.003">
      <mesh>
        <source id="Cylinder_003-mesh-positions">
          <float_array id="Cylinder_003-mesh-positions-array" count="222">0 1 -2.724497 0 1 1 0.3826835 0.9238795 1 0.3826835 0.9238795 -2.724497 -0.6841196 0.7224664 -2.724497 -0.382683 0.9238798 -2.724497 0.7071066 0.7071068 -2.724497 0.9238796 0.3826834 -2.724497 1 0 -2.724497 0.9238796 -0.3826835 -2.724497 0.7071066 -0.7071068 -2.724497 0.3826835 -0.9238795 -2.724497 2.38419e-7 -1 -2.724497 -0.3826832 -0.9238796 -2.724497 -0.6841196 -0.7224664 -2.724497 -0.382683 0.9238798 1 0.008833169 0.9603171 1 0.3763306 0.8872173 1 0.7071066 0.7071068 1 -0.6841196 -0.2158465 -0.3347396 -0.6841196 -0.1996088 -0.69319 -0.6841196 0.1996088 -0.69319 -0.6841196 0.2158465 -0.3347395 -0.6841196 0.1994163 0.02227073 -0.6841196 0.1526266 0.3249301 -0.6841196 0.08260095 0.5271606 -0.6841196 0.7224664 1 -0.6841196 -0.7224664 1 -0.6841196 0 0.5981745 -0.6841196 -0.08260095 0.5271606 -0.6841196 -0.1526266 0.3249301 -0.6841196 -0.1994163 0.02227097 0.9238796 0.3826834 1 1 0 1 0.9238796 -0.3826835 1 0.7071066 -0.7071068 1 0.3826835 -0.9238795 1 2.38419e-7 -1 1 -0.3826832 -0.9238796 1 -0.3586639 0.8872175 1 0.68788 0.6790467 1 0.008833169 0.9603171 -0.6849119 0.3763306 0.8872173 -0.6849119 -0.6481387 -0.6937969 1 -0.6481387 0.6937969 1 0.8960505 0.3674975 1 0.9691503 0 1 0.8960505 -0.3674975 1 0.68788 -0.6790467 1 0.3763306 -0.8872173 1 0.008833169 -0.9603171 1 -0.358664 -0.8872175 1 -0.3586639 0.8872175 -0.6849119 0.68788 0.6790467 -0.6849119 -0.6481387 -0.6937969 -0.6849119 -0.358664 -0.8872175 -0.6849119 0.008833169 -0.9603171 -0.6849119 0.3763306 -0.8872173 -0.6849119 0.68788 -0.6790467 -0.6849119 0.8960505 -0.3674975 -0.6849119 0.9691503 0 -0.6849119 0.8960505 0.3674975 -0.6849119 -0.6481387 0.6937969 -0.6849119 -0.6481387 0.1997309 -0.6931906 -0.6481387 -0.1997309 -0.6931906 -0.6481387 -0.2158465 -0.3347396 -0.6481387 -0.1994162 0.02227097 -0.6481387 -0.1526266 0.3249301 -0.6481387 -0.08260095 0.5271606 -0.6481387 0 0.5981745 -0.6481387 0.08260095 0.5271606 -0.6481387 0.1526266 0.3249301 -0.6481387 0.1994163 0.02227073 -0.6481387 0.2158466 -0.3347395</float_array>
          <technique_common>
            <accessor source="#Cylinder_003-mesh-positions-array" count="74" stride="3">
              <param name="X" type="float"/>
              <param name="Y" type="float"/>
              <param name="Z" type="float"/>
            </accessor>
          </technique_common>
        </source>
        <source id="Cylinder_003-mesh-normals">
          <float_array id="Cylinder_003-mesh-normals-array" count="291">0.1950904 0.9807854 0 0 0 -1 -0.19509 0.9807854 0 0 0 1 0.5555706 0.8314694 0 -1 0 0 -1 -1.83386e-7 0 -0.55557 0.8314698 0 0.8314694 0.5555706 0 0.9807854 0.1950902 0 0.9807854 -0.1950902 0 0.8314692 -0.555571 0 0.5555706 -0.8314694 0 0.1950904 -0.9807853 0 -0.1950901 -0.9807854 0 -0.55557 -0.8314698 0 -4.69821e-7 0 1 -5.61412e-7 0 1 -0.1950905 -0.9807853 0 4.77535e-6 0 1 -2.34456e-7 0 1 -3.02372e-7 0 1 -1.57775e-7 0 1 9.78474e-7 0 1 0.1950902 -0.9807854 0 -0.5555701 -0.8314698 0 1 0 0 0.5555697 -0.83147 0 -0.8314698 -0.55557 0 -0.9807853 -0.1950905 0 -0.9807853 0.1950905 0 -0.8314698 0.5555701 0 -0.5555702 0.8314697 0 -0.1950905 0.9807853 0 0.1950901 0.9807853 0 0.55557 0.8314698 0 0.003391981 -0.9989699 0.04525327 8.63545e-7 -0.9989427 -0.04597324 5.07102e-7 -0.9882602 -0.1527801 0 0.9989909 0.04491376 0 -0.9449532 -0.3272057 -0.004031717 0.006033837 0.9999737 1.64199e-5 0 1 -3.98336e-7 0.9989427 -0.04597324 0 -0.6519184 -0.7582892 -3.38069e-7 0.9882603 -0.1527804 -1.90094e-6 0.6519184 -0.7582892 0 0.9449532 -0.3272057 0.1950904 0.9807854 0 0 0 -1 0 0 -1 -2.02224e-7 0 -1 -0.19509 0.9807854 0 0.5555706 0.8314694 0 -1 1.4874e-6 0 -1 3.66773e-7 0 -1 -2.44861e-7 0 0.8314692 0.5555709 0 0.8314694 -0.5555707 0 0.5555706 -0.8314694 0 -0.1950901 -0.9807854 0 -0.5555699 -0.8314698 0 9.7847e-7 0 1 -9.39641e-7 0 1 -0.5555702 -0.8314697 0 1 1.68408e-7 0 1 -1.80752e-7 0 1 -1.52538e-7 0 1 -1.90171e-7 0 1 3.80342e-7 0 1 3.61414e-7 0 -0.8314698 -0.55557 0 -0.8314698 0.5555701 0 -0.5555701 0.8314698 0 0.1950901 0.9807854 0 0.5555698 0.83147 0 7.21372e-7 -0.998991 0.04491376 3.98336e-7 -0.9989427 -0.04597324 3.38069e-7 -0.9882602 -0.1527805 0.003391921 0.9989699 0.04525333 -0.001847326 -0.009288311 0.9999552 0.01119393 -0.01675289 0.999797 -0.005118727 0 0.999987 0.01119393 0.01675289 0.999797 -0.001847505 0.009288251 0.9999552 -0.004998207 0.003339707 0.999982 -0.005247831 -0.001043796 0.9999858 -0.004031717 -0.006033778 0.9999737 0.002613723 -0.01314157 0.9999103 0.002613723 0.01314157 0.9999102 -0.005247712 0.001043796 0.9999857 -0.004998207 -0.003339707 0.999982 1.65981e-5 0 1 0 0.9989427 -0.04597324 1.90094e-6 -0.6519184 -0.7582892 -5.07104e-7 0.9882602 -0.1527805 0 0.6519184 -0.7582892</float_array>
          <technique_common>
            <accessor source="#Cylinder_003-mesh-normals-array" count="97" stride="3">
              <param name="X" type="float"/>
              <param name="Y" type="float"/>
              <param name="Z" type="float"/>
            </accessor>
          </technique_common>
        </source>
        <vertices id="Cylinder_003-mesh-vertices">
          <input semantic="POSITION" source="#Cylinder_003-mesh-positions"/>
        </vertices>
        <polylist material="Material_007-material" count="148">
          <input semantic="VERTEX" source="#Cylinder_003-mesh-vertices" offset="0"/>
          <input semantic="NORMAL" source="#Cylinder_003-mesh-normals" offset="1"/>
          <vcount>3 3 3 3 3 3 3 3 3 3 3 3 3 3 3 3 3 3 3 3 3 3 3 3 3 3 3 3 3 3 3 3 3 3 3 3 3 3 3 3 3 3 3 3 3 3 3 3 3 3 3 3 3 3 3 3 3 3 3 3 3 3 3 3 3 3 3 3 3 3 3 3 3 3 3 3 3 3 3 3 3 3 3 3 3 3 3 3 3 3 3 3 3 3 3 3 3 3 3 3 3 3 3 3 3 3 3 3 3 3 3 3 3 3 3 3 3 3 3 3 3 3 3 3 3 3 3 3 3 3 3 3 3 3 3 3 3 3 3 3 3 3 3 3 3 3 3 3 </vcount>
          <p>1 0 2 0 3 0 6 1 7 1 4 1 15 2 1 2 0 2 2 3 1 3 16 3 2 4 18 4 6 4 21 5 22 5 26 5 27 6 29 6 30 6 15 7 5 7 4 7 18 8 32 8 7 8 32 9 33 9 8 9 33 10 34 10 9 10 34 11 35 11 10 11 35 12 36 12 11 12 36 13 37 13 12 13 37 14 38 14 13 14 13 15 38 15 27 15 1 16 15 16 39 16 18 17 2 17 17 17 16 18 41 18 42 18 27 19 43 19 44 19 15 20 26 20 44 20 32 21 18 21 40 21 33 22 32 22 45 22 33 3 46 3 47 3 34 3 47 3 48 3 35 3 48 3 49 3 36 3 49 3 50 3 37 23 50 23 51 23 38 3 51 3 43 3 39 24 52 24 41 24 17 25 42 25 53 25 44 26 43 26 69 26 44 27 62 27 52 27 40 28 53 28 61 28 45 29 61 29 60 29 46 30 60 30 59 30 47 31 59 31 58 31 48 32 58 32 57 32 49 33 57 33 56 33 50 34 56 34 55 34 51 35 55 35 54 35 22 36 21 36 63 36 23 37 22 37 73 37 23 38 72 38 71 38 19 39 65 39 64 39 24 40 71 40 70 40 57 41 58 41 64 41 64 42 63 42 21 42 31 43 66 43 65 43 25 44 70 44 69 44 30 45 67 45 66 45 28 46 69 46 68 46 29 47 68 47 67 47 0 48 1 48 3 48 14 1 4 1 8 1 5 1 0 1 4 1 3 49 6 49 4 49 7 1 8 1 4 1 9 50 10 50 14 50 11 1 12 1 14 1 13 1 14 1 12 1 0 1 3 1 4 1 8 51 9 51 14 51 11 49 14 49 10 49 5 52 15 52 0 52 17 3 2 3 16 3 3 53 2 53 6 53 14 54 19 54 20 54 24 55 25 55 26 55 4 5 14 5 21 5 24 5 26 5 23 5 14 5 20 5 21 5 23 5 26 5 22 5 4 56 21 56 26 56 19 5 14 5 27 5 26 5 25 5 28 5 31 5 19 5 27 5 27 5 26 5 28 5 30 5 31 5 27 5 27 5 28 5 29 5 26 7 15 7 4 7 6 57 18 57 7 57 7 9 32 9 8 9 8 10 33 10 9 10 9 58 34 58 10 58 10 59 35 59 11 59 11 13 36 13 12 13 12 60 37 60 13 60 14 61 13 61 27 61 16 62 1 62 39 62 40 3 18 3 17 3 17 18 16 18 42 18 26 3 27 3 44 3 39 3 15 3 44 3 45 3 32 3 40 3 46 3 33 3 45 3 34 3 33 3 47 3 35 3 34 3 48 3 36 3 35 3 49 3 37 3 36 3 50 3 38 63 37 63 51 63 27 3 38 3 43 3 16 24 39 24 41 24 40 64 17 64 53 64 43 26 54 26 66 26 63 26 62 26 73 26 54 65 64 65 65 65 73 26 62 26 72 26 54 66 65 66 66 66 72 26 62 26 44 26 43 67 66 67 67 67 71 26 72 26 44 26 43 68 67 68 68 68 70 69 71 69 44 69 43 70 68 70 69 70 69 26 70 26 44 26 39 27 44 27 52 27 45 71 40 71 61 71 46 29 45 29 60 29 47 30 46 30 59 30 48 72 47 72 58 72 49 73 48 73 57 73 50 33 49 33 56 33 51 74 50 74 55 74 43 75 51 75 54 75 73 76 22 76 63 76 72 77 23 77 73 77 24 78 23 78 71 78 20 79 19 79 64 79 25 40 24 40 70 40 42 80 41 80 63 80 52 81 62 81 63 81 63 82 64 82 60 82 54 83 55 83 64 83 56 84 57 84 64 84 58 85 59 85 64 85 60 86 61 86 63 86 53 87 42 87 63 87 52 88 63 88 41 88 55 89 56 89 64 89 59 90 60 90 64 90 53 91 63 91 61 91 20 92 64 92 21 92 19 93 31 93 65 93 28 94 25 94 69 94 31 95 30 95 66 95 29 96 28 96 68 96 30 47 29 47 67 47</p>
        </polylist>
      </mesh>
    </geometry>
    <geometry id="Cube_030-mesh" name="Cube.030">
      <mesh>
        <source id="Cube_030-mesh-positions">
          <float_array id="Cube_030-mesh-positions-array" count="648">9.835588 0.3076658 -0.5532439 9.835588 0.3076658 0.5532434 9.835588 2.307666 -0.5532439 9.835588 2.307666 0.5532434 11.83559 0.3076658 -0.5532439 11.83559 0.3076658 0.5532434 11.83559 2.307666 -0.5532439 11.83559 2.307666 0.5532434 9.165974 -0.5141339 -0.5532439 9.165974 -0.5141339 0.5532434 9.165974 1.485866 -0.5532439 9.165974 1.485866 0.5532434 11.16597 -0.5141339 -0.5532439 11.16597 -0.5141339 0.5532434 11.16597 1.485866 -0.5532439 11.16597 1.485866 0.5532434 9.348595 -1.244623 -0.5532439 9.348595 -1.244623 0.5532434 9.348595 0.7553772 -0.5532439 9.348595 0.7553772 0.5532434 11.34859 -1.244623 -0.5532439 11.34859 -1.244623 0.5532434 11.34859 0.7553772 -0.5532439 11.34859 0.7553772 0.5532434 8.252862 -1.214186 -0.5532439 8.252862 -1.214186 0.5532434 8.252862 0.7858142 -0.5532439 8.252862 0.7858142 0.5532434 10.25286 -1.214186 -0.5532439 10.25286 -1.214186 0.5532434 10.25286 0.7858142 -0.5532439 10.25286 0.7858142 0.5532434 9.105099 -3.040407 -0.5532439 9.105099 -3.040407 0.5532434 9.105099 -1.040407 -0.5532439 9.105099 -1.040407 0.5532434 11.1051 -3.040407 -0.5532439 11.1051 -3.040407 0.5532434 11.1051 -1.040407 -0.5532439 11.1051 -1.040407 0.5532434 7.796307 -2.431667 -0.5532439 7.796307 -2.431667 0.5532434 7.796307 -0.4316669 -0.5532439 7.796307 -0.4316669 0.5532434 9.796307 -2.431667 -0.5532439 9.796307 -2.431667 0.5532434 9.796307 -0.4316669 -0.5532439 9.796307 -0.4316669 0.5532434 6.761447 -2.096859 -0.5532439 6.761447 -2.096859 0.5532434 6.761447 -0.09685945 -0.5532439 6.761447 -0.09685945 0.5532434 8.761447 -2.096859 -0.5532439 8.761447 -2.096859 0.5532434 8.761447 -0.09685945 -0.5532439 8.761447 -0.09685945 0.5532434 6.822322 -0.8185043 -0.5532439 6.822322 -0.8185043 0.5532434 6.822322 1.181496 -0.5532439 6.822322 1.181496 0.5532434 8.822322 -0.8185043 -0.5532439 8.822322 -0.8185043 0.5532434 8.822322 1.181496 -0.5532439 8.822322 1.181496 0.5532434 5.117848 -1.548993 -0.5532439 5.117848 -1.548993 0.5532434 5.117848 0.451007 -0.5532439 5.117848 0.451007 0.5532434 7.117848 -1.548993 -0.5532439 7.117848 -1.548993 0.5532434 7.117848 0.451007 -0.5532439 7.117848 0.451007 0.5532434 4.569982 -1.366371 -0.5532439 4.569982 -1.366371 0.5532434 4.569982 0.6336292 -0.5532439 4.569982 0.6336292 0.5532434 6.569982 -1.366371 -0.5532439 6.569982 -1.366371 0.5532434 6.569982 0.6336292 -0.5532439 6.569982 0.6336292 0.5532434 3.626434 -0.6358821 -0.5532439 3.626434 -0.6358821 0.5532434 3.626434 1.364118 -0.5532439 3.626434 1.364118 0.5532434 5.626434 -0.6358821 -0.5532439 5.626434 -0.6358821 0.5532434 5.626434 1.364118 -0.5532439 5.626434 1.364118 0.5532434 2.378516 -1.062 -0.5532439 2.378516 -1.062 0.5532434 2.378516 0.9379994 -0.5532439 2.378516 0.9379994 0.5532434 4.378516 -1.062 -0.5532439 4.378516 -1.062 0.5532434 4.378516 0.9379994 -0.5532439 4.378516 0.9379994 0.5532434 1.130598 -0.45326 -0.5532439 1.130598 -0.45326 0.5532434 1.130598 1.54674 -0.5532439 1.130598 1.54674 0.5532434 3.130598 -0.45326 -0.5532439 3.130598 -0.45326 0.5532434 3.130598 1.54674 -0.5532439 3.130598 1.54674 0.5532434 0.03486537 -0.9098153 -0.5532439 0.03486537 -0.9098153 0.5532434 0.03486537 1.090184 -0.5532439 0.03486537 1.090184 0.5532434 2.034865 -0.9098153 -0.5532439 2.034865 -0.9098153 0.5532434 2.034865 1.090184 -0.5532439 2.034865 1.090184 0.5532434 -1.182616 -1.366371 -0.5532439 -1.182616 -1.366371 0.5532434 -1.182616 0.6336292 -0.5532439 -1.182616 0.6336292 0.5532434 0.8173838 -1.366371 -0.5532439 0.8173838 -1.366371 0.5532434 0.8173838 0.6336292 -0.5532439 0.8173838 0.6336292 0.5532434 -3.648015 -0.2402007 -0.5532439 -3.648015 -0.2402007 0.5532434 -3.648015 1.759799 -0.5532439 -3.648015 1.759799 0.5532434 -1.648015 -0.2402007 -0.5532439 -1.648015 -0.2402007 0.5532434 -1.648015 1.759799 -0.5532439 -1.648015 1.759799 0.5532434 -15.45758 -0.1184526 -0.5532439 -15.45758 -0.1184526 0.5532433 -15.45758 1.881547 -0.5532439 -15.45758 1.881547 0.5532433 -13.45758 -0.1184526 -0.5532439 -13.45758 -0.1184526 0.5532433 -13.45758 1.881547 -0.5532439 -13.45758 1.881547 0.5532433 -14.17923 -1.518556 -0.5532439 -14.17923 -1.518556 0.5532433 -14.17923 0.481444 -0.5532439 -14.17923 0.481444 0.5532433 -12.17923 -1.518556 -0.5532439 -12.17923 -1.518556 0.5532433 -12.17923 0.481444 -0.5532439 -12.17923 0.481444 0.5532433 -13.84442 -0.45326 -0.5532439 -13.84442 -0.45326 0.5532433 -13.84442 1.54674 -0.5532439 -13.84442 1.54674 0.5532433 -11.84442 -0.45326 -0.5532439 -11.84442 -0.45326 0.5532433 -11.84442 1.54674 -0.5532439 -11.84442 1.54674 0.5532433 -12.32257 -1.244623 -0.5532439 -12.32257 -1.244623 0.5532433 -12.32257 0.7553772 -0.5532439 -12.32257 0.7553772 0.5532433 -10.32257 -1.244623 -0.5532439 -10.32257 -1.244623 0.5532433 -10.32257 0.7553772 -0.5532439 -10.32257 0.7553772 0.5532433 -11.43989 -0.6054452 -0.5532439 -11.43989 -0.6054452 0.5532434 -11.43989 1.394555 -0.5532439 -11.43989 1.394555 0.5532434 -9.439895 -0.6054452 -0.5532439 -9.439895 -0.6054452 0.5532434 -9.439895 1.394555 -0.5532439 -9.439895 1.394555 0.5532434 -10.00935 -1.548993 -0.5532439 -10.00935 -1.548993 0.5532434 -10.00935 0.4510068 -0.5532439 -10.00935 0.4510068 0.5532434 -8.009353 -1.548993 -0.5532439 -8.009353 -1.548993 0.5532434 -8.009353 0.4510068 -0.5532439 -8.009353 0.4510068 0.5532434 -8.548377 -1.062 -0.5532439 -8.548377 -1.062 0.5532434 -8.548377 0.9379993 -0.5532439 -8.548377 0.9379993 0.5532434 -6.548377 -1.062 -0.5532439 -6.548377 -1.062 0.5532434 -6.548377 0.9379993 -0.5532439 -6.548377 0.9379993 0.5532434 -7.27002 -0.331512 -0.5532439 -7.27002 -0.331512 0.5532434 -7.27002 1.668488 -0.5532439 -7.27002 1.668488 0.5532434 -5.27002 -0.331512 -0.5532439 -5.27002 -0.331512 0.5532434 -5.27002 1.668488 -0.5532439 -5.27002 1.668488 0.5532434 -5.535109 -1.153312 -0.5532439 -5.535109 -1.153312 0.5532434 -5.535109 0.8466882 -0.5532439 -5.535109 0.8466882 0.5532434 -3.53511 -1.153312 -0.5532439 -3.53511 -1.153312 0.5532434 -3.53511 0.8466882 -0.5532439 -3.53511 0.8466882 0.5532434 -4.865496 0.3381028 -0.5532439 -4.865496 0.3381028 0.5532434 -4.865496 2.338103 -0.5532439 -4.865496 2.338103 0.5532434 -2.865496 0.3381028 -0.5532439 -2.865496 0.3381028 0.5532434 -2.865496 2.338103 -0.5532439 -2.865496 2.338103 0.5532434 -2.643593 -0.6663191 -0.5532439 -2.643593 -0.6663191 0.5532434 -2.643593 1.333681 -0.5532439 -2.643593 1.333681 0.5532434 -0.6435928 -0.6663191 -0.5532439 -0.6435928 -0.6663191 0.5532434 -0.6435928 1.333681 -0.5532439 -0.6435928 1.333681 0.5532434</float_array>
          <technique_common>
            <accessor source="#Cube_030-mesh-positions-array" count="216" stride="3">
              <param name="X" type="float"/>
              <param name="Y" type="float"/>
              <param name="Z" type="float"/>
            </accessor>
          </technique_common>
        </source>
        <source id="Cube_030-mesh-normals">
          <float_array id="Cube_030-mesh-normals-array" count="18">-1 0 0 0 1 0 1 0 0 0 -1 0 0 0 -1 0 0 1</float_array>
          <technique_common>
            <accessor source="#Cube_030-mesh-normals-array" count="6" stride="3">
              <param name="X" type="float"/>
              <param name="Y" type="float"/>
              <param name="Z" type="float"/>
            </accessor>
          </technique_common>
        </source>
        <vertices id="Cube_030-mesh-vertices">
          <input semantic="POSITION" source="#Cube_030-mesh-positions"/>
        </vertices>
        <polylist material="Material_003-material" count="324">
          <input semantic="VERTEX" source="#Cube_030-mesh-vertices" offset="0"/>
          <input semantic="NORMAL" source="#Cube_030-mesh-normals" offset="1"/>
          <vcount>3 3 3 3 3 3 3 3 3 3 3 3 3 3 3 3 3 3 3 3 3 3 3 3 3 3 3 3 3 3 3 3 3 3 3 3 3 3 3 3 3 3 3 3 3 3 3 3 3 3 3 3 3 3 3 3 3 3 3 3 3 3 3 3 3 3 3 3 3 3 3 3 3 3 3 3 3 3 3 3 3 3 3 3 3 3 3 3 3 3 3 3 3 3 3 3 3 3 3 3 3 3 3 3 3 3 3 3 3 3 3 3 3 3 3 3 3 3 3 3 3 3 3 3 3 3 3 3 3 3 3 3 3 3 3 3 3 3 3 3 3 3 3 3 3 3 3 3 3 3 3 3 3 3 3 3 3 3 3 3 3 3 3 3 3 3 3 3 3 3 3 3 3 3 3 3 3 3 3 3 3 3 3 3 3 3 3 3 3 3 3 3 3 3 3 3 3 3 3 3 3 3 3 3 3 3 3 3 3 3 3 3 3 3 3 3 3 3 3 3 3 3 3 3 3 3 3 3 3 3 3 3 3 3 3 3 3 3 3 3 3 3 3 3 3 3 3 3 3 3 3 3 3 3 3 3 3 3 3 3 3 3 3 3 3 3 3 3 3 3 3 3 3 3 3 3 3 3 3 3 3 3 3 3 3 3 3 3 3 3 3 3 3 3 3 3 3 3 3 3 3 3 3 3 3 3 3 3 3 3 3 3 3 3 3 3 3 3 3 3 3 3 3 3 </vcount>
          <p>3 0 2 0 0 0 7 1 6 1 2 1 5 2 4 2 6 2 1 3 0 3 4 3 2 4 6 4 4 4 7 5 3 5 1 5 11 0 10 0 8 0 15 1 14 1 10 1 13 2 12 2 14 2 9 3 8 3 12 3 10 4 14 4 12 4 15 5 11 5 9 5 19 0 18 0 16 0 23 1 22 1 18 1 21 2 20 2 22 2 17 3 16 3 20 3 18 4 22 4 20 4 23 5 19 5 17 5 27 0 26 0 24 0 31 1 30 1 26 1 29 2 28 2 30 2 25 3 24 3 28 3 26 4 30 4 28 4 31 5 27 5 25 5 35 0 34 0 32 0 39 1 38 1 34 1 37 2 36 2 38 2 33 3 32 3 36 3 34 4 38 4 36 4 39 5 35 5 33 5 43 0 42 0 40 0 47 1 46 1 42 1 45 2 44 2 46 2 41 3 40 3 44 3 42 4 46 4 44 4 47 5 43 5 41 5 51 0 50 0 48 0 55 1 54 1 50 1 53 2 52 2 54 2 49 3 48 3 52 3 50 4 54 4 52 4 55 5 51 5 49 5 59 0 58 0 56 0 63 1 62 1 58 1 61 2 60 2 62 2 57 3 56 3 60 3 58 4 62 4 60 4 63 5 59 5 57 5 67 0 66 0 64 0 71 1 70 1 66 1 69 2 68 2 70 2 65 3 64 3 68 3 66 4 70 4 68 4 71 5 67 5 65 5 75 0 74 0 72 0 79 1 78 1 74 1 77 2 76 2 78 2 73 3 72 3 76 3 74 4 78 4 76 4 79 5 75 5 73 5 83 0 82 0 80 0 87 1 86 1 82 1 85 2 84 2 86 2 81 3 80 3 84 3 82 4 86 4 84 4 87 5 83 5 81 5 91 0 90 0 88 0 95 1 94 1 90 1 93 2 92 2 94 2 89 3 88 3 92 3 90 4 94 4 92 4 95 5 91 5 89 5 99 0 98 0 96 0 103 1 102 1 98 1 101 2 100 2 102 2 97 3 96 3 100 3 98 4 102 4 100 4 103 5 99 5 97 5 107 0 106 0 104 0 111 1 110 1 106 1 109 2 108 2 110 2 105 3 104 3 108 3 106 4 110 4 108 4 111 5 107 5 105 5 115 0 114 0 112 0 119 1 118 1 114 1 117 2 116 2 118 2 113 3 112 3 116 3 114 4 118 4 116 4 119 5 115 5 113 5 123 0 122 0 120 0 127 1 126 1 122 1 125 2 124 2 126 2 121 3 120 3 124 3 122 4 126 4 124 4 127 5 123 5 121 5 131 0 130 0 128 0 135 1 134 1 130 1 133 2 132 2 134 2 129 3 128 3 132 3 130 4 134 4 132 4 135 5 131 5 129 5 139 0 138 0 136 0 143 1 142 1 138 1 141 2 140 2 142 2 137 3 136 3 140 3 138 4 142 4 140 4 143 5 139 5 137 5 147 0 146 0 144 0 151 1 150 1 146 1 149 2 148 2 150 2 145 3 144 3 148 3 146 4 150 4 148 4 151 5 147 5 145 5 155 0 154 0 152 0 159 1 158 1 154 1 157 2 156 2 158 2 153 3 152 3 156 3 154 4 158 4 156 4 159 5 155 5 153 5 163 0 162 0 160 0 167 1 166 1 162 1 165 2 164 2 166 2 161 3 160 3 164 3 162 4 166 4 164 4 167 5 163 5 161 5 171 0 170 0 168 0 175 1 174 1 170 1 173 2 172 2 174 2 169 3 168 3 172 3 170 4 174 4 172 4 175 5 171 5 169 5 179 0 178 0 176 0 183 1 182 1 178 1 181 2 180 2 182 2 177 3 176 3 180 3 178 4 182 4 180 4 183 5 179 5 177 5 187 0 186 0 184 0 191 1 190 1 186 1 189 2 188 2 190 2 185 3 184 3 188 3 186 4 190 4 188 4 191 5 187 5 185 5 195 0 194 0 192 0 199 1 198 1 194 1 197 2 196 2 198 2 193 3 192 3 196 3 194 4 198 4 196 4 199 5 195 5 193 5 203 0 202 0 200 0 207 1 206 1 202 1 205 2 204 2 206 2 201 3 200 3 204 3 202 4 206 4 204 4 207 5 203 5 201 5 211 0 210 0 208 0 215 1 214 1 210 1 213 2 212 2 214 2 209 3 208 3 212 3 210 4 214 4 212 4 215 5 211 5 209 5 1 0 3 0 0 0 3 1 7 1 2 1 7 2 5 2 6 2 5 3 1 3 4 3 0 4 2 4 4 4 5 5 7 5 1 5 9 0 11 0 8 0 11 1 15 1 10 1 15 2 13 2 14 2 13 3 9 3 12 3 8 4 10 4 12 4 13 5 15 5 9 5 17 0 19 0 16 0 19 1 23 1 18 1 23 2 21 2 22 2 21 3 17 3 20 3 16 4 18 4 20 4 21 5 23 5 17 5 25 0 27 0 24 0 27 1 31 1 26 1 31 2 29 2 30 2 29 3 25 3 28 3 24 4 26 4 28 4 29 5 31 5 25 5 33 0 35 0 32 0 35 1 39 1 34 1 39 2 37 2 38 2 37 3 33 3 36 3 32 4 34 4 36 4 37 5 39 5 33 5 41 0 43 0 40 0 43 1 47 1 42 1 47 2 45 2 46 2 45 3 41 3 44 3 40 4 42 4 44 4 45 5 47 5 41 5 49 0 51 0 48 0 51 1 55 1 50 1 55 2 53 2 54 2 53 3 49 3 52 3 48 4 50 4 52 4 53 5 55 5 49 5 57 0 59 0 56 0 59 1 63 1 58 1 63 2 61 2 62 2 61 3 57 3 60 3 56 4 58 4 60 4 61 5 63 5 57 5 65 0 67 0 64 0 67 1 71 1 66 1 71 2 69 2 70 2 69 3 65 3 68 3 64 4 66 4 68 4 69 5 71 5 65 5 73 0 75 0 72 0 75 1 79 1 74 1 79 2 77 2 78 2 77 3 73 3 76 3 72 4 74 4 76 4 77 5 79 5 73 5 81 0 83 0 80 0 83 1 87 1 82 1 87 2 85 2 86 2 85 3 81 3 84 3 80 4 82 4 84 4 85 5 87 5 81 5 89 0 91 0 88 0 91 1 95 1 90 1 95 2 93 2 94 2 93 3 89 3 92 3 88 4 90 4 92 4 93 5 95 5 89 5 97 0 99 0 96 0 99 1 103 1 98 1 103 2 101 2 102 2 101 3 97 3 100 3 96 4 98 4 100 4 101 5 103 5 97 5 105 0 107 0 104 0 107 1 111 1 106 1 111 2 109 2 110 2 109 3 105 3 108 3 104 4 106 4 108 4 109 5 111 5 105 5 113 0 115 0 112 0 115 1 119 1 114 1 119 2 117 2 118 2 117 3 113 3 116 3 112 4 114 4 116 4 117 5 119 5 113 5 121 0 123 0 120 0 123 1 127 1 122 1 127 2 125 2 126 2 125 3 121 3 124 3 120 4 122 4 124 4 125 5 127 5 121 5 129 0 131 0 128 0 131 1 135 1 130 1 135 2 133 2 134 2 133 3 129 3 132 3 128 4 130 4 132 4 133 5 135 5 129 5 137 0 139 0 136 0 139 1 143 1 138 1 143 2 141 2 142 2 141 3 137 3 140 3 136 4 138 4 140 4 141 5 143 5 137 5 145 0 147 0 144 0 147 1 151 1 146 1 151 2 149 2 150 2 149 3 145 3 148 3 144 4 146 4 148 4 149 5 151 5 145 5 153 0 155 0 152 0 155 1 159 1 154 1 159 2 157 2 158 2 157 3 153 3 156 3 152 4 154 4 156 4 157 5 159 5 153 5 161 0 163 0 160 0 163 1 167 1 162 1 167 2 165 2 166 2 165 3 161 3 164 3 160 4 162 4 164 4 165 5 167 5 161 5 169 0 171 0 168 0 171 1 175 1 170 1 175 2 173 2 174 2 173 3 169 3 172 3 168 4 170 4 172 4 173 5 175 5 169 5 177 0 179 0 176 0 179 1 183 1 178 1 183 2 181 2 182 2 181 3 177 3 180 3 176 4 178 4 180 4 181 5 183 5 177 5 185 0 187 0 184 0 187 1 191 1 186 1 191 2 189 2 190 2 189 3 185 3 188 3 184 4 186 4 188 4 189 5 191 5 185 5 193 0 195 0 192 0 195 1 199 1 194 1 199 2 197 2 198 2 197 3 193 3 196 3 192 4 194 4 196 4 197 5 199 5 193 5 201 0 203 0 200 0 203 1 207 1 202 1 207 2 205 2 206 2 205 3 201 3 204 3 200 4 202 4 204 4 205 5 207 5 201 5 209 0 211 0 208 0 211 1 215 1 210 1 215 2 213 2 214 2 213 3 209 3 212 3 208 4 210 4 212 4 213 5 215 5 209 5</p>
        </polylist>
      </mesh>
    </geometry>
    <geometry id="Cube_032-mesh" name="Cube.032">
      <mesh>
        <source id="Cube_032-mesh-positions">
          <float_array id="Cube_032-mesh-positions-array" count="78">-1.112202 0 2.178964 -1.112202 1.1122 1.801633 -1.000002 1 0 -1.026592 0.7629984 0.516418 -1.088165 0.7629984 1.525997 -1.078579 0.2996689 1.525997 -1.078579 0 1.525997 1.112198 0 2.178964 1.112198 1.1122 1.801633 0.9999981 1 0 -1.000002 0.7629984 0 -1.112202 -1.1122 1.801633 -1.091909 -0.7629984 1.525997 -1.076975 -0.7629984 1.235967 1.112198 -1.1122 1.801633 1.078577 0 1.525997 1.091906 0.7629984 1.525997 1.076971 0.7629984 1.235967 0.9999981 0.7629984 0 -1.000002 -0.7629984 0 -1.000002 -1 0 0.9999981 -1 0 1.026588 -0.7629984 0.516418 1.088161 -0.7629984 1.525997 1.078577 -0.2996689 1.525997 0.9999981 -0.7629984 0</float_array>
          <technique_common>
            <accessor source="#Cube_032-mesh-positions-array" count="26" stride="3">
              <param name="X" type="float"/>
              <param name="Y" type="float"/>
              <param name="Z" type="float"/>
            </accessor>
          </technique_common>
        </source>
        <source id="Cube_032-mesh-normals">
          <float_array id="Cube_032-mesh-normals-array" count="114">-0.9979325 -0.02064919 -0.06086272 -0.998677 0 -0.05142402 0 0.3212793 0.9469845 0 0.9980664 -0.06215655 -0.9986771 0 -0.05142182 -0.9985249 0.0174455 -0.05141621 0 -0.3212793 0.9469845 0.9985252 -0.01744288 -0.05141329 0.9980665 2.94468e-6 -0.06215649 0 0 -1 -0.9980665 -3.15501e-6 -0.06215649 0 -0.9980664 -0.06215655 0.9979325 0.02064919 -0.06086272 0.9986771 0 -0.0514211 0 0 -1 0.9986771 0 -0.05142182 0 -1 0 0 0 -1 0 1 0 -0.9979327 -0.02064728 -0.06086152 -0.9979326 -0.02065235 -0.06086176 -0.9979326 -0.02064871 -0.06086313 0 0.9980664 -0.06215637 -0.9985252 0.0174427 -0.05141305 -0.998525 0.01744031 -0.05141723 0.9985252 -0.0174427 -0.05141305 0.998525 -0.01743912 -0.05141723 0.9980664 0 -0.06215703 0 0 -1 -0.9980664 0 -0.06215703 0 -0.9980664 -0.06215637 0.9979331 0.02064299 -0.06085669 0.9979326 0.02065259 -0.06086176 0.9979326 0.02064889 -0.06086313 0 0 -1 0 -1 3.77075e-7 0 0 -1 0 1 3.77075e-7</float_array>
          <technique_common>
            <accessor source="#Cube_032-mesh-normals-array" count="38" stride="3">
              <param name="X" type="float"/>
              <param name="Y" type="float"/>
              <param name="Z" type="float"/>
            </accessor>
          </technique_common>
        </source>
        <vertices id="Cube_032-mesh-vertices">
          <input semantic="POSITION" source="#Cube_032-mesh-positions"/>
        </vertices>
        <polylist material="Material_002-material" count="48">
          <input semantic="VERTEX" source="#Cube_032-mesh-vertices" offset="0"/>
          <input semantic="NORMAL" source="#Cube_032-mesh-normals" offset="1"/>
          <vcount>3 3 3 3 3 3 3 3 3 3 3 3 3 3 3 3 3 3 3 3 3 3 3 3 3 3 3 3 3 3 3 3 3 3 3 3 3 3 3 3 3 3 3 3 3 3 3 3 </vcount>
          <p>1 0 3 0 4 0 0 1 5 1 6 1 8 2 1 2 0 2 8 3 9 3 2 3 3 4 2 4 10 4 0 5 6 5 12 5 7 6 0 6 11 6 7 7 15 7 16 7 9 8 8 8 17 8 2 9 9 9 18 9 20 10 11 10 13 10 11 11 20 11 21 11 14 12 22 12 23 12 7 13 24 13 15 13 21 14 20 14 19 14 22 15 21 15 25 15 3 16 17 16 4 16 24 17 6 17 15 17 22 18 13 18 23 18 5 19 0 19 4 19 1 20 2 20 3 20 4 21 0 21 1 21 7 2 8 2 0 2 1 22 8 22 2 22 11 23 0 23 12 23 12 24 13 24 11 24 14 6 7 6 11 6 8 25 7 25 16 25 16 26 17 26 8 26 18 27 9 27 17 27 10 28 2 28 18 28 19 29 20 29 13 29 14 30 11 30 21 30 24 31 7 31 23 31 14 32 21 32 22 32 23 33 7 33 14 33 25 34 21 34 19 34 16 35 4 35 17 35 3 16 10 16 18 16 18 16 17 16 3 16 4 17 16 17 5 17 24 17 23 17 12 17 16 36 15 36 5 36 24 17 12 17 6 17 5 17 15 17 6 17 12 37 23 37 13 37 22 18 25 18 19 18 19 18 13 18 22 18</p>
        </polylist>
      </mesh>
    </geometry>
    <geometry id="Cube_034-mesh" name="Cube.034">
      <mesh>
        <source id="Cube_034-mesh-positions">
          <float_array id="Cube_034-mesh-positions-array" count="24">-1 -1 -1 -1 -1 0.1064872 -1 1 -1 -1 1 0.1064872 1 -1 -1 1 -1 0.1064872 1 1 -1 1 1 0.1064872</float_array>
          <technique_common>
            <accessor source="#Cube_034-mesh-positions-array" count="8" stride="3">
              <param name="X" type="float"/>
              <param name="Y" type="float"/>
              <param name="Z" type="float"/>
            </accessor>
          </technique_common>
        </source>
        <source id="Cube_034-mesh-normals">
          <float_array id="Cube_034-mesh-normals-array" count="18">-1 0 0 0 1 0 1 0 0 0 -1 0 0 0 -1 0 0 1</float_array>
          <technique_common>
            <accessor source="#Cube_034-mesh-normals-array" count="6" stride="3">
              <param name="X" type="float"/>
              <param name="Y" type="float"/>
              <param name="Z" type="float"/>
            </accessor>
          </technique_common>
        </source>
        <vertices id="Cube_034-mesh-vertices">
          <input semantic="POSITION" source="#Cube_034-mesh-positions"/>
        </vertices>
        <polylist material="Material_002-material" count="12">
          <input semantic="VERTEX" source="#Cube_034-mesh-vertices" offset="0"/>
          <input semantic="NORMAL" source="#Cube_034-mesh-normals" offset="1"/>
          <vcount>3 3 3 3 3 3 3 3 3 3 3 3 </vcount>
          <p>3 0 2 0 0 0 7 1 6 1 2 1 5 2 4 2 6 2 1 3 0 3 4 3 2 4 6 4 4 4 7 5 3 5 1 5 1 0 3 0 0 0 3 1 7 1 2 1 7 2 5 2 6 2 5 3 1 3 4 3 0 4 2 4 4 4 5 5 7 5 1 5</p>
        </polylist>
      </mesh>
    </geometry>
    <geometry id="Icosphere_001-mesh" name="Icosphere.001">
      <mesh>
        <source id="Icosphere_001-mesh-positions">
          <float_array id="Icosphere_001-mesh-positions-array" count="126">0 0 -0.6007535 0.7236073 -0.5257253 -0.4472195 -0.276388 -0.8506492 -0.6022349 -0.8944262 0 -0.7152926 -0.2888091 1.017563 -0.806334 0.7824832 0.5668995 -0.7564901 0.276388 -0.8506492 0.4472199 -0.7236073 -0.5257253 0.4472195 -0.7236073 0.5257253 0.4472195 0.28354 1.030049 0.5558844 0.8944262 0 0.3018271 0 0 0.8358662 -0.1624555 -0.4999952 -0.6144308 0.4253227 -0.3090114 -0.632602 0.2628688 -0.8090116 -0.6256689 0.8506479 0 -0.8155892 0.4253227 0.3090114 -0.5961005 -0.5257298 0 -0.6842589 -0.6881894 -0.4999969 -0.5257362 -0.1658179 0.5013248 -0.7891975 -0.6881894 0.4999969 -0.5257362 0.2563956 0.8711202 -0.6447314 0.9510579 -0.3090126 0 0.9510579 0.3090126 -0.1817359 0 -1 0 0.5749361 -1.054846 -0.08149886 -1.005131 -0.3253942 -0.02663815 -0.5877856 -0.8090167 -0.1550151 -0.5877856 0.8090167 0 -1.006194 0.3212369 -0.03600257 0.5877856 0.8090167 0 0 1 0 0.6881894 -0.4999969 0.5257362 -0.2841601 -1.172361 0.662037 -0.8506479 0 0.5257359 -0.2628688 0.8090116 0.5257377 0.8339779 0.4324488 0.7380132 0.1624555 -0.4999952 0.8506544 0.5257298 0 0.8506517 -0.4253227 -0.3090114 0.9327216 -0.4253227 0.3090114 0.8506542 0.1624555 0.4999952 0.8506544</float_array>
          <technique_common>
            <accessor source="#Icosphere_001-mesh-positions-array" count="42" stride="3">
              <param name="X" type="float"/>
              <param name="Y" type="float"/>
              <param name="Z" type="float"/>
            </accessor>
          </technique_common>
        </source>
        <source id="Icosphere_001-mesh-normals">
          <float_array id="Icosphere_001-mesh-normals-array" count="240">-0.04441899 0.04173624 -0.9981409 0.07723712 -0.5845776 -0.8076531 0.1568259 -0.02394646 -0.9873359 0.1494354 -0.3042154 -0.9408093 0.2142465 -0.2808008 -0.9355477 0.8822603 -0.3938673 -0.2578477 0.06263566 -0.9615986 -0.2672168 -0.8110162 -0.4677402 -0.3513857 -0.8219561 0.5455256 -0.1636767 0.4690864 0.8690125 -0.1574017 0.8762723 -0.4151879 -0.2444709 -0.2815344 -0.9535369 -0.1072651 -0.9870225 -0.003947377 -0.1605339 -0.3063836 0.9429512 0.1302782 0.8127377 0.5821818 0.02284485 0.408946 -0.6284251 0.6616986 -0.74325 -0.3077675 0.5940191 -0.7002239 0.2680318 0.6616989 -0.2530392 0.5137071 0.8198025 0.7579777 -0.4076531 0.509204 -0.02810686 -0.02042645 0.9993963 0.1766009 0.1283049 0.9758842 0.1914766 0.4432523 0.8757078 0.01073735 -0.03304749 0.9993962 -0.1875938 0.5773454 0.7946577 -0.4712998 0.5831222 0.6616986 0.1290162 0.1305347 0.9830135 -0.6489365 0.1001533 0.754222 -0.7610719 -0.2718698 0.5889452 0.1640133 0.08236443 0.9830137 0.03808408 -0.293277 0.9552687 0.5539004 -0.5445941 0.6297711 -0.02810686 0.02042645 0.9993963 0.4911196 -0.356821 0.7946575 0.8265401 -0.09226948 0.5552638 0.9921286 0.0130645 0.1245402 0.8131349 0.5815183 0.02546501 0.7129106 0.6917381 0.115138 -0.3779196 0.914678 0.1433219 -0.3035309 0.9341715 0.1875973 -0.534576 0.7778646 0.3303866 -0.8764754 0.2712078 0.3977904 -0.9633942 0.002298951 0.2680792 -0.8734738 -0.2714379 0.4041846 -0.8355297 -0.545217 0.06803363 -0.2117389 -0.9198012 -0.330352 0.4935066 -0.8696199 -0.01458132 0.4839316 -0.6891019 0.5393968 0.8506852 -0.4573229 0.2592114 0.9032867 -0.2034214 0.3777471 0.3024796 0.9309359 -0.2046085 0.3083213 0.9489148 -0.06707233 0.2805345 0.9565339 -0.07964575 -0.753885 0.6339282 0.1726052 -0.7283505 0.6423669 -0.2384749 -0.809316 0.4682582 -0.3546012 -0.7284288 -0.6684629 0.1501631 -0.7623125 -0.5835304 -0.27995 -0.6391075 -0.6670222 -0.3829138 -0.04152065 -0.939698 0.3394759 -0.1371034 -0.929849 -0.3414433 0.5766635 -0.5679475 -0.5872776 0.9888902 0.04193586 0.1426105 0.9897324 -0.04032367 -0.1371272 0.965366 0.1390882 -0.220733 -0.2983058 -0.1708898 -0.9390476 0.3140838 0.01225936 -0.9493162 0.2933948 0.0381909 -0.9552282 -0.4458881 -0.1356002 -0.8847578 -0.4464515 0.1353697 -0.884509 0.07933282 0.3246001 -0.9425186 0.07933282 -0.3246001 -0.9425186 -0.1610574 -0.2503436 -0.9546667 -0.166323 0.01975166 -0.9858736 -0.4341514 0.04160904 -0.8998785 -0.4270757 0.0533117 -0.9026429 -0.03189843 0.05892902 -0.9977525 -0.04177373 -0.0211693 -0.9989028 -0.02951353 -0.004270792 -0.9995553 0.4380457 -0.1546036 -0.8855585</float_array>
          <technique_common>
            <accessor source="#Icosphere_001-mesh-normals-array" count="80" stride="3">
              <param name="X" type="float"/>
              <param name="Y" type="float"/>
              <param name="Z" type="float"/>
            </accessor>
          </technique_common>
        </source>
        <vertices id="Icosphere_001-mesh-vertices">
          <input semantic="POSITION" source="#Icosphere_001-mesh-positions"/>
        </vertices>
        <polylist material="Material_004-material" count="80">
          <input semantic="VERTEX" source="#Icosphere_001-mesh-vertices" offset="0"/>
          <input semantic="NORMAL" source="#Icosphere_001-mesh-normals" offset="1"/>
          <vcount>3 3 3 3 3 3 3 3 3 3 3 3 3 3 3 3 3 3 3 3 3 3 3 3 3 3 3 3 3 3 3 3 3 3 3 3 3 3 3 3 3 3 3 3 3 3 3 3 3 3 3 3 3 3 3 3 3 3 3 3 3 3 3 3 3 3 3 3 3 3 3 3 3 3 3 3 3 3 3 3 </vcount>
          <p>0 0 13 0 12 0 1 1 13 1 15 1 0 2 12 2 17 2 0 3 17 3 19 3 0 4 19 4 16 4 1 5 15 5 22 5 2 6 14 6 24 6 3 7 18 7 26 7 4 8 20 8 28 8 5 9 21 9 30 9 1 10 22 10 25 10 2 11 24 11 27 11 3 12 26 12 29 12 4 13 28 13 31 13 5 14 30 14 23 14 6 15 32 15 37 15 7 16 33 16 39 16 8 17 34 17 40 17 9 18 35 18 41 18 10 19 36 19 38 19 38 20 41 20 11 20 38 21 36 21 41 21 36 22 9 22 41 22 41 23 40 23 11 23 41 24 35 24 40 24 35 25 8 25 40 25 40 26 39 26 11 26 40 27 34 27 39 27 34 28 7 28 39 28 39 29 37 29 11 29 39 30 33 30 37 30 33 31 6 31 37 31 37 32 38 32 11 32 37 33 32 33 38 33 32 34 10 34 38 34 23 35 36 35 10 35 23 36 30 36 36 36 30 37 9 37 36 37 31 38 35 38 9 38 31 39 28 39 35 39 28 40 8 40 35 40 29 41 34 41 8 41 29 42 26 42 34 42 26 43 7 43 34 43 27 44 33 44 7 44 27 45 24 45 33 45 24 46 6 46 33 46 25 47 32 47 6 47 25 48 22 48 32 48 22 49 10 49 32 49 30 50 31 50 9 50 30 51 21 51 31 51 21 52 4 52 31 52 28 53 29 53 8 53 28 54 20 54 29 54 20 55 3 55 29 55 26 56 27 56 7 56 26 57 18 57 27 57 18 58 2 58 27 58 24 59 25 59 6 59 24 60 14 60 25 60 14 61 1 61 25 61 22 62 23 62 10 62 22 63 15 63 23 63 15 64 5 64 23 64 16 65 21 65 5 65 16 66 19 66 21 66 19 67 4 67 21 67 19 68 20 68 4 68 19 69 17 69 20 69 17 70 3 70 20 70 17 71 18 71 3 71 17 72 12 72 18 72 12 73 2 73 18 73 15 74 16 74 5 74 15 75 13 75 16 75 13 76 0 76 16 76 12 77 14 77 2 77 12 78 13 78 14 78 13 79 1 79 14 79</p>
        </polylist>
      </mesh>
    </geometry>
    <geometry id="Cylinder_005-mesh" name="Cylinder.005">
      <mesh>
        <source id="Cylinder_005-mesh-positions">
          <float_array id="Cylinder_005-mesh-positions-array" count="108">0 0.3903424 -0.16218 -0.1587997 0.2336165 2.493251 0.3712376 0.1206223 -0.16218 0.1092755 0.2232189 2.493251 0.2294374 -0.3157936 -0.16218 0.2657879 -0.02364253 2.420792 -0.2294375 -0.3157935 -0.16218 -0.008844673 -0.2823398 2.493251 -0.3712376 0.1206224 -0.16218 -0.2712543 -0.07883596 2.493251 0.1561316 0.2419679 2.951089 -0.1716135 0.1989859 2.982843 0.2682087 -0.03859871 2.76698 -0.005889058 -0.2659698 2.712517 -0.2629091 -0.1218018 2.844426 1.745303 0.8924674 4.491979 1.719115 0.9511932 4.495511 1.695619 0.8722668 4.551559 1.652128 0.9193678 4.557639 -1.748307 0.7241248 4.079011 -1.779429 0.6463212 4.092545 -1.690479 0.7022215 4.15576 -1.733901 0.6344664 4.128762 0.2211167 0.002600908 3.145254 -0.1016355 -0.02266407 3.205341 0.2415803 -0.1317524 3.074536 0.08904135 -0.312687 3.139329 -0.1395747 -0.1544584 3.21624 -0.7937943 -1.20491 4.466265 -0.7514517 -1.253913 4.449507 -0.7470079 -1.155576 4.518111 -0.6956331 -1.198234 4.514115 -0.1499348 0.8256251 5.379979 -0.2496763 0.7972812 5.38296 -0.1243928 0.7427177 5.413093 -0.2235307 0.7164856 5.421041</float_array>
          <technique_common>
            <accessor source="#Cylinder_005-mesh-positions-array" count="36" stride="3">
              <param name="X" type="float"/>
              <param name="Y" type="float"/>
              <param name="Z" type="float"/>
            </accessor>
          </technique_common>
        </source>
        <source id="Cylinder_005-mesh-normals">
          <float_array id="Cylinder_005-mesh-normals-array" count="198">0.03868424 0.9973769 0.06117939 0.8512068 0.5209327 0.06384569 0.6782981 -0.7332752 -0.04710984 0.6801153 -0.7322016 -0.03638875 -0.9391766 0.3380185 0.06075197 -0.6116963 -0.7887566 0.06075197 0 0 -1 -0.9016001 0.2863532 0.3242208 -0.6114465 -0.7884353 0.06710499 0.5654667 -0.8238226 -0.03954529 0.3912349 -0.5459462 0.740863 -0.1233748 0.990109 0.0668047 0.5228472 0.3845795 0.7607426 0.6695026 0.3383219 -0.6612902 -0.4381307 -0.60893 0.6612456 -0.4214466 0.9067971 0.01009666 -0.5272883 0.3459234 0.7760826 0.3617711 0.9292294 0.07519596 -0.3527747 -0.9250736 0.1406726 -0.6845442 0.1497255 -0.7134295 0.3634856 0.02702414 0.9312078 0.6489423 -0.7419367 -0.1685346 0.1339228 -0.9358932 0.3258353 -0.63534 0.7219293 0.2741553 0.9429216 0.3227003 0.08223909 -0.335107 -0.5509418 0.7643078 0.5089913 0.5510684 0.6612499 -0.6044602 -0.5526394 -0.5737748 0.72367 -0.6894472 -0.03105378 -0.08686751 0.4015959 0.9116879 0.9532917 0.2981346 0.0484839 -0.2719492 0.9316249 -0.2410782 -0.9563707 -0.2888618 0.04374939 0.5875756 0.8087282 0.02671873 0.9508355 -0.3089451 0.02156245 -1.49909e-7 -0.9936642 0.1123899 0.6318653 -0.773513 0.04923164 -0.5877386 0.8089529 0.01259726 -0.9509812 -0.3089924 0.0125972 -0.9183319 0.09562534 0.3840863 -0.5224085 -0.8477922 -0.09131175 0.4597011 -0.8841323 0.08357673 0.439029 -0.4583816 0.7727484 0.03871792 0.9982436 -0.04484158 0.6929705 0.2687792 0.6689916 0.5549659 0.538069 -0.6344246 -0.4897997 -0.5405638 0.6840227 -0.4177474 0.9085464 0.005546927 -0.7452699 0.2279415 0.6265904 0.329244 0.9440039 0.02133339 -0.5094856 -0.8554866 -0.09256029 -0.6495918 0.233794 -0.7234438 0.1976293 -0.4328503 0.8795359 0.3118626 -0.01120865 0.9500611 0.7019395 -0.6741088 -0.2299092 0.2662649 -0.9098713 0.3181781 -0.7775062 0.6186477 0.1129568 0.9893826 0.09108489 0.1132497 -0.3522496 -0.498418 0.7921488 0.5681589 0.5051236 0.6496504 -0.7222626 -0.4422349 -0.5317566 0.5629444 -0.7986754 -0.2126294 -0.02196794 0.3649885 0.9307529 0.9497449 0.3099832 0.04353147 -0.1496016 0.9569315 -0.2488002 -0.9626946 -0.2682445 0.03555601</float_array>
          <technique_common>
            <accessor source="#Cylinder_005-mesh-normals-array" count="66" stride="3">
              <param name="X" type="float"/>
              <param name="Y" type="float"/>
              <param name="Z" type="float"/>
            </accessor>
          </technique_common>
        </source>
        <vertices id="Cylinder_005-mesh-vertices">
          <input semantic="POSITION" source="#Cylinder_005-mesh-positions"/>
        </vertices>
        <polylist material="Material_005-material" count="68">
          <input semantic="VERTEX" source="#Cylinder_005-mesh-vertices" offset="0"/>
          <input semantic="NORMAL" source="#Cylinder_005-mesh-normals" offset="1"/>
          <vcount>3 3 3 3 3 3 3 3 3 3 3 3 3 3 3 3 3 3 3 3 3 3 3 3 3 3 3 3 3 3 3 3 3 3 3 3 3 3 3 3 3 3 3 3 3 3 3 3 3 3 3 3 3 3 3 3 3 3 3 3 3 3 3 3 3 3 3 3 </vcount>
          <p>0 0 1 0 3 0 2 1 3 1 5 1 5 2 7 2 6 2 7 3 5 3 12 3 8 4 9 4 1 4 6 5 7 5 9 5 4 6 6 6 8 6 14 7 27 7 24 7 9 8 7 8 13 8 12 9 5 9 15 9 11 10 21 10 22 10 1 11 11 11 10 11 16 12 18 12 17 12 3 13 16 13 15 13 10 14 12 14 17 14 10 15 18 15 16 15 19 16 20 16 22 16 11 17 1 17 19 17 14 18 22 18 20 18 9 19 20 19 19 19 24 20 26 20 25 20 13 21 12 21 25 21 24 22 23 22 34 22 27 23 14 23 28 23 12 24 10 24 23 24 28 25 29 25 31 25 27 26 30 26 31 26 14 27 13 27 29 27 26 28 31 28 29 28 32 29 33 29 35 29 23 30 10 30 32 30 11 31 33 31 32 31 24 32 35 32 33 32 2 33 0 33 3 33 4 34 2 34 5 34 4 35 5 35 6 35 13 36 7 36 12 36 0 37 8 37 1 37 8 38 6 38 9 38 8 6 0 6 2 6 2 6 4 6 8 6 11 39 14 39 24 39 14 40 9 40 13 40 17 41 12 41 15 41 14 42 11 42 22 42 3 43 1 43 10 43 15 44 16 44 17 44 5 45 3 45 15 45 18 46 10 46 17 46 3 47 10 47 16 47 21 48 19 48 22 48 21 49 11 49 19 49 9 50 14 50 20 50 1 51 9 51 19 51 25 52 23 52 24 52 24 53 27 53 26 53 26 54 13 54 25 54 35 55 24 55 34 55 30 56 27 56 28 56 25 57 12 57 23 57 30 58 28 58 31 58 26 59 27 59 31 59 28 60 14 60 29 60 13 61 26 61 29 61 34 62 32 62 35 62 34 63 23 63 32 63 10 64 11 64 32 64 11 65 24 65 33 65</p>
        </polylist>
      </mesh>
    </geometry>
    <geometry id="Icosphere_002-mesh" name="Icosphere.002">
      <mesh>
        <source id="Icosphere_002-mesh-positions">
          <float_array id="Icosphere_002-mesh-positions-array" count="126">0 0 -0.6007535 0.7236073 -0.5257253 -0.4472195 -0.276388 -0.8506492 -0.6022349 -0.8944262 0 -0.7152926 -0.2888091 1.017563 -0.806334 0.7824832 0.5668995 -0.7564901 0.276388 -0.8506492 0.4472199 -0.7236073 -0.5257253 0.4472195 -0.7236073 0.5257253 0.4472195 0.28354 1.030049 0.5558844 0.8944262 0 0.3018271 0 0 0.8358662 -0.1624555 -0.4999952 -0.6144308 0.4253227 -0.3090114 -0.632602 0.2628688 -0.8090116 -0.6256689 0.8506479 0 -0.8155892 0.4253227 0.3090114 -0.5961005 -0.5257298 0 -0.6842589 -0.6881894 -0.4999969 -0.5257362 -0.1658179 0.5013248 -0.7891975 -0.6881894 0.4999969 -0.5257362 0.2563956 0.8711202 -0.6447314 0.9510579 -0.3090126 0 0.9510579 0.3090126 -0.1817359 0 -1 0 0.5749361 -1.054846 -0.08149886 -1.005131 -0.3253942 -0.02663815 -0.5877856 -0.8090167 -0.1550151 -0.5877856 0.8090167 0 -1.006194 0.3212369 -0.03600257 0.5877856 0.8090167 0 0 1 0 0.6881894 -0.4999969 0.5257362 -0.2841601 -1.172361 0.662037 -0.8506479 0 0.5257359 -0.2628688 0.8090116 0.5257377 0.8339779 0.4324488 0.7380132 0.1624555 -0.4999952 0.8506544 0.5257298 0 0.8506517 -0.4253227 -0.3090114 0.9327216 -0.4253227 0.3090114 0.8506542 0.1624555 0.4999952 0.8506544</float_array>
          <technique_common>
            <accessor source="#Icosphere_002-mesh-positions-array" count="42" stride="3">
              <param name="X" type="float"/>
              <param name="Y" type="float"/>
              <param name="Z" type="float"/>
            </accessor>
          </technique_common>
        </source>
        <source id="Icosphere_002-mesh-normals">
          <float_array id="Icosphere_002-mesh-normals-array" count="240">-0.04441899 0.04173624 -0.9981409 0.07723712 -0.5845776 -0.8076531 0.1568259 -0.02394646 -0.9873359 0.1494354 -0.3042154 -0.9408093 0.2142465 -0.2808008 -0.9355477 0.8822603 -0.3938673 -0.2578477 0.06263566 -0.9615986 -0.2672168 -0.8110162 -0.4677402 -0.3513857 -0.8219561 0.5455256 -0.1636767 0.4690864 0.8690125 -0.1574017 0.8762723 -0.4151879 -0.2444709 -0.2815344 -0.9535369 -0.1072651 -0.9870225 -0.003947377 -0.1605339 -0.3063836 0.9429512 0.1302782 0.8127377 0.5821818 0.02284485 0.408946 -0.6284251 0.6616986 -0.74325 -0.3077675 0.5940191 -0.7002239 0.2680318 0.6616989 -0.2530392 0.5137071 0.8198025 0.7579777 -0.4076531 0.509204 -0.02810686 -0.02042645 0.9993963 0.1766009 0.1283049 0.9758842 0.1914766 0.4432523 0.8757078 0.01073735 -0.03304749 0.9993962 -0.1875938 0.5773454 0.7946577 -0.4712998 0.5831222 0.6616986 0.1290162 0.1305347 0.9830135 -0.6489365 0.1001533 0.754222 -0.7610719 -0.2718698 0.5889452 0.1640133 0.08236443 0.9830137 0.03808408 -0.293277 0.9552687 0.5539004 -0.5445941 0.6297711 -0.02810686 0.02042645 0.9993963 0.4911196 -0.356821 0.7946575 0.8265401 -0.09226948 0.5552638 0.9921286 0.0130645 0.1245402 0.8131349 0.5815183 0.02546501 0.7129106 0.6917381 0.115138 -0.3779196 0.914678 0.1433219 -0.3035309 0.9341715 0.1875973 -0.534576 0.7778646 0.3303866 -0.8764754 0.2712078 0.3977904 -0.9633942 0.002298951 0.2680792 -0.8734738 -0.2714379 0.4041846 -0.8355297 -0.545217 0.06803363 -0.2117389 -0.9198012 -0.330352 0.4935066 -0.8696199 -0.01458132 0.4839316 -0.6891019 0.5393968 0.8506852 -0.4573229 0.2592114 0.9032867 -0.2034214 0.3777471 0.3024796 0.9309359 -0.2046085 0.3083213 0.9489148 -0.06707233 0.2805345 0.9565339 -0.07964575 -0.753885 0.6339282 0.1726052 -0.7283505 0.6423669 -0.2384749 -0.809316 0.4682582 -0.3546012 -0.7284288 -0.6684629 0.1501631 -0.7623125 -0.5835304 -0.27995 -0.6391075 -0.6670222 -0.3829138 -0.04152065 -0.939698 0.3394759 -0.1371034 -0.929849 -0.3414433 0.5766635 -0.5679475 -0.5872776 0.9888902 0.04193586 0.1426105 0.9897324 -0.04032367 -0.1371272 0.965366 0.1390882 -0.220733 -0.2983058 -0.1708898 -0.9390476 0.3140838 0.01225936 -0.9493162 0.2933948 0.0381909 -0.9552282 -0.4458881 -0.1356002 -0.8847578 -0.4464515 0.1353697 -0.884509 0.07933282 0.3246001 -0.9425186 0.07933282 -0.3246001 -0.9425186 -0.1610574 -0.2503436 -0.9546667 -0.166323 0.01975166 -0.9858736 -0.4341514 0.04160904 -0.8998785 -0.4270757 0.0533117 -0.9026429 -0.03189843 0.05892902 -0.9977525 -0.04177373 -0.0211693 -0.9989028 -0.02951353 -0.004270792 -0.9995553 0.4380457 -0.1546036 -0.8855585</float_array>
          <technique_common>
            <accessor source="#Icosphere_002-mesh-normals-array" count="80" stride="3">
              <param name="X" type="float"/>
              <param name="Y" type="float"/>
              <param name="Z" type="float"/>
            </accessor>
          </technique_common>
        </source>
        <vertices id="Icosphere_002-mesh-vertices">
          <input semantic="POSITION" source="#Icosphere_002-mesh-positions"/>
        </vertices>
        <polylist material="Material_004-material" count="80">
          <input semantic="VERTEX" source="#Icosphere_002-mesh-vertices" offset="0"/>
          <input semantic="NORMAL" source="#Icosphere_002-mesh-normals" offset="1"/>
          <vcount>3 3 3 3 3 3 3 3 3 3 3 3 3 3 3 3 3 3 3 3 3 3 3 3 3 3 3 3 3 3 3 3 3 3 3 3 3 3 3 3 3 3 3 3 3 3 3 3 3 3 3 3 3 3 3 3 3 3 3 3 3 3 3 3 3 3 3 3 3 3 3 3 3 3 3 3 3 3 3 3 </vcount>
          <p>0 0 13 0 12 0 1 1 13 1 15 1 0 2 12 2 17 2 0 3 17 3 19 3 0 4 19 4 16 4 1 5 15 5 22 5 2 6 14 6 24 6 3 7 18 7 26 7 4 8 20 8 28 8 5 9 21 9 30 9 1 10 22 10 25 10 2 11 24 11 27 11 3 12 26 12 29 12 4 13 28 13 31 13 5 14 30 14 23 14 6 15 32 15 37 15 7 16 33 16 39 16 8 17 34 17 40 17 9 18 35 18 41 18 10 19 36 19 38 19 38 20 41 20 11 20 38 21 36 21 41 21 36 22 9 22 41 22 41 23 40 23 11 23 41 24 35 24 40 24 35 25 8 25 40 25 40 26 39 26 11 26 40 27 34 27 39 27 34 28 7 28 39 28 39 29 37 29 11 29 39 30 33 30 37 30 33 31 6 31 37 31 37 32 38 32 11 32 37 33 32 33 38 33 32 34 10 34 38 34 23 35 36 35 10 35 23 36 30 36 36 36 30 37 9 37 36 37 31 38 35 38 9 38 31 39 28 39 35 39 28 40 8 40 35 40 29 41 34 41 8 41 29 42 26 42 34 42 26 43 7 43 34 43 27 44 33 44 7 44 27 45 24 45 33 45 24 46 6 46 33 46 25 47 32 47 6 47 25 48 22 48 32 48 22 49 10 49 32 49 30 50 31 50 9 50 30 51 21 51 31 51 21 52 4 52 31 52 28 53 29 53 8 53 28 54 20 54 29 54 20 55 3 55 29 55 26 56 27 56 7 56 26 57 18 57 27 57 18 58 2 58 27 58 24 59 25 59 6 59 24 60 14 60 25 60 14 61 1 61 25 61 22 62 23 62 10 62 22 63 15 63 23 63 15 64 5 64 23 64 16 65 21 65 5 65 16 66 19 66 21 66 19 67 4 67 21 67 19 68 20 68 4 68 19 69 17 69 20 69 17 70 3 70 20 70 17 71 18 71 3 71 17 72 12 72 18 72 12 73 2 73 18 73 15 74 16 74 5 74 15 75 13 75 16 75 13 76 0 76 16 76 12 77 14 77 2 77 12 78 13 78 14 78 13 79 1 79 14 79</p>
        </polylist>
      </mesh>
    </geometry>
    <geometry id="Icosphere_013-mesh" name="Icosphere.013">
      <mesh>
        <source id="Icosphere_013-mesh-positions">
          <float_array id="Icosphere_013-mesh-positions-array" count="126">0 0 -0.6007535 0.8225788 -0.6088639 -0.5412912 -0.276388 -0.8506492 -0.6022349 -0.8944262 0 -0.7152926 -0.2888091 1.017563 -0.806334 0.7824832 0.5668995 -0.7564901 0.276388 -0.8506492 0.4472199 -0.7236073 -0.5257253 0.4472195 -0.7236073 0.5257253 0.4472195 0.2417987 0.8966323 0.5388936 0.8944262 0 0.3018271 0 0 0.8358662 -0.1624555 -0.4999952 -0.6144308 0.4132038 -0.4330003 -1.161948 0.3447954 -0.9697744 -0.7407633 0.8506479 0 -0.8155892 0.4424285 0.5278189 -1.130755 -0.5257298 0 -0.6842589 -0.6881894 -0.4999969 -0.5257362 -0.1658179 0.5013248 -0.7891975 -0.6881894 0.4999969 -0.5257362 0.2614587 0.9801531 -0.6403635 0.9510579 -0.3090126 0 1.028117 0.3128174 -0.2131971 0 -1 0 0.5531457 -0.9629753 -0.1060636 -1.005131 -0.3253942 -0.02663815 -0.5877856 -0.8090167 -0.1550151 -0.5877856 0.8090167 0 -1.006194 0.3212369 -0.03600257 0.5877856 0.8090167 0 0 1 0 0.6881894 -0.4999969 0.5257362 -0.2669727 -0.880945 0.5782181 -0.8506479 0 0.5257359 -0.2628688 0.8090116 0.5257377 0.8118236 0.3975427 0.6129052 0.1624555 -0.4999952 0.8506544 0.5138817 -0.002624392 0.6867648 -0.4253227 -0.3090114 0.9327216 -0.4534987 0.3093817 1.006078 0.1624555 0.4999952 0.8506544</float_array>
          <technique_common>
            <accessor source="#Icosphere_013-mesh-positions-array" count="42" stride="3">
              <param name="X" type="float"/>
              <param name="Y" type="float"/>
              <param name="Z" type="float"/>
            </accessor>
          </technique_common>
        </source>
        <source id="Icosphere_013-mesh-normals">
          <float_array id="Icosphere_013-mesh-normals-array" count="240">-0.6834494 0.2409126 -0.6890996 0.7560629 -0.2974926 -0.5829812 0.1568259 -0.02394646 -0.9873359 0.1494354 -0.3042154 -0.9408093 -0.4254919 -0.4383362 -0.7917186 0.9788253 -0.1198751 -0.1659252 -0.2165492 -0.9661499 -0.140217 -0.8110162 -0.4677402 -0.3513857 -0.8219561 0.5455256 -0.1636767 0.6050944 0.7902013 -0.09717375 0.8439001 -0.5284756 0.09244668 -0.2815344 -0.9535369 -0.1072651 -0.9870225 -0.003947377 -0.1605339 -0.3063836 0.9429512 0.1302782 0.7428459 0.6690689 -0.02295178 0.408946 -0.6284251 0.6616986 -0.5905242 -0.5369345 0.6024804 -0.8203839 0.2732611 0.5022935 -0.1291353 0.6286301 0.7669083 0.6613296 -0.3721874 0.6512448 0.2761548 -0.1179382 0.9538496 0.3325373 -0.07405811 0.9401778 0.364074 0.5294488 0.7662469 0.2771975 -0.1182668 0.9535064 -0.03654885 0.6998029 0.7134004 -0.5111872 0.6889917 0.5137881 0.2892745 -0.09975439 0.9520344 -0.7286524 -0.1133238 0.6754432 -0.7610719 -0.2718698 0.5889452 0.1640133 0.08236443 0.9830137 -0.05711853 -0.5373544 0.8414202 0.2021789 -0.7101799 0.6743651 0.277256 0.1182852 0.9534871 0.5235561 -0.09078502 0.8471406 0.7109144 0.02155941 0.702948 0.9674637 0.003056049 0.2529917 0.7694457 0.6237391 0.1374884 0.6133326 0.7410336 0.2732989 -0.1717669 0.9503812 0.2593682 -0.3035309 0.9341715 0.1875973 -0.534576 0.7778646 0.3303866 -0.8764754 0.2712078 0.3977904 -0.9633942 0.002298951 0.2680792 -0.8734738 -0.2714379 0.4041846 -0.6369618 -0.7429137 0.205813 -0.3198963 -0.9462792 0.04713737 0.1140151 -0.9613571 0.2505858 0.5411382 -0.7292666 0.4187359 0.8182851 -0.532859 0.2155713 0.9032867 -0.2034214 0.3777471 0.3087216 0.9501467 0.04373043 0.3075826 0.9466413 0.09624588 0.06869131 0.9976338 -0.002873361 -0.753885 0.6339282 0.1726052 -0.7283505 0.6423669 -0.2384749 -0.809316 0.4682582 -0.3546012 -0.7284288 -0.6684629 0.1501631 -0.7623125 -0.5835304 -0.27995 -0.6391075 -0.6670222 -0.3829138 0.1125617 -0.9612988 0.2514648 0.0647636 -0.9978447 -0.01057064 0.6427589 -0.7386599 -0.203083 0.9730607 -0.04292201 0.2265184 0.9646384 -0.1841844 -0.1885441 0.925306 0.1476732 -0.3492873 0.4668529 0.7291955 -0.5003223 -0.4157131 0.5869137 -0.6947769 0.2909051 0.03757166 -0.9560139 -0.4458881 -0.1356002 -0.8847578 -0.4464515 0.1353697 -0.884509 0.07933282 0.3246001 -0.9425186 0.07933282 -0.3246001 -0.9425186 -0.1610574 -0.2503436 -0.9546667 -0.166323 0.01975166 -0.9858736 0.7227185 0.1570664 -0.6730588 0.6165947 0.006803929 -0.7872514 -0.7880164 0.04390519 -0.6140868 -0.2111958 0.03464603 -0.9768296 -0.5863803 -0.4524704 -0.6718845 0.6339545 -0.5257984 -0.5671312</float_array>
          <technique_common>
            <accessor source="#Icosphere_013-mesh-normals-array" count="80" stride="3">
              <param name="X" type="float"/>
              <param name="Y" type="float"/>
              <param name="Z" type="float"/>
            </accessor>
          </technique_common>
        </source>
        <vertices id="Icosphere_013-mesh-vertices">
          <input semantic="POSITION" source="#Icosphere_013-mesh-positions"/>
        </vertices>
        <polylist material="Material_004-material" count="80">
          <input semantic="VERTEX" source="#Icosphere_013-mesh-vertices" offset="0"/>
          <input semantic="NORMAL" source="#Icosphere_013-mesh-normals" offset="1"/>
          <vcount>3 3 3 3 3 3 3 3 3 3 3 3 3 3 3 3 3 3 3 3 3 3 3 3 3 3 3 3 3 3 3 3 3 3 3 3 3 3 3 3 3 3 3 3 3 3 3 3 3 3 3 3 3 3 3 3 3 3 3 3 3 3 3 3 3 3 3 3 3 3 3 3 3 3 3 3 3 3 3 3 </vcount>
          <p>0 0 13 0 12 0 1 1 13 1 15 1 0 2 12 2 17 2 0 3 17 3 19 3 0 4 19 4 16 4 1 5 15 5 22 5 2 6 14 6 24 6 3 7 18 7 26 7 4 8 20 8 28 8 5 9 21 9 30 9 1 10 22 10 25 10 2 11 24 11 27 11 3 12 26 12 29 12 4 13 28 13 31 13 5 14 30 14 23 14 6 15 32 15 37 15 7 16 33 16 39 16 8 17 34 17 40 17 9 18 35 18 41 18 10 19 36 19 38 19 38 20 41 20 11 20 38 21 36 21 41 21 36 22 9 22 41 22 41 23 40 23 11 23 41 24 35 24 40 24 35 25 8 25 40 25 40 26 39 26 11 26 40 27 34 27 39 27 34 28 7 28 39 28 39 29 37 29 11 29 39 30 33 30 37 30 33 31 6 31 37 31 37 32 38 32 11 32 37 33 32 33 38 33 32 34 10 34 38 34 23 35 36 35 10 35 23 36 30 36 36 36 30 37 9 37 36 37 31 38 35 38 9 38 31 39 28 39 35 39 28 40 8 40 35 40 29 41 34 41 8 41 29 42 26 42 34 42 26 43 7 43 34 43 27 44 33 44 7 44 27 45 24 45 33 45 24 46 6 46 33 46 25 47 32 47 6 47 25 48 22 48 32 48 22 49 10 49 32 49 30 50 31 50 9 50 30 51 21 51 31 51 21 52 4 52 31 52 28 53 29 53 8 53 28 54 20 54 29 54 20 55 3 55 29 55 26 56 27 56 7 56 26 57 18 57 27 57 18 58 2 58 27 58 24 59 25 59 6 59 24 60 14 60 25 60 14 61 1 61 25 61 22 62 23 62 10 62 22 63 15 63 23 63 15 64 5 64 23 64 16 65 21 65 5 65 16 66 19 66 21 66 19 67 4 67 21 67 19 68 20 68 4 68 19 69 17 69 20 69 17 70 3 70 20 70 17 71 18 71 3 71 17 72 12 72 18 72 12 73 2 73 18 73 15 74 16 74 5 74 15 75 13 75 16 75 13 76 0 76 16 76 12 77 14 77 2 77 12 78 13 78 14 78 13 79 1 79 14 79</p>
        </polylist>
      </mesh>
    </geometry>
    <geometry id="Icosphere_014-mesh" name="Icosphere.014">
      <mesh>
        <source id="Icosphere_014-mesh-positions">
          <float_array id="Icosphere_014-mesh-positions-array" count="126">0 0 -0.6007535 0.8225788 -0.6088639 -0.5412912 -0.276388 -0.8506492 -0.6022349 -0.8944262 0 -0.7152926 -0.2888091 1.017563 -0.806334 0.7824832 0.5668995 -0.7564901 0.276388 -0.8506492 0.4472199 -0.7236073 -0.5257253 0.4472195 -0.7236073 0.5257253 0.4472195 0.2417987 0.8966323 0.5388936 0.8944262 0 0.3018271 0 0 0.8358662 -0.1624555 -0.4999952 -0.6144308 0.4132038 -0.4330003 -1.161948 0.3447954 -0.9697744 -0.7407633 0.8506479 0 -0.8155892 0.4424285 0.5278189 -1.130755 -0.5257298 0 -0.6842589 -0.6881894 -0.4999969 -0.5257362 -0.1658179 0.5013248 -0.7891975 -0.6881894 0.4999969 -0.5257362 0.2614587 0.9801531 -0.6403635 0.9510579 -0.3090126 0 1.028117 0.3128174 -0.2131971 0 -1 0 0.5531457 -0.9629753 -0.1060636 -1.005131 -0.3253942 -0.02663815 -0.5877856 -0.8090167 -0.1550151 -0.5877856 0.8090167 0 -1.006194 0.3212369 -0.03600257 0.5877856 0.8090167 0 0 1 0 0.6881894 -0.4999969 0.5257362 -0.2669727 -0.880945 0.5782181 -0.8506479 0 0.5257359 -0.2628688 0.8090116 0.5257377 0.8118236 0.3975427 0.6129052 0.1624555 -0.4999952 0.8506544 0.5138817 -0.002624392 0.6867648 -0.4253227 -0.3090114 0.9327216 -0.4534987 0.3093817 1.006078 0.1624555 0.4999952 0.8506544</float_array>
          <technique_common>
            <accessor source="#Icosphere_014-mesh-positions-array" count="42" stride="3">
              <param name="X" type="float"/>
              <param name="Y" type="float"/>
              <param name="Z" type="float"/>
            </accessor>
          </technique_common>
        </source>
        <source id="Icosphere_014-mesh-normals">
          <float_array id="Icosphere_014-mesh-normals-array" count="240">-0.6834494 0.2409126 -0.6890996 0.7560629 -0.2974926 -0.5829812 0.1568259 -0.02394646 -0.9873359 0.1494354 -0.3042154 -0.9408093 -0.4254919 -0.4383362 -0.7917186 0.9788253 -0.1198751 -0.1659252 -0.2165492 -0.9661499 -0.140217 -0.8110162 -0.4677402 -0.3513857 -0.8219561 0.5455256 -0.1636767 0.6050944 0.7902013 -0.09717375 0.8439001 -0.5284756 0.09244668 -0.2815344 -0.9535369 -0.1072651 -0.9870225 -0.003947377 -0.1605339 -0.3063836 0.9429512 0.1302782 0.7428459 0.6690689 -0.02295178 0.408946 -0.6284251 0.6616986 -0.5905242 -0.5369345 0.6024804 -0.8203839 0.2732611 0.5022935 -0.1291353 0.6286301 0.7669083 0.6613296 -0.3721874 0.6512448 0.2761548 -0.1179382 0.9538496 0.3325373 -0.07405811 0.9401778 0.364074 0.5294488 0.7662469 0.2771975 -0.1182668 0.9535064 -0.03654885 0.6998029 0.7134004 -0.5111872 0.6889917 0.5137881 0.2892745 -0.09975439 0.9520344 -0.7286524 -0.1133238 0.6754432 -0.7610719 -0.2718698 0.5889452 0.1640133 0.08236443 0.9830137 -0.05711853 -0.5373544 0.8414202 0.2021789 -0.7101799 0.6743651 0.277256 0.1182852 0.9534871 0.5235561 -0.09078502 0.8471406 0.7109144 0.02155941 0.702948 0.9674637 0.003056049 0.2529917 0.7694457 0.6237391 0.1374884 0.6133326 0.7410336 0.2732989 -0.1717669 0.9503812 0.2593682 -0.3035309 0.9341715 0.1875973 -0.534576 0.7778646 0.3303866 -0.8764754 0.2712078 0.3977904 -0.9633942 0.002298951 0.2680792 -0.8734738 -0.2714379 0.4041846 -0.6369618 -0.7429137 0.205813 -0.3198963 -0.9462792 0.04713737 0.1140151 -0.9613571 0.2505858 0.5411382 -0.7292666 0.4187359 0.8182851 -0.532859 0.2155713 0.9032867 -0.2034214 0.3777471 0.3087216 0.9501467 0.04373043 0.3075826 0.9466413 0.09624588 0.06869131 0.9976338 -0.002873361 -0.753885 0.6339282 0.1726052 -0.7283505 0.6423669 -0.2384749 -0.809316 0.4682582 -0.3546012 -0.7284288 -0.6684629 0.1501631 -0.7623125 -0.5835304 -0.27995 -0.6391075 -0.6670222 -0.3829138 0.1125617 -0.9612988 0.2514648 0.0647636 -0.9978447 -0.01057064 0.6427589 -0.7386599 -0.203083 0.9730607 -0.04292201 0.2265184 0.9646384 -0.1841844 -0.1885441 0.925306 0.1476732 -0.3492873 0.4668529 0.7291955 -0.5003223 -0.4157131 0.5869137 -0.6947769 0.2909051 0.03757166 -0.9560139 -0.4458881 -0.1356002 -0.8847578 -0.4464515 0.1353697 -0.884509 0.07933282 0.3246001 -0.9425186 0.07933282 -0.3246001 -0.9425186 -0.1610574 -0.2503436 -0.9546667 -0.166323 0.01975166 -0.9858736 0.7227185 0.1570664 -0.6730588 0.6165947 0.006803929 -0.7872514 -0.7880164 0.04390519 -0.6140868 -0.2111958 0.03464603 -0.9768296 -0.5863803 -0.4524704 -0.6718845 0.6339545 -0.5257984 -0.5671312</float_array>
          <technique_common>
            <accessor source="#Icosphere_014-mesh-normals-array" count="80" stride="3">
              <param name="X" type="float"/>
              <param name="Y" type="float"/>
              <param name="Z" type="float"/>
            </accessor>
          </technique_common>
        </source>
        <vertices id="Icosphere_014-mesh-vertices">
          <input semantic="POSITION" source="#Icosphere_014-mesh-positions"/>
        </vertices>
        <polylist material="Material_004-material" count="80">
          <input semantic="VERTEX" source="#Icosphere_014-mesh-vertices" offset="0"/>
          <input semantic="NORMAL" source="#Icosphere_014-mesh-normals" offset="1"/>
          <vcount>3 3 3 3 3 3 3 3 3 3 3 3 3 3 3 3 3 3 3 3 3 3 3 3 3 3 3 3 3 3 3 3 3 3 3 3 3 3 3 3 3 3 3 3 3 3 3 3 3 3 3 3 3 3 3 3 3 3 3 3 3 3 3 3 3 3 3 3 3 3 3 3 3 3 3 3 3 3 3 3 </vcount>
          <p>0 0 13 0 12 0 1 1 13 1 15 1 0 2 12 2 17 2 0 3 17 3 19 3 0 4 19 4 16 4 1 5 15 5 22 5 2 6 14 6 24 6 3 7 18 7 26 7 4 8 20 8 28 8 5 9 21 9 30 9 1 10 22 10 25 10 2 11 24 11 27 11 3 12 26 12 29 12 4 13 28 13 31 13 5 14 30 14 23 14 6 15 32 15 37 15 7 16 33 16 39 16 8 17 34 17 40 17 9 18 35 18 41 18 10 19 36 19 38 19 38 20 41 20 11 20 38 21 36 21 41 21 36 22 9 22 41 22 41 23 40 23 11 23 41 24 35 24 40 24 35 25 8 25 40 25 40 26 39 26 11 26 40 27 34 27 39 27 34 28 7 28 39 28 39 29 37 29 11 29 39 30 33 30 37 30 33 31 6 31 37 31 37 32 38 32 11 32 37 33 32 33 38 33 32 34 10 34 38 34 23 35 36 35 10 35 23 36 30 36 36 36 30 37 9 37 36 37 31 38 35 38 9 38 31 39 28 39 35 39 28 40 8 40 35 40 29 41 34 41 8 41 29 42 26 42 34 42 26 43 7 43 34 43 27 44 33 44 7 44 27 45 24 45 33 45 24 46 6 46 33 46 25 47 32 47 6 47 25 48 22 48 32 48 22 49 10 49 32 49 30 50 31 50 9 50 30 51 21 51 31 51 21 52 4 52 31 52 28 53 29 53 8 53 28 54 20 54 29 54 20 55 3 55 29 55 26 56 27 56 7 56 26 57 18 57 27 57 18 58 2 58 27 58 24 59 25 59 6 59 24 60 14 60 25 60 14 61 1 61 25 61 22 62 23 62 10 62 22 63 15 63 23 63 15 64 5 64 23 64 16 65 21 65 5 65 16 66 19 66 21 66 19 67 4 67 21 67 19 68 20 68 4 68 19 69 17 69 20 69 17 70 3 70 20 70 17 71 18 71 3 71 17 72 12 72 18 72 12 73 2 73 18 73 15 74 16 74 5 74 15 75 13 75 16 75 13 76 0 76 16 76 12 77 14 77 2 77 12 78 13 78 14 78 13 79 1 79 14 79</p>
        </polylist>
      </mesh>
    </geometry>
    <geometry id="Icosphere_015-mesh" name="Icosphere.015">
      <mesh>
        <source id="Icosphere_015-mesh-positions">
          <float_array id="Icosphere_015-mesh-positions-array" count="126">0 0 -0.6007535 0.8225788 -0.6088639 -0.5412912 -0.276388 -0.8506492 -0.6022349 -0.8944262 0 -0.7152926 -0.2888091 1.017563 -0.806334 0.7824832 0.5668995 -0.7564901 0.276388 -0.8506492 0.4472199 -0.7236073 -0.5257253 0.4472195 -0.7236073 0.5257253 0.4472195 0.2417987 0.8966323 0.5388936 0.8944262 0 0.3018271 0 0 0.8358662 -0.1624555 -0.4999952 -0.6144308 0.4132038 -0.4330003 -1.161948 0.3447954 -0.9697744 -0.7407633 0.8506479 0 -0.8155892 0.4424285 0.5278189 -1.130755 -0.5257298 0 -0.6842589 -0.6881894 -0.4999969 -0.5257362 -0.1658179 0.5013248 -0.7891975 -0.6881894 0.4999969 -0.5257362 0.2614587 0.9801531 -0.6403635 0.9510579 -0.3090126 0 1.028117 0.3128174 -0.2131971 0 -1 0 0.5531457 -0.9629753 -0.1060636 -1.005131 -0.3253942 -0.02663815 -0.5877856 -0.8090167 -0.1550151 -0.5877856 0.8090167 0 -1.006194 0.3212369 -0.03600257 0.5877856 0.8090167 0 0 1 0 0.6881894 -0.4999969 0.5257362 -0.2669727 -0.880945 0.5782181 -0.8506479 0 0.5257359 -0.2628688 0.8090116 0.5257377 0.8118236 0.3975427 0.6129052 0.1624555 -0.4999952 0.8506544 0.5138817 -0.002624392 0.6867648 -0.4253227 -0.3090114 0.9327216 -0.4534987 0.3093817 1.006078 0.1624555 0.4999952 0.8506544</float_array>
          <technique_common>
            <accessor source="#Icosphere_015-mesh-positions-array" count="42" stride="3">
              <param name="X" type="float"/>
              <param name="Y" type="float"/>
              <param name="Z" type="float"/>
            </accessor>
          </technique_common>
        </source>
        <source id="Icosphere_015-mesh-normals">
          <float_array id="Icosphere_015-mesh-normals-array" count="240">-0.6834494 0.2409126 -0.6890996 0.7560629 -0.2974926 -0.5829812 0.1568259 -0.02394646 -0.9873359 0.1494354 -0.3042154 -0.9408093 -0.4254919 -0.4383362 -0.7917186 0.9788253 -0.1198751 -0.1659252 -0.2165492 -0.9661499 -0.140217 -0.8110162 -0.4677402 -0.3513857 -0.8219561 0.5455256 -0.1636767 0.6050944 0.7902013 -0.09717375 0.8439001 -0.5284756 0.09244668 -0.2815344 -0.9535369 -0.1072651 -0.9870225 -0.003947377 -0.1605339 -0.3063836 0.9429512 0.1302782 0.7428459 0.6690689 -0.02295178 0.408946 -0.6284251 0.6616986 -0.5905242 -0.5369345 0.6024804 -0.8203839 0.2732611 0.5022935 -0.1291353 0.6286301 0.7669083 0.6613296 -0.3721874 0.6512448 0.2761548 -0.1179382 0.9538496 0.3325373 -0.07405811 0.9401778 0.364074 0.5294488 0.7662469 0.2771975 -0.1182668 0.9535064 -0.03654885 0.6998029 0.7134004 -0.5111872 0.6889917 0.5137881 0.2892745 -0.09975439 0.9520344 -0.7286524 -0.1133238 0.6754432 -0.7610719 -0.2718698 0.5889452 0.1640133 0.08236443 0.9830137 -0.05711853 -0.5373544 0.8414202 0.2021789 -0.7101799 0.6743651 0.277256 0.1182852 0.9534871 0.5235561 -0.09078502 0.8471406 0.7109144 0.02155941 0.702948 0.9674637 0.003056049 0.2529917 0.7694457 0.6237391 0.1374884 0.6133326 0.7410336 0.2732989 -0.1717669 0.9503812 0.2593682 -0.3035309 0.9341715 0.1875973 -0.534576 0.7778646 0.3303866 -0.8764754 0.2712078 0.3977904 -0.9633942 0.002298951 0.2680792 -0.8734738 -0.2714379 0.4041846 -0.6369618 -0.7429137 0.205813 -0.3198963 -0.9462792 0.04713737 0.1140151 -0.9613571 0.2505858 0.5411382 -0.7292666 0.4187359 0.8182851 -0.532859 0.2155713 0.9032867 -0.2034214 0.3777471 0.3087216 0.9501467 0.04373043 0.3075826 0.9466413 0.09624588 0.06869131 0.9976338 -0.002873361 -0.753885 0.6339282 0.1726052 -0.7283505 0.6423669 -0.2384749 -0.809316 0.4682582 -0.3546012 -0.7284288 -0.6684629 0.1501631 -0.7623125 -0.5835304 -0.27995 -0.6391075 -0.6670222 -0.3829138 0.1125617 -0.9612988 0.2514648 0.0647636 -0.9978447 -0.01057064 0.6427589 -0.7386599 -0.203083 0.9730607 -0.04292201 0.2265184 0.9646384 -0.1841844 -0.1885441 0.925306 0.1476732 -0.3492873 0.4668529 0.7291955 -0.5003223 -0.4157131 0.5869137 -0.6947769 0.2909051 0.03757166 -0.9560139 -0.4458881 -0.1356002 -0.8847578 -0.4464515 0.1353697 -0.884509 0.07933282 0.3246001 -0.9425186 0.07933282 -0.3246001 -0.9425186 -0.1610574 -0.2503436 -0.9546667 -0.166323 0.01975166 -0.9858736 0.7227185 0.1570664 -0.6730588 0.6165947 0.006803929 -0.7872514 -0.7880164 0.04390519 -0.6140868 -0.2111958 0.03464603 -0.9768296 -0.5863803 -0.4524704 -0.6718845 0.6339545 -0.5257984 -0.5671312</float_array>
          <technique_common>
            <accessor source="#Icosphere_015-mesh-normals-array" count="80" stride="3">
              <param name="X" type="float"/>
              <param name="Y" type="float"/>
              <param name="Z" type="float"/>
            </accessor>
          </technique_common>
        </source>
        <vertices id="Icosphere_015-mesh-vertices">
          <input semantic="POSITION" source="#Icosphere_015-mesh-positions"/>
        </vertices>
        <polylist material="Material_004-material" count="80">
          <input semantic="VERTEX" source="#Icosphere_015-mesh-vertices" offset="0"/>
          <input semantic="NORMAL" source="#Icosphere_015-mesh-normals" offset="1"/>
          <vcount>3 3 3 3 3 3 3 3 3 3 3 3 3 3 3 3 3 3 3 3 3 3 3 3 3 3 3 3 3 3 3 3 3 3 3 3 3 3 3 3 3 3 3 3 3 3 3 3 3 3 3 3 3 3 3 3 3 3 3 3 3 3 3 3 3 3 3 3 3 3 3 3 3 3 3 3 3 3 3 3 </vcount>
          <p>0 0 13 0 12 0 1 1 13 1 15 1 0 2 12 2 17 2 0 3 17 3 19 3 0 4 19 4 16 4 1 5 15 5 22 5 2 6 14 6 24 6 3 7 18 7 26 7 4 8 20 8 28 8 5 9 21 9 30 9 1 10 22 10 25 10 2 11 24 11 27 11 3 12 26 12 29 12 4 13 28 13 31 13 5 14 30 14 23 14 6 15 32 15 37 15 7 16 33 16 39 16 8 17 34 17 40 17 9 18 35 18 41 18 10 19 36 19 38 19 38 20 41 20 11 20 38 21 36 21 41 21 36 22 9 22 41 22 41 23 40 23 11 23 41 24 35 24 40 24 35 25 8 25 40 25 40 26 39 26 11 26 40 27 34 27 39 27 34 28 7 28 39 28 39 29 37 29 11 29 39 30 33 30 37 30 33 31 6 31 37 31 37 32 38 32 11 32 37 33 32 33 38 33 32 34 10 34 38 34 23 35 36 35 10 35 23 36 30 36 36 36 30 37 9 37 36 37 31 38 35 38 9 38 31 39 28 39 35 39 28 40 8 40 35 40 29 41 34 41 8 41 29 42 26 42 34 42 26 43 7 43 34 43 27 44 33 44 7 44 27 45 24 45 33 45 24 46 6 46 33 46 25 47 32 47 6 47 25 48 22 48 32 48 22 49 10 49 32 49 30 50 31 50 9 50 30 51 21 51 31 51 21 52 4 52 31 52 28 53 29 53 8 53 28 54 20 54 29 54 20 55 3 55 29 55 26 56 27 56 7 56 26 57 18 57 27 57 18 58 2 58 27 58 24 59 25 59 6 59 24 60 14 60 25 60 14 61 1 61 25 61 22 62 23 62 10 62 22 63 15 63 23 63 15 64 5 64 23 64 16 65 21 65 5 65 16 66 19 66 21 66 19 67 4 67 21 67 19 68 20 68 4 68 19 69 17 69 20 69 17 70 3 70 20 70 17 71 18 71 3 71 17 72 12 72 18 72 12 73 2 73 18 73 15 74 16 74 5 74 15 75 13 75 16 75 13 76 0 76 16 76 12 77 14 77 2 77 12 78 13 78 14 78 13 79 1 79 14 79</p>
        </polylist>
      </mesh>
    </geometry>
    <geometry id="Icosphere_016-mesh" name="Icosphere.016">
      <mesh>
        <source id="Icosphere_016-mesh-positions">
          <float_array id="Icosphere_016-mesh-positions-array" count="126">0 0 -0.6007535 0.8225788 -0.6088639 -0.5412912 -0.276388 -0.8506492 -0.6022349 -0.8944262 0 -0.7152926 -0.2888091 1.017563 -0.806334 0.7824832 0.5668995 -0.7564901 0.276388 -0.8506492 0.4472199 -0.7236073 -0.5257253 0.4472195 -0.7236073 0.5257253 0.4472195 0.2417987 0.8966323 0.5388936 0.8944262 0 0.3018271 0 0 0.8358662 -0.1624555 -0.4999952 -0.6144308 0.4132038 -0.4330003 -1.161948 0.3447954 -0.9697744 -0.7407633 0.8506479 0 -0.8155892 0.4424285 0.5278189 -1.130755 -0.5257298 0 -0.6842589 -0.6881894 -0.4999969 -0.5257362 -0.1658179 0.5013248 -0.7891975 -0.6881894 0.4999969 -0.5257362 0.2614587 0.9801531 -0.6403635 0.9510579 -0.3090126 0 1.028117 0.3128174 -0.2131971 0 -1 0 0.5531457 -0.9629753 -0.1060636 -1.005131 -0.3253942 -0.02663815 -0.5877856 -0.8090167 -0.1550151 -0.5877856 0.8090167 0 -1.006194 0.3212369 -0.03600257 0.5877856 0.8090167 0 0 1 0 0.6881894 -0.4999969 0.5257362 -0.2669727 -0.880945 0.5782181 -0.8506479 0 0.5257359 -0.2628688 0.8090116 0.5257377 0.8118236 0.3975427 0.6129052 0.1624555 -0.4999952 0.8506544 0.5138817 -0.002624392 0.6867648 -0.4253227 -0.3090114 0.9327216 -0.4534987 0.3093817 1.006078 0.1624555 0.4999952 0.8506544</float_array>
          <technique_common>
            <accessor source="#Icosphere_016-mesh-positions-array" count="42" stride="3">
              <param name="X" type="float"/>
              <param name="Y" type="float"/>
              <param name="Z" type="float"/>
            </accessor>
          </technique_common>
        </source>
        <source id="Icosphere_016-mesh-normals">
          <float_array id="Icosphere_016-mesh-normals-array" count="240">-0.6834494 0.2409126 -0.6890996 0.7560629 -0.2974926 -0.5829812 0.1568259 -0.02394646 -0.9873359 0.1494354 -0.3042154 -0.9408093 -0.4254919 -0.4383362 -0.7917186 0.9788253 -0.1198751 -0.1659252 -0.2165492 -0.9661499 -0.140217 -0.8110162 -0.4677402 -0.3513857 -0.8219561 0.5455256 -0.1636767 0.6050944 0.7902013 -0.09717375 0.8439001 -0.5284756 0.09244668 -0.2815344 -0.9535369 -0.1072651 -0.9870225 -0.003947377 -0.1605339 -0.3063836 0.9429512 0.1302782 0.7428459 0.6690689 -0.02295178 0.408946 -0.6284251 0.6616986 -0.5905242 -0.5369345 0.6024804 -0.8203839 0.2732611 0.5022935 -0.1291353 0.6286301 0.7669083 0.6613296 -0.3721874 0.6512448 0.2761548 -0.1179382 0.9538496 0.3325373 -0.07405811 0.9401778 0.364074 0.5294488 0.7662469 0.2771975 -0.1182668 0.9535064 -0.03654885 0.6998029 0.7134004 -0.5111872 0.6889917 0.5137881 0.2892745 -0.09975439 0.9520344 -0.7286524 -0.1133238 0.6754432 -0.7610719 -0.2718698 0.5889452 0.1640133 0.08236443 0.9830137 -0.05711853 -0.5373544 0.8414202 0.2021789 -0.7101799 0.6743651 0.277256 0.1182852 0.9534871 0.5235561 -0.09078502 0.8471406 0.7109144 0.02155941 0.702948 0.9674637 0.003056049 0.2529917 0.7694457 0.6237391 0.1374884 0.6133326 0.7410336 0.2732989 -0.1717669 0.9503812 0.2593682 -0.3035309 0.9341715 0.1875973 -0.534576 0.7778646 0.3303866 -0.8764754 0.2712078 0.3977904 -0.9633942 0.002298951 0.2680792 -0.8734738 -0.2714379 0.4041846 -0.6369618 -0.7429137 0.205813 -0.3198963 -0.9462792 0.04713737 0.1140151 -0.9613571 0.2505858 0.5411382 -0.7292666 0.4187359 0.8182851 -0.532859 0.2155713 0.9032867 -0.2034214 0.3777471 0.3087216 0.9501467 0.04373043 0.3075826 0.9466413 0.09624588 0.06869131 0.9976338 -0.002873361 -0.753885 0.6339282 0.1726052 -0.7283505 0.6423669 -0.2384749 -0.809316 0.4682582 -0.3546012 -0.7284288 -0.6684629 0.1501631 -0.7623125 -0.5835304 -0.27995 -0.6391075 -0.6670222 -0.3829138 0.1125617 -0.9612988 0.2514648 0.0647636 -0.9978447 -0.01057064 0.6427589 -0.7386599 -0.203083 0.9730607 -0.04292201 0.2265184 0.9646384 -0.1841844 -0.1885441 0.925306 0.1476732 -0.3492873 0.4668529 0.7291955 -0.5003223 -0.4157131 0.5869137 -0.6947769 0.2909051 0.03757166 -0.9560139 -0.4458881 -0.1356002 -0.8847578 -0.4464515 0.1353697 -0.884509 0.07933282 0.3246001 -0.9425186 0.07933282 -0.3246001 -0.9425186 -0.1610574 -0.2503436 -0.9546667 -0.166323 0.01975166 -0.9858736 0.7227185 0.1570664 -0.6730588 0.6165947 0.006803929 -0.7872514 -0.7880164 0.04390519 -0.6140868 -0.2111958 0.03464603 -0.9768296 -0.5863803 -0.4524704 -0.6718845 0.6339545 -0.5257984 -0.5671312</float_array>
          <technique_common>
            <accessor source="#Icosphere_016-mesh-normals-array" count="80" stride="3">
              <param name="X" type="float"/>
              <param name="Y" type="float"/>
              <param name="Z" type="float"/>
            </accessor>
          </technique_common>
        </source>
        <vertices id="Icosphere_016-mesh-vertices">
          <input semantic="POSITION" source="#Icosphere_016-mesh-positions"/>
        </vertices>
        <polylist material="Material_004-material" count="80">
          <input semantic="VERTEX" source="#Icosphere_016-mesh-vertices" offset="0"/>
          <input semantic="NORMAL" source="#Icosphere_016-mesh-normals" offset="1"/>
          <vcount>3 3 3 3 3 3 3 3 3 3 3 3 3 3 3 3 3 3 3 3 3 3 3 3 3 3 3 3 3 3 3 3 3 3 3 3 3 3 3 3 3 3 3 3 3 3 3 3 3 3 3 3 3 3 3 3 3 3 3 3 3 3 3 3 3 3 3 3 3 3 3 3 3 3 3 3 3 3 3 3 </vcount>
          <p>0 0 13 0 12 0 1 1 13 1 15 1 0 2 12 2 17 2 0 3 17 3 19 3 0 4 19 4 16 4 1 5 15 5 22 5 2 6 14 6 24 6 3 7 18 7 26 7 4 8 20 8 28 8 5 9 21 9 30 9 1 10 22 10 25 10 2 11 24 11 27 11 3 12 26 12 29 12 4 13 28 13 31 13 5 14 30 14 23 14 6 15 32 15 37 15 7 16 33 16 39 16 8 17 34 17 40 17 9 18 35 18 41 18 10 19 36 19 38 19 38 20 41 20 11 20 38 21 36 21 41 21 36 22 9 22 41 22 41 23 40 23 11 23 41 24 35 24 40 24 35 25 8 25 40 25 40 26 39 26 11 26 40 27 34 27 39 27 34 28 7 28 39 28 39 29 37 29 11 29 39 30 33 30 37 30 33 31 6 31 37 31 37 32 38 32 11 32 37 33 32 33 38 33 32 34 10 34 38 34 23 35 36 35 10 35 23 36 30 36 36 36 30 37 9 37 36 37 31 38 35 38 9 38 31 39 28 39 35 39 28 40 8 40 35 40 29 41 34 41 8 41 29 42 26 42 34 42 26 43 7 43 34 43 27 44 33 44 7 44 27 45 24 45 33 45 24 46 6 46 33 46 25 47 32 47 6 47 25 48 22 48 32 48 22 49 10 49 32 49 30 50 31 50 9 50 30 51 21 51 31 51 21 52 4 52 31 52 28 53 29 53 8 53 28 54 20 54 29 54 20 55 3 55 29 55 26 56 27 56 7 56 26 57 18 57 27 57 18 58 2 58 27 58 24 59 25 59 6 59 24 60 14 60 25 60 14 61 1 61 25 61 22 62 23 62 10 62 22 63 15 63 23 63 15 64 5 64 23 64 16 65 21 65 5 65 16 66 19 66 21 66 19 67 4 67 21 67 19 68 20 68 4 68 19 69 17 69 20 69 17 70 3 70 20 70 17 71 18 71 3 71 17 72 12 72 18 72 12 73 2 73 18 73 15 74 16 74 5 74 15 75 13 75 16 75 13 76 0 76 16 76 12 77 14 77 2 77 12 78 13 78 14 78 13 79 1 79 14 79</p>
        </polylist>
      </mesh>
    </geometry>
    <geometry id="Cylinder_006-mesh" name="Cylinder.006">
      <mesh>
        <source id="Cylinder_006-mesh-positions">
          <float_array id="Cylinder_006-mesh-positions-array" count="108">0 0.3903424 -0.16218 -0.1587997 0.2336165 2.493251 0.3712376 0.1206223 -0.16218 0.1092755 0.2232189 2.493251 0.2294374 -0.3157936 -0.16218 0.2657879 -0.02364253 2.420792 -0.2294375 -0.3157935 -0.16218 -0.008844673 -0.2823398 2.493251 -0.3712376 0.1206224 -0.16218 -0.2712543 -0.07883596 2.493251 0.1561316 0.2419679 2.951089 -0.1716135 0.1989859 2.982843 0.2682087 -0.03859871 2.76698 -0.005889058 -0.2659698 2.712517 -0.2629091 -0.1218018 2.844426 1.745303 0.8924674 4.491979 1.719115 0.9511932 4.495511 1.695619 0.8722668 4.551559 1.652128 0.9193678 4.557639 -1.748307 0.7241248 4.079011 -1.779429 0.6463212 4.092545 -1.690479 0.7022215 4.15576 -1.733901 0.6344664 4.128762 0.2211167 0.002600908 3.145254 -0.1016355 -0.02266407 3.205341 0.2415803 -0.1317524 3.074536 0.08904135 -0.312687 3.139329 -0.1395747 -0.1544584 3.21624 -0.7937943 -1.20491 4.466265 -0.7514517 -1.253913 4.449507 -0.7470079 -1.155576 4.518111 -0.6956331 -1.198234 4.514115 -0.1499348 0.8256251 5.379979 -0.2496763 0.7972812 5.38296 -0.1243928 0.7427177 5.413093 -0.2235307 0.7164856 5.421041</float_array>
          <technique_common>
            <accessor source="#Cylinder_006-mesh-positions-array" count="36" stride="3">
              <param name="X" type="float"/>
              <param name="Y" type="float"/>
              <param name="Z" type="float"/>
            </accessor>
          </technique_common>
        </source>
        <source id="Cylinder_006-mesh-normals">
          <float_array id="Cylinder_006-mesh-normals-array" count="198">0.03868424 0.9973769 0.06117939 0.8512068 0.5209327 0.06384569 0.6782981 -0.7332752 -0.04710984 0.6801153 -0.7322016 -0.03638875 -0.9391766 0.3380185 0.06075197 -0.6116963 -0.7887566 0.06075197 0 0 -1 -0.9016001 0.2863532 0.3242208 -0.6114465 -0.7884353 0.06710499 0.5654667 -0.8238226 -0.03954529 0.3912349 -0.5459462 0.740863 -0.1233748 0.990109 0.0668047 0.5228472 0.3845795 0.7607426 0.6695026 0.3383219 -0.6612902 -0.4381307 -0.60893 0.6612456 -0.4214466 0.9067971 0.01009666 -0.5272883 0.3459234 0.7760826 0.3617711 0.9292294 0.07519596 -0.3527747 -0.9250736 0.1406726 -0.6845442 0.1497255 -0.7134295 0.3634856 0.02702414 0.9312078 0.6489423 -0.7419367 -0.1685346 0.1339228 -0.9358932 0.3258353 -0.63534 0.7219293 0.2741553 0.9429216 0.3227003 0.08223909 -0.335107 -0.5509418 0.7643078 0.5089913 0.5510684 0.6612499 -0.6044602 -0.5526394 -0.5737748 0.72367 -0.6894472 -0.03105378 -0.08686751 0.4015959 0.9116879 0.9532917 0.2981346 0.0484839 -0.2719492 0.9316249 -0.2410782 -0.9563707 -0.2888618 0.04374939 0.5875756 0.8087282 0.02671873 0.9508355 -0.3089451 0.02156245 -1.49909e-7 -0.9936642 0.1123899 0.6318653 -0.773513 0.04923164 -0.5877386 0.8089529 0.01259726 -0.9509812 -0.3089924 0.0125972 -0.9183319 0.09562534 0.3840863 -0.5224085 -0.8477922 -0.09131175 0.4597011 -0.8841323 0.08357673 0.439029 -0.4583816 0.7727484 0.03871792 0.9982436 -0.04484158 0.6929705 0.2687792 0.6689916 0.5549659 0.538069 -0.6344246 -0.4897997 -0.5405638 0.6840227 -0.4177474 0.9085464 0.005546927 -0.7452699 0.2279415 0.6265904 0.329244 0.9440039 0.02133339 -0.5094856 -0.8554866 -0.09256029 -0.6495918 0.233794 -0.7234438 0.1976293 -0.4328503 0.8795359 0.3118626 -0.01120865 0.9500611 0.7019395 -0.6741088 -0.2299092 0.2662649 -0.9098713 0.3181781 -0.7775062 0.6186477 0.1129568 0.9893826 0.09108489 0.1132497 -0.3522496 -0.498418 0.7921488 0.5681589 0.5051236 0.6496504 -0.7222626 -0.4422349 -0.5317566 0.5629444 -0.7986754 -0.2126294 -0.02196794 0.3649885 0.9307529 0.9497449 0.3099832 0.04353147 -0.1496016 0.9569315 -0.2488002 -0.9626946 -0.2682445 0.03555601</float_array>
          <technique_common>
            <accessor source="#Cylinder_006-mesh-normals-array" count="66" stride="3">
              <param name="X" type="float"/>
              <param name="Y" type="float"/>
              <param name="Z" type="float"/>
            </accessor>
          </technique_common>
        </source>
        <vertices id="Cylinder_006-mesh-vertices">
          <input semantic="POSITION" source="#Cylinder_006-mesh-positions"/>
        </vertices>
        <polylist material="Material_005-material" count="68">
          <input semantic="VERTEX" source="#Cylinder_006-mesh-vertices" offset="0"/>
          <input semantic="NORMAL" source="#Cylinder_006-mesh-normals" offset="1"/>
          <vcount>3 3 3 3 3 3 3 3 3 3 3 3 3 3 3 3 3 3 3 3 3 3 3 3 3 3 3 3 3 3 3 3 3 3 3 3 3 3 3 3 3 3 3 3 3 3 3 3 3 3 3 3 3 3 3 3 3 3 3 3 3 3 3 3 3 3 3 3 </vcount>
          <p>0 0 1 0 3 0 2 1 3 1 5 1 5 2 7 2 6 2 7 3 5 3 12 3 8 4 9 4 1 4 6 5 7 5 9 5 4 6 6 6 8 6 14 7 27 7 24 7 9 8 7 8 13 8 12 9 5 9 15 9 11 10 21 10 22 10 1 11 11 11 10 11 16 12 18 12 17 12 3 13 16 13 15 13 10 14 12 14 17 14 10 15 18 15 16 15 19 16 20 16 22 16 11 17 1 17 19 17 14 18 22 18 20 18 9 19 20 19 19 19 24 20 26 20 25 20 13 21 12 21 25 21 24 22 23 22 34 22 27 23 14 23 28 23 12 24 10 24 23 24 28 25 29 25 31 25 27 26 30 26 31 26 14 27 13 27 29 27 26 28 31 28 29 28 32 29 33 29 35 29 23 30 10 30 32 30 11 31 33 31 32 31 24 32 35 32 33 32 2 33 0 33 3 33 4 34 2 34 5 34 4 35 5 35 6 35 13 36 7 36 12 36 0 37 8 37 1 37 8 38 6 38 9 38 8 6 0 6 2 6 2 6 4 6 8 6 11 39 14 39 24 39 14 40 9 40 13 40 17 41 12 41 15 41 14 42 11 42 22 42 3 43 1 43 10 43 15 44 16 44 17 44 5 45 3 45 15 45 18 46 10 46 17 46 3 47 10 47 16 47 21 48 19 48 22 48 21 49 11 49 19 49 9 50 14 50 20 50 1 51 9 51 19 51 25 52 23 52 24 52 24 53 27 53 26 53 26 54 13 54 25 54 35 55 24 55 34 55 30 56 27 56 28 56 25 57 12 57 23 57 30 58 28 58 31 58 26 59 27 59 31 59 28 60 14 60 29 60 13 61 26 61 29 61 34 62 32 62 35 62 34 63 23 63 32 63 10 64 11 64 32 64 11 65 24 65 33 65</p>
        </polylist>
      </mesh>
    </geometry>
    <geometry id="Icosphere_003-mesh" name="Icosphere.003">
      <mesh>
        <source id="Icosphere_003-mesh-positions">
          <float_array id="Icosphere_003-mesh-positions-array" count="78">0.276388 -0.8506492 0.4720733 -0.7236073 -0.5257253 0.472073 -0.7236073 0.5257253 0.472073 0.276388 0.8506492 0.4720733 0.8944262 0 0.4720691 0 0 1.024853 0.9510579 -0.3090126 0.02485346 0.9510579 0.3090126 0.02485346 0 -1 0.02485346 0.5877856 -0.8090167 0.02485346 -0.9510579 -0.3090126 0.02485346 -0.5877856 -0.8090167 0.02485346 -0.5877856 0.8090167 0.02485346 -0.9510579 0.3090126 0.02485346 0.5877856 0.8090167 0.02485346 0 1 0.02485346 0.6881894 -0.4999969 0.5505897 -0.2628688 -0.8090116 0.5505911 -0.8506479 0 0.5505894 -0.2628688 0.8090116 0.5505911 0.6881894 0.4999969 0.5505897 0.1624555 -0.4999952 0.8755078 0.5257298 0 0.8755052 -0.4253227 -0.3090114 0.8755077 -0.4253227 0.3090114 0.8755077 0.1624555 0.4999952 0.8755078</float_array>
          <technique_common>
            <accessor source="#Icosphere_003-mesh-positions-array" count="26" stride="3">
              <param name="X" type="float"/>
              <param name="Y" type="float"/>
              <param name="Z" type="float"/>
            </accessor>
          </technique_common>
        </source>
        <source id="Icosphere_003-mesh-normals">
          <float_array id="Icosphere_003-mesh-normals-array" count="120">0.4089462 -0.6284251 0.6616986 -0.4712998 -0.5831221 0.6616986 -0.700224 0.2680318 0.6616989 0.03853034 0.7487791 0.6616988 0.7240422 0.1947361 0.6616954 0.2680341 0.1947365 0.9435229 0.4911195 0.3568211 0.7946575 0.4089461 0.6284252 0.6616985 -0.102381 0.3150899 0.9435235 -0.1875938 0.5773454 0.7946577 -0.4712998 0.5831223 0.6616986 -0.3313045 0 0.9435239 -0.6070606 0 0.7946557 -0.700224 -0.2680319 0.6616989 -0.102381 -0.3150899 0.9435235 -0.1875939 -0.5773454 0.7946577 0.03853034 -0.7487791 0.6616988 0.2680341 -0.1947366 0.9435229 0.4911195 -0.3568211 0.7946575 0.7240422 -0.1947361 0.6616954 0.8896974 0.3150946 0.3303847 0.7946557 0.5773479 0.187595 0.574602 0.7487835 0.3303876 -0.02474653 0.9435213 0.3303865 -0.3035309 0.9341715 0.1875973 -0.534576 0.7778646 0.3303866 -0.9049891 0.2680314 0.3303846 -0.9822459 0 0.1875985 -0.9049891 -0.2680314 0.3303846 -0.534576 -0.7778646 0.3303866 -0.3035309 -0.9341714 0.1875973 -0.02474653 -0.9435213 0.3303865 0.574602 -0.7487835 0.3303876 0.7946557 -0.5773479 0.1875951 0.8896974 -0.3150946 0.3303847 0.3065689 0.9435216 0.1256287 -0.802609 0.5831265 0.1256273 -0.802609 -0.5831265 0.1256273 0.3065689 -0.9435216 0.1256287 0.9920774 0 0.1256283</float_array>
          <technique_common>
            <accessor source="#Icosphere_003-mesh-normals-array" count="40" stride="3">
              <param name="X" type="float"/>
              <param name="Y" type="float"/>
              <param name="Z" type="float"/>
            </accessor>
          </technique_common>
        </source>
        <source id="Icosphere_003-mesh-map-0">
          <float_array id="Icosphere_003-mesh-map-0-array" count="240">0.213065 0.3822531 0.3396708 0.2548076 0.3689003 0.4328863 0.3226659 0.7195646 0.2405825 0.5597739 0.4189766 0.5870028 0.677334 0.7195645 0.5 0.7482512 0.5810233 0.5870028 0.7869349 0.3822531 0.7594174 0.5597739 0.6310997 0.4328863 0.5 0.1737799 0.6603291 0.2548076 0.5 0.3376349 0.5 0.3376349 0.6310997 0.4328863 0.5 0.4754824 0.5 0.3376349 0.6603291 0.2548076 0.6310997 0.4328863 0.6603291 0.2548076 0.7869349 0.3822531 0.6310997 0.4328863 0.6310997 0.4328863 0.5810233 0.5870028 0.5 0.4754824 0.6310997 0.4328863 0.7594174 0.5597739 0.5810233 0.5870028 0.7594174 0.5597739 0.677334 0.7195645 0.5810233 0.5870028 0.5810233 0.5870028 0.4189766 0.5870028 0.5 0.4754824 0.5810233 0.5870028 0.5 0.7482512 0.4189766 0.5870028 0.5 0.7482512 0.3226659 0.7195646 0.4189766 0.5870028 0.4189766 0.5870028 0.3689003 0.4328863 0.5 0.4754824 0.4189766 0.5870028 0.2405825 0.5597739 0.3689003 0.4328863 0.2405825 0.5597739 0.213065 0.3822531 0.3689003 0.4328863 0.3689003 0.4328863 0.5 0.3376349 0.5 0.4754824 0.3689003 0.4328863 0.3396708 0.2548076 0.5 0.3376349 0.3396708 0.2548076 0.5 0.1737799 0.5 0.3376349 0.6546345 9.75032e-5 0.6603291 0.2548076 0.5 0.1737799 0.6546345 9.75032e-5 0.9043319 0.1815125 0.6603291 0.2548076 0.9043319 0.1815125 0.7869349 0.3822531 0.6603291 0.2548076 0.9999026 0.4756488 0.7594174 0.5597739 0.7869349 0.3822531 0.9999026 0.4756488 0.9045271 0.7691835 0.7594174 0.5597739 0.9045271 0.7691835 0.677334 0.7195645 0.7594174 0.5597739 0.6543183 0.9509699 0.5 0.7482512 0.677334 0.7195645 0.6543183 0.9509699 0.3456817 0.9509699 0.5 0.7482512 0.3456817 0.9509699 0.3226659 0.7195646 0.5 0.7482512 0.09547287 0.7691836 0.2405825 0.5597739 0.3226659 0.7195646 0.09547287 0.7691836 9.75032e-5 0.4756488 0.2405825 0.5597739 9.75032e-5 0.4756488 0.213065 0.3822531 0.2405825 0.5597739 0.09566801 0.1815125 0.3396708 0.2548076 0.213065 0.3822531 0.09566801 0.1815125 0.3453654 9.75628e-5 0.3396708 0.2548076 0.3453654 9.75628e-5 0.5 0.1737799 0.3396708 0.2548076 0.9043319 0.1815125 0.9999026 0.4756488 0.7869349 0.3822531 0.9045271 0.7691835 0.6543183 0.9509699 0.677334 0.7195645 0.3456817 0.9509699 0.09547287 0.7691836 0.3226659 0.7195646 9.75032e-5 0.4756488 0.09566801 0.1815125 0.213065 0.3822531 0.3453654 9.75628e-5 0.6546345 9.75032e-5 0.5 0.1737799</float_array>
          <technique_common>
            <accessor source="#Icosphere_003-mesh-map-0-array" count="120" stride="2">
              <param name="S" type="float"/>
              <param name="T" type="float"/>
            </accessor>
          </technique_common>
        </source>
        <vertices id="Icosphere_003-mesh-vertices">
          <input semantic="POSITION" source="#Icosphere_003-mesh-positions"/>
        </vertices>
        <polylist material="Material_001-material" count="40">
          <input semantic="VERTEX" source="#Icosphere_003-mesh-vertices" offset="0"/>
          <input semantic="NORMAL" source="#Icosphere_003-mesh-normals" offset="1"/>
          <input semantic="TEXCOORD" source="#Icosphere_003-mesh-map-0" offset="2" set="0"/>
          <vcount>3 3 3 3 3 3 3 3 3 3 3 3 3 3 3 3 3 3 3 3 3 3 3 3 3 3 3 3 3 3 3 3 3 3 3 3 3 3 3 3 </vcount>
          <p>0 0 0 16 0 1 21 0 2 1 1 3 17 1 4 23 1 5 2 2 6 18 2 7 24 2 8 3 3 9 19 3 10 25 3 11 4 4 12 20 4 13 22 4 14 22 5 15 25 5 16 5 5 17 22 6 18 20 6 19 25 6 20 20 7 21 3 7 22 25 7 23 25 8 24 24 8 25 5 8 26 25 9 27 19 9 28 24 9 29 19 10 30 2 10 31 24 10 32 24 11 33 23 11 34 5 11 35 24 12 36 18 12 37 23 12 38 18 13 39 1 13 40 23 13 41 23 14 42 21 14 43 5 14 44 23 15 45 17 15 46 21 15 47 17 16 48 0 16 49 21 16 50 21 17 51 22 17 52 5 17 53 21 18 54 16 18 55 22 18 56 16 19 57 4 19 58 22 19 59 7 20 60 20 20 61 4 20 62 7 21 63 14 21 64 20 21 65 14 22 66 3 22 67 20 22 68 15 23 69 19 23 70 3 23 71 15 24 72 12 24 73 19 24 74 12 25 75 2 25 76 19 25 77 13 26 78 18 26 79 2 26 80 13 27 81 10 27 82 18 27 83 10 28 84 1 28 85 18 28 86 11 29 87 17 29 88 1 29 89 11 30 90 8 30 91 17 30 92 8 31 93 0 31 94 17 31 95 9 32 96 16 32 97 0 32 98 9 33 99 6 33 100 16 33 101 6 34 102 4 34 103 16 34 104 14 35 105 15 35 106 3 35 107 12 36 108 13 36 109 2 36 110 10 37 111 11 37 112 1 37 113 8 38 114 9 38 115 0 38 116 6 39 117 7 39 118 4 39 119</p>
        </polylist>
      </mesh>
    </geometry>
    <geometry id="Icosphere_006-mesh" name="Icosphere.006">
      <mesh>
        <source id="Icosphere_006-mesh-positions">
          <float_array id="Icosphere_006-mesh-positions-array" count="126">0 0 -0.6007535 0.7236073 -0.5257253 -0.4472195 -0.276388 -0.8506492 -0.6022349 -0.8944262 0 -0.7152926 -0.2888091 1.017563 -0.806334 0.7824832 0.5668995 -0.7564901 0.276388 -0.8506492 0.4472199 -0.7236073 -0.5257253 0.4472195 -0.7236073 0.5257253 0.4472195 0.28354 1.030049 0.5558844 0.8944262 0 0.3018271 0 0 0.8358662 -0.1624555 -0.4999952 -0.6144308 0.4253227 -0.3090114 -0.632602 0.2628688 -0.8090116 -0.6256689 0.8506479 0 -0.8155892 0.4253227 0.3090114 -0.5961005 -0.5257298 0 -0.6842589 -0.6881894 -0.4999969 -0.5257362 -0.1658179 0.5013248 -0.7891975 -0.6881894 0.4999969 -0.5257362 0.2563956 0.8711202 -0.6447314 0.9510579 -0.3090126 0 0.9510579 0.3090126 -0.1817359 0 -1 0 0.5749361 -1.054846 -0.08149886 -1.005131 -0.3253942 -0.02663815 -0.5877856 -0.8090167 -0.1550151 -0.5877856 0.8090167 0 -1.006194 0.3212369 -0.03600257 0.5877856 0.8090167 0 0 1 0 0.6881894 -0.4999969 0.5257362 -0.2841601 -1.172361 0.662037 -0.8506479 0 0.5257359 -0.2628688 0.8090116 0.5257377 0.8339779 0.4324488 0.7380132 0.1624555 -0.4999952 0.8506544 0.5257298 0 0.8506517 -0.4253227 -0.3090114 0.9327216 -0.4253227 0.3090114 0.8506542 0.1624555 0.4999952 0.8506544</float_array>
          <technique_common>
            <accessor source="#Icosphere_006-mesh-positions-array" count="42" stride="3">
              <param name="X" type="float"/>
              <param name="Y" type="float"/>
              <param name="Z" type="float"/>
            </accessor>
          </technique_common>
        </source>
        <source id="Icosphere_006-mesh-normals">
          <float_array id="Icosphere_006-mesh-normals-array" count="240">-0.04441899 0.04173624 -0.9981409 0.07723712 -0.5845776 -0.8076531 0.1568259 -0.02394646 -0.9873359 0.1494354 -0.3042154 -0.9408093 0.2142465 -0.2808008 -0.9355477 0.8822603 -0.3938673 -0.2578477 0.06263566 -0.9615986 -0.2672168 -0.8110162 -0.4677402 -0.3513857 -0.8219561 0.5455256 -0.1636767 0.4690864 0.8690125 -0.1574017 0.8762723 -0.4151879 -0.2444709 -0.2815344 -0.9535369 -0.1072651 -0.9870225 -0.003947377 -0.1605339 -0.3063836 0.9429512 0.1302782 0.8127377 0.5821818 0.02284485 0.408946 -0.6284251 0.6616986 -0.74325 -0.3077675 0.5940191 -0.7002239 0.2680318 0.6616989 -0.2530392 0.5137071 0.8198025 0.7579777 -0.4076531 0.509204 -0.02810686 -0.02042645 0.9993963 0.1766009 0.1283049 0.9758842 0.1914766 0.4432523 0.8757078 0.01073735 -0.03304749 0.9993962 -0.1875938 0.5773454 0.7946577 -0.4712998 0.5831222 0.6616986 0.1290162 0.1305347 0.9830135 -0.6489365 0.1001533 0.754222 -0.7610719 -0.2718698 0.5889452 0.1640133 0.08236443 0.9830137 0.03808408 -0.293277 0.9552687 0.5539004 -0.5445941 0.6297711 -0.02810686 0.02042645 0.9993963 0.4911196 -0.356821 0.7946575 0.8265401 -0.09226948 0.5552638 0.9921286 0.0130645 0.1245402 0.8131349 0.5815183 0.02546501 0.7129106 0.6917381 0.115138 -0.3779196 0.914678 0.1433219 -0.3035309 0.9341715 0.1875973 -0.534576 0.7778646 0.3303866 -0.8764754 0.2712078 0.3977904 -0.9633942 0.002298951 0.2680792 -0.8734738 -0.2714379 0.4041846 -0.8355297 -0.545217 0.06803363 -0.2117389 -0.9198012 -0.330352 0.4935066 -0.8696199 -0.01458132 0.4839316 -0.6891019 0.5393968 0.8506852 -0.4573229 0.2592114 0.9032867 -0.2034214 0.3777471 0.3024796 0.9309359 -0.2046085 0.3083213 0.9489148 -0.06707233 0.2805345 0.9565339 -0.07964575 -0.753885 0.6339282 0.1726052 -0.7283505 0.6423669 -0.2384749 -0.809316 0.4682582 -0.3546012 -0.7284288 -0.6684629 0.1501631 -0.7623125 -0.5835304 -0.27995 -0.6391075 -0.6670222 -0.3829138 -0.04152065 -0.939698 0.3394759 -0.1371034 -0.929849 -0.3414433 0.5766635 -0.5679475 -0.5872776 0.9888902 0.04193586 0.1426105 0.9897324 -0.04032367 -0.1371272 0.965366 0.1390882 -0.220733 -0.2983058 -0.1708898 -0.9390476 0.3140838 0.01225936 -0.9493162 0.2933948 0.0381909 -0.9552282 -0.4458881 -0.1356002 -0.8847578 -0.4464515 0.1353697 -0.884509 0.07933282 0.3246001 -0.9425186 0.07933282 -0.3246001 -0.9425186 -0.1610574 -0.2503436 -0.9546667 -0.166323 0.01975166 -0.9858736 -0.4341514 0.04160904 -0.8998785 -0.4270757 0.0533117 -0.9026429 -0.03189843 0.05892902 -0.9977525 -0.04177373 -0.0211693 -0.9989028 -0.02951353 -0.004270792 -0.9995553 0.4380457 -0.1546036 -0.8855585</float_array>
          <technique_common>
            <accessor source="#Icosphere_006-mesh-normals-array" count="80" stride="3">
              <param name="X" type="float"/>
              <param name="Y" type="float"/>
              <param name="Z" type="float"/>
            </accessor>
          </technique_common>
        </source>
        <vertices id="Icosphere_006-mesh-vertices">
          <input semantic="POSITION" source="#Icosphere_006-mesh-positions"/>
        </vertices>
        <polylist material="Material_004-material" count="80">
          <input semantic="VERTEX" source="#Icosphere_006-mesh-vertices" offset="0"/>
          <input semantic="NORMAL" source="#Icosphere_006-mesh-normals" offset="1"/>
          <vcount>3 3 3 3 3 3 3 3 3 3 3 3 3 3 3 3 3 3 3 3 3 3 3 3 3 3 3 3 3 3 3 3 3 3 3 3 3 3 3 3 3 3 3 3 3 3 3 3 3 3 3 3 3 3 3 3 3 3 3 3 3 3 3 3 3 3 3 3 3 3 3 3 3 3 3 3 3 3 3 3 </vcount>
          <p>0 0 13 0 12 0 1 1 13 1 15 1 0 2 12 2 17 2 0 3 17 3 19 3 0 4 19 4 16 4 1 5 15 5 22 5 2 6 14 6 24 6 3 7 18 7 26 7 4 8 20 8 28 8 5 9 21 9 30 9 1 10 22 10 25 10 2 11 24 11 27 11 3 12 26 12 29 12 4 13 28 13 31 13 5 14 30 14 23 14 6 15 32 15 37 15 7 16 33 16 39 16 8 17 34 17 40 17 9 18 35 18 41 18 10 19 36 19 38 19 38 20 41 20 11 20 38 21 36 21 41 21 36 22 9 22 41 22 41 23 40 23 11 23 41 24 35 24 40 24 35 25 8 25 40 25 40 26 39 26 11 26 40 27 34 27 39 27 34 28 7 28 39 28 39 29 37 29 11 29 39 30 33 30 37 30 33 31 6 31 37 31 37 32 38 32 11 32 37 33 32 33 38 33 32 34 10 34 38 34 23 35 36 35 10 35 23 36 30 36 36 36 30 37 9 37 36 37 31 38 35 38 9 38 31 39 28 39 35 39 28 40 8 40 35 40 29 41 34 41 8 41 29 42 26 42 34 42 26 43 7 43 34 43 27 44 33 44 7 44 27 45 24 45 33 45 24 46 6 46 33 46 25 47 32 47 6 47 25 48 22 48 32 48 22 49 10 49 32 49 30 50 31 50 9 50 30 51 21 51 31 51 21 52 4 52 31 52 28 53 29 53 8 53 28 54 20 54 29 54 20 55 3 55 29 55 26 56 27 56 7 56 26 57 18 57 27 57 18 58 2 58 27 58 24 59 25 59 6 59 24 60 14 60 25 60 14 61 1 61 25 61 22 62 23 62 10 62 22 63 15 63 23 63 15 64 5 64 23 64 16 65 21 65 5 65 16 66 19 66 21 66 19 67 4 67 21 67 19 68 20 68 4 68 19 69 17 69 20 69 17 70 3 70 20 70 17 71 18 71 3 71 17 72 12 72 18 72 12 73 2 73 18 73 15 74 16 74 5 74 15 75 13 75 16 75 13 76 0 76 16 76 12 77 14 77 2 77 12 78 13 78 14 78 13 79 1 79 14 79</p>
        </polylist>
      </mesh>
    </geometry>
    <geometry id="Cylinder_009-mesh" name="Cylinder.009">
      <mesh>
        <source id="Cylinder_009-mesh-positions">
          <float_array id="Cylinder_009-mesh-positions-array" count="108">0 0.3903424 -0.16218 -0.1587997 0.2336165 2.493251 0.3712376 0.1206223 -0.16218 0.1092755 0.2232189 2.493251 0.2294374 -0.3157936 -0.16218 0.2657879 -0.02364253 2.420792 -0.2294375 -0.3157935 -0.16218 -0.008844673 -0.2823398 2.493251 -0.3712376 0.1206224 -0.16218 -0.2712543 -0.07883596 2.493251 0.1561316 0.2419679 2.951089 -0.1716135 0.1989859 2.982843 0.2682087 -0.03859871 2.76698 -0.005889058 -0.2659698 2.712517 -0.2629091 -0.1218018 2.844426 1.745303 0.8924674 4.491979 1.719115 0.9511932 4.495511 1.695619 0.8722668 4.551559 1.652128 0.9193678 4.557639 -1.748307 0.7241248 4.079011 -1.779429 0.6463212 4.092545 -1.690479 0.7022215 4.15576 -1.733901 0.6344664 4.128762 0.2211167 0.002600908 3.145254 -0.1016355 -0.02266407 3.205341 0.2415803 -0.1317524 3.074536 0.08904135 -0.312687 3.139329 -0.1395747 -0.1544584 3.21624 -0.7937943 -1.20491 4.466265 -0.7514517 -1.253913 4.449507 -0.7470079 -1.155576 4.518111 -0.6956331 -1.198234 4.514115 -0.1499348 0.8256251 5.379979 -0.2496763 0.7972812 5.38296 -0.1243928 0.7427177 5.413093 -0.2235307 0.7164856 5.421041</float_array>
          <technique_common>
            <accessor source="#Cylinder_009-mesh-positions-array" count="36" stride="3">
              <param name="X" type="float"/>
              <param name="Y" type="float"/>
              <param name="Z" type="float"/>
            </accessor>
          </technique_common>
        </source>
        <source id="Cylinder_009-mesh-normals">
          <float_array id="Cylinder_009-mesh-normals-array" count="198">0.03868424 0.9973769 0.06117939 0.8512068 0.5209327 0.06384569 0.6782981 -0.7332752 -0.04710984 0.6801153 -0.7322016 -0.03638875 -0.9391766 0.3380185 0.06075197 -0.6116963 -0.7887566 0.06075197 0 0 -1 -0.9016001 0.2863532 0.3242208 -0.6114465 -0.7884353 0.06710499 0.5654667 -0.8238226 -0.03954529 0.3912349 -0.5459462 0.740863 -0.1233748 0.990109 0.0668047 0.5228472 0.3845795 0.7607426 0.6695026 0.3383219 -0.6612902 -0.4381307 -0.60893 0.6612456 -0.4214466 0.9067971 0.01009666 -0.5272883 0.3459234 0.7760826 0.3617711 0.9292294 0.07519596 -0.3527747 -0.9250736 0.1406726 -0.6845442 0.1497255 -0.7134295 0.3634856 0.02702414 0.9312078 0.6489423 -0.7419367 -0.1685346 0.1339228 -0.9358932 0.3258353 -0.63534 0.7219293 0.2741553 0.9429216 0.3227003 0.08223909 -0.335107 -0.5509418 0.7643078 0.5089913 0.5510684 0.6612499 -0.6044602 -0.5526394 -0.5737748 0.72367 -0.6894472 -0.03105378 -0.08686751 0.4015959 0.9116879 0.9532917 0.2981346 0.0484839 -0.2719492 0.9316249 -0.2410782 -0.9563707 -0.2888618 0.04374939 0.5875756 0.8087282 0.02671873 0.9508355 -0.3089451 0.02156245 -1.49909e-7 -0.9936642 0.1123899 0.6318653 -0.773513 0.04923164 -0.5877386 0.8089529 0.01259726 -0.9509812 -0.3089924 0.0125972 -0.9183319 0.09562534 0.3840863 -0.5224085 -0.8477922 -0.09131175 0.4597011 -0.8841323 0.08357673 0.439029 -0.4583816 0.7727484 0.03871792 0.9982436 -0.04484158 0.6929705 0.2687792 0.6689916 0.5549659 0.538069 -0.6344246 -0.4897997 -0.5405638 0.6840227 -0.4177474 0.9085464 0.005546927 -0.7452699 0.2279415 0.6265904 0.329244 0.9440039 0.02133339 -0.5094856 -0.8554866 -0.09256029 -0.6495918 0.233794 -0.7234438 0.1976293 -0.4328503 0.8795359 0.3118626 -0.01120865 0.9500611 0.7019395 -0.6741088 -0.2299092 0.2662649 -0.9098713 0.3181781 -0.7775062 0.6186477 0.1129568 0.9893826 0.09108489 0.1132497 -0.3522496 -0.498418 0.7921488 0.5681589 0.5051236 0.6496504 -0.7222626 -0.4422349 -0.5317566 0.5629444 -0.7986754 -0.2126294 -0.02196794 0.3649885 0.9307529 0.9497449 0.3099832 0.04353147 -0.1496016 0.9569315 -0.2488002 -0.9626946 -0.2682445 0.03555601</float_array>
          <technique_common>
            <accessor source="#Cylinder_009-mesh-normals-array" count="66" stride="3">
              <param name="X" type="float"/>
              <param name="Y" type="float"/>
              <param name="Z" type="float"/>
            </accessor>
          </technique_common>
        </source>
        <vertices id="Cylinder_009-mesh-vertices">
          <input semantic="POSITION" source="#Cylinder_009-mesh-positions"/>
        </vertices>
        <polylist material="Material_005-material" count="68">
          <input semantic="VERTEX" source="#Cylinder_009-mesh-vertices" offset="0"/>
          <input semantic="NORMAL" source="#Cylinder_009-mesh-normals" offset="1"/>
          <vcount>3 3 3 3 3 3 3 3 3 3 3 3 3 3 3 3 3 3 3 3 3 3 3 3 3 3 3 3 3 3 3 3 3 3 3 3 3 3 3 3 3 3 3 3 3 3 3 3 3 3 3 3 3 3 3 3 3 3 3 3 3 3 3 3 3 3 3 3 </vcount>
          <p>0 0 1 0 3 0 2 1 3 1 5 1 5 2 7 2 6 2 7 3 5 3 12 3 8 4 9 4 1 4 6 5 7 5 9 5 4 6 6 6 8 6 14 7 27 7 24 7 9 8 7 8 13 8 12 9 5 9 15 9 11 10 21 10 22 10 1 11 11 11 10 11 16 12 18 12 17 12 3 13 16 13 15 13 10 14 12 14 17 14 10 15 18 15 16 15 19 16 20 16 22 16 11 17 1 17 19 17 14 18 22 18 20 18 9 19 20 19 19 19 24 20 26 20 25 20 13 21 12 21 25 21 24 22 23 22 34 22 27 23 14 23 28 23 12 24 10 24 23 24 28 25 29 25 31 25 27 26 30 26 31 26 14 27 13 27 29 27 26 28 31 28 29 28 32 29 33 29 35 29 23 30 10 30 32 30 11 31 33 31 32 31 24 32 35 32 33 32 2 33 0 33 3 33 4 34 2 34 5 34 4 35 5 35 6 35 13 36 7 36 12 36 0 37 8 37 1 37 8 38 6 38 9 38 8 6 0 6 2 6 2 6 4 6 8 6 11 39 14 39 24 39 14 40 9 40 13 40 17 41 12 41 15 41 14 42 11 42 22 42 3 43 1 43 10 43 15 44 16 44 17 44 5 45 3 45 15 45 18 46 10 46 17 46 3 47 10 47 16 47 21 48 19 48 22 48 21 49 11 49 19 49 9 50 14 50 20 50 1 51 9 51 19 51 25 52 23 52 24 52 24 53 27 53 26 53 26 54 13 54 25 54 35 55 24 55 34 55 30 56 27 56 28 56 25 57 12 57 23 57 30 58 28 58 31 58 26 59 27 59 31 59 28 60 14 60 29 60 13 61 26 61 29 61 34 62 32 62 35 62 34 63 23 63 32 63 10 64 11 64 32 64 11 65 24 65 33 65</p>
        </polylist>
      </mesh>
    </geometry>
    <geometry id="Icosphere_007-mesh" name="Icosphere.007">
      <mesh>
        <source id="Icosphere_007-mesh-positions">
          <float_array id="Icosphere_007-mesh-positions-array" count="126">0 0 -0.6007535 0.7236073 -0.5257253 -0.4472195 -0.276388 -0.8506492 -0.6022349 -0.8944262 0 -0.7152926 -0.2888091 1.017563 -0.806334 0.7824832 0.5668995 -0.7564901 0.276388 -0.8506492 0.4472199 -0.7236073 -0.5257253 0.4472195 -0.7236073 0.5257253 0.4472195 0.28354 1.030049 0.5558844 0.8944262 0 0.3018271 0 0 0.8358662 -0.1624555 -0.4999952 -0.6144308 0.4253227 -0.3090114 -0.632602 0.2628688 -0.8090116 -0.6256689 0.8506479 0 -0.8155892 0.4253227 0.3090114 -0.5961005 -0.5257298 0 -0.6842589 -0.6881894 -0.4999969 -0.5257362 -0.1658179 0.5013248 -0.7891975 -0.6881894 0.4999969 -0.5257362 0.2563956 0.8711202 -0.6447314 0.9510579 -0.3090126 0 0.9510579 0.3090126 -0.1817359 0 -1 0 0.5749361 -1.054846 -0.08149886 -1.005131 -0.3253942 -0.02663815 -0.5877856 -0.8090167 -0.1550151 -0.5877856 0.8090167 0 -1.006194 0.3212369 -0.03600257 0.5877856 0.8090167 0 0 1 0 0.6881894 -0.4999969 0.5257362 -0.2841601 -1.172361 0.662037 -0.8506479 0 0.5257359 -0.2628688 0.8090116 0.5257377 0.8339779 0.4324488 0.7380132 0.1624555 -0.4999952 0.8506544 0.5257298 0 0.8506517 -0.4253227 -0.3090114 0.9327216 -0.4253227 0.3090114 0.8506542 0.1624555 0.4999952 0.8506544</float_array>
          <technique_common>
            <accessor source="#Icosphere_007-mesh-positions-array" count="42" stride="3">
              <param name="X" type="float"/>
              <param name="Y" type="float"/>
              <param name="Z" type="float"/>
            </accessor>
          </technique_common>
        </source>
        <source id="Icosphere_007-mesh-normals">
          <float_array id="Icosphere_007-mesh-normals-array" count="240">-0.04441899 0.04173624 -0.9981409 0.07723712 -0.5845776 -0.8076531 0.1568259 -0.02394646 -0.9873359 0.1494354 -0.3042154 -0.9408093 0.2142465 -0.2808008 -0.9355477 0.8822603 -0.3938673 -0.2578477 0.06263566 -0.9615986 -0.2672168 -0.8110162 -0.4677402 -0.3513857 -0.8219561 0.5455256 -0.1636767 0.4690864 0.8690125 -0.1574017 0.8762723 -0.4151879 -0.2444709 -0.2815344 -0.9535369 -0.1072651 -0.9870225 -0.003947377 -0.1605339 -0.3063836 0.9429512 0.1302782 0.8127377 0.5821818 0.02284485 0.408946 -0.6284251 0.6616986 -0.74325 -0.3077675 0.5940191 -0.7002239 0.2680318 0.6616989 -0.2530392 0.5137071 0.8198025 0.7579777 -0.4076531 0.509204 -0.02810686 -0.02042645 0.9993963 0.1766009 0.1283049 0.9758842 0.1914766 0.4432523 0.8757078 0.01073735 -0.03304749 0.9993962 -0.1875938 0.5773454 0.7946577 -0.4712998 0.5831222 0.6616986 0.1290162 0.1305347 0.9830135 -0.6489365 0.1001533 0.754222 -0.7610719 -0.2718698 0.5889452 0.1640133 0.08236443 0.9830137 0.03808408 -0.293277 0.9552687 0.5539004 -0.5445941 0.6297711 -0.02810686 0.02042645 0.9993963 0.4911196 -0.356821 0.7946575 0.8265401 -0.09226948 0.5552638 0.9921286 0.0130645 0.1245402 0.8131349 0.5815183 0.02546501 0.7129106 0.6917381 0.115138 -0.3779196 0.914678 0.1433219 -0.3035309 0.9341715 0.1875973 -0.534576 0.7778646 0.3303866 -0.8764754 0.2712078 0.3977904 -0.9633942 0.002298951 0.2680792 -0.8734738 -0.2714379 0.4041846 -0.8355297 -0.545217 0.06803363 -0.2117389 -0.9198012 -0.330352 0.4935066 -0.8696199 -0.01458132 0.4839316 -0.6891019 0.5393968 0.8506852 -0.4573229 0.2592114 0.9032867 -0.2034214 0.3777471 0.3024796 0.9309359 -0.2046085 0.3083213 0.9489148 -0.06707233 0.2805345 0.9565339 -0.07964575 -0.753885 0.6339282 0.1726052 -0.7283505 0.6423669 -0.2384749 -0.809316 0.4682582 -0.3546012 -0.7284288 -0.6684629 0.1501631 -0.7623125 -0.5835304 -0.27995 -0.6391075 -0.6670222 -0.3829138 -0.04152065 -0.939698 0.3394759 -0.1371034 -0.929849 -0.3414433 0.5766635 -0.5679475 -0.5872776 0.9888902 0.04193586 0.1426105 0.9897324 -0.04032367 -0.1371272 0.965366 0.1390882 -0.220733 -0.2983058 -0.1708898 -0.9390476 0.3140838 0.01225936 -0.9493162 0.2933948 0.0381909 -0.9552282 -0.4458881 -0.1356002 -0.8847578 -0.4464515 0.1353697 -0.884509 0.07933282 0.3246001 -0.9425186 0.07933282 -0.3246001 -0.9425186 -0.1610574 -0.2503436 -0.9546667 -0.166323 0.01975166 -0.9858736 -0.4341514 0.04160904 -0.8998785 -0.4270757 0.0533117 -0.9026429 -0.03189843 0.05892902 -0.9977525 -0.04177373 -0.0211693 -0.9989028 -0.02951353 -0.004270792 -0.9995553 0.4380457 -0.1546036 -0.8855585</float_array>
          <technique_common>
            <accessor source="#Icosphere_007-mesh-normals-array" count="80" stride="3">
              <param name="X" type="float"/>
              <param name="Y" type="float"/>
              <param name="Z" type="float"/>
            </accessor>
          </technique_common>
        </source>
        <vertices id="Icosphere_007-mesh-vertices">
          <input semantic="POSITION" source="#Icosphere_007-mesh-positions"/>
        </vertices>
        <polylist material="Material_004-material" count="80">
          <input semantic="VERTEX" source="#Icosphere_007-mesh-vertices" offset="0"/>
          <input semantic="NORMAL" source="#Icosphere_007-mesh-normals" offset="1"/>
          <vcount>3 3 3 3 3 3 3 3 3 3 3 3 3 3 3 3 3 3 3 3 3 3 3 3 3 3 3 3 3 3 3 3 3 3 3 3 3 3 3 3 3 3 3 3 3 3 3 3 3 3 3 3 3 3 3 3 3 3 3 3 3 3 3 3 3 3 3 3 3 3 3 3 3 3 3 3 3 3 3 3 </vcount>
          <p>0 0 13 0 12 0 1 1 13 1 15 1 0 2 12 2 17 2 0 3 17 3 19 3 0 4 19 4 16 4 1 5 15 5 22 5 2 6 14 6 24 6 3 7 18 7 26 7 4 8 20 8 28 8 5 9 21 9 30 9 1 10 22 10 25 10 2 11 24 11 27 11 3 12 26 12 29 12 4 13 28 13 31 13 5 14 30 14 23 14 6 15 32 15 37 15 7 16 33 16 39 16 8 17 34 17 40 17 9 18 35 18 41 18 10 19 36 19 38 19 38 20 41 20 11 20 38 21 36 21 41 21 36 22 9 22 41 22 41 23 40 23 11 23 41 24 35 24 40 24 35 25 8 25 40 25 40 26 39 26 11 26 40 27 34 27 39 27 34 28 7 28 39 28 39 29 37 29 11 29 39 30 33 30 37 30 33 31 6 31 37 31 37 32 38 32 11 32 37 33 32 33 38 33 32 34 10 34 38 34 23 35 36 35 10 35 23 36 30 36 36 36 30 37 9 37 36 37 31 38 35 38 9 38 31 39 28 39 35 39 28 40 8 40 35 40 29 41 34 41 8 41 29 42 26 42 34 42 26 43 7 43 34 43 27 44 33 44 7 44 27 45 24 45 33 45 24 46 6 46 33 46 25 47 32 47 6 47 25 48 22 48 32 48 22 49 10 49 32 49 30 50 31 50 9 50 30 51 21 51 31 51 21 52 4 52 31 52 28 53 29 53 8 53 28 54 20 54 29 54 20 55 3 55 29 55 26 56 27 56 7 56 26 57 18 57 27 57 18 58 2 58 27 58 24 59 25 59 6 59 24 60 14 60 25 60 14 61 1 61 25 61 22 62 23 62 10 62 22 63 15 63 23 63 15 64 5 64 23 64 16 65 21 65 5 65 16 66 19 66 21 66 19 67 4 67 21 67 19 68 20 68 4 68 19 69 17 69 20 69 17 70 3 70 20 70 17 71 18 71 3 71 17 72 12 72 18 72 12 73 2 73 18 73 15 74 16 74 5 74 15 75 13 75 16 75 13 76 0 76 16 76 12 77 14 77 2 77 12 78 13 78 14 78 13 79 1 79 14 79</p>
        </polylist>
      </mesh>
    </geometry>
    <geometry id="Cylinder_010-mesh" name="Cylinder.010">
      <mesh>
        <source id="Cylinder_010-mesh-positions">
          <float_array id="Cylinder_010-mesh-positions-array" count="108">0 0.3903424 -0.16218 -0.1587997 0.2336165 2.493251 0.3712376 0.1206223 -0.16218 0.1092755 0.2232189 2.493251 0.2294374 -0.3157936 -0.16218 0.2657879 -0.02364253 2.420792 -0.2294375 -0.3157935 -0.16218 -0.008844673 -0.2823398 2.493251 -0.3712376 0.1206224 -0.16218 -0.2712543 -0.07883596 2.493251 0.1561316 0.2419679 2.951089 -0.1716135 0.1989859 2.982843 0.2682087 -0.03859871 2.76698 -0.005889058 -0.2659698 2.712517 -0.2629091 -0.1218018 2.844426 1.745303 0.8924674 4.491979 1.719115 0.9511932 4.495511 1.695619 0.8722668 4.551559 1.652128 0.9193678 4.557639 -1.748307 0.7241248 4.079011 -1.779429 0.6463212 4.092545 -1.690479 0.7022215 4.15576 -1.733901 0.6344664 4.128762 0.2211167 0.002600908 3.145254 -0.1016355 -0.02266407 3.205341 0.2415803 -0.1317524 3.074536 0.08904135 -0.312687 3.139329 -0.1395747 -0.1544584 3.21624 -0.7937943 -1.20491 4.466265 -0.7514517 -1.253913 4.449507 -0.7470079 -1.155576 4.518111 -0.6956331 -1.198234 4.514115 -0.1499348 0.8256251 5.379979 -0.2496763 0.7972812 5.38296 -0.1243928 0.7427177 5.413093 -0.2235307 0.7164856 5.421041</float_array>
          <technique_common>
            <accessor source="#Cylinder_010-mesh-positions-array" count="36" stride="3">
              <param name="X" type="float"/>
              <param name="Y" type="float"/>
              <param name="Z" type="float"/>
            </accessor>
          </technique_common>
        </source>
        <source id="Cylinder_010-mesh-normals">
          <float_array id="Cylinder_010-mesh-normals-array" count="198">0.03868424 0.9973769 0.06117939 0.8512068 0.5209327 0.06384569 0.6782981 -0.7332752 -0.04710984 0.6801153 -0.7322016 -0.03638875 -0.9391766 0.3380185 0.06075197 -0.6116963 -0.7887566 0.06075197 0 0 -1 -0.9016001 0.2863532 0.3242208 -0.6114465 -0.7884353 0.06710499 0.5654667 -0.8238226 -0.03954529 0.3912349 -0.5459462 0.740863 -0.1233748 0.990109 0.0668047 0.5228472 0.3845795 0.7607426 0.6695026 0.3383219 -0.6612902 -0.4381307 -0.60893 0.6612456 -0.4214466 0.9067971 0.01009666 -0.5272883 0.3459234 0.7760826 0.3617711 0.9292294 0.07519596 -0.3527747 -0.9250736 0.1406726 -0.6845442 0.1497255 -0.7134295 0.3634856 0.02702414 0.9312078 0.6489423 -0.7419367 -0.1685346 0.1339228 -0.9358932 0.3258353 -0.63534 0.7219293 0.2741553 0.9429216 0.3227003 0.08223909 -0.335107 -0.5509418 0.7643078 0.5089913 0.5510684 0.6612499 -0.6044602 -0.5526394 -0.5737748 0.72367 -0.6894472 -0.03105378 -0.08686751 0.4015959 0.9116879 0.9532917 0.2981346 0.0484839 -0.2719492 0.9316249 -0.2410782 -0.9563707 -0.2888618 0.04374939 0.5875756 0.8087282 0.02671873 0.9508355 -0.3089451 0.02156245 -1.49909e-7 -0.9936642 0.1123899 0.6318653 -0.773513 0.04923164 -0.5877386 0.8089529 0.01259726 -0.9509812 -0.3089924 0.0125972 -0.9183319 0.09562534 0.3840863 -0.5224085 -0.8477922 -0.09131175 0.4597011 -0.8841323 0.08357673 0.439029 -0.4583816 0.7727484 0.03871792 0.9982436 -0.04484158 0.6929705 0.2687792 0.6689916 0.5549659 0.538069 -0.6344246 -0.4897997 -0.5405638 0.6840227 -0.4177474 0.9085464 0.005546927 -0.7452699 0.2279415 0.6265904 0.329244 0.9440039 0.02133339 -0.5094856 -0.8554866 -0.09256029 -0.6495918 0.233794 -0.7234438 0.1976293 -0.4328503 0.8795359 0.3118626 -0.01120865 0.9500611 0.7019395 -0.6741088 -0.2299092 0.2662649 -0.9098713 0.3181781 -0.7775062 0.6186477 0.1129568 0.9893826 0.09108489 0.1132497 -0.3522496 -0.498418 0.7921488 0.5681589 0.5051236 0.6496504 -0.7222626 -0.4422349 -0.5317566 0.5629444 -0.7986754 -0.2126294 -0.02196794 0.3649885 0.9307529 0.9497449 0.3099832 0.04353147 -0.1496016 0.9569315 -0.2488002 -0.9626946 -0.2682445 0.03555601</float_array>
          <technique_common>
            <accessor source="#Cylinder_010-mesh-normals-array" count="66" stride="3">
              <param name="X" type="float"/>
              <param name="Y" type="float"/>
              <param name="Z" type="float"/>
            </accessor>
          </technique_common>
        </source>
        <vertices id="Cylinder_010-mesh-vertices">
          <input semantic="POSITION" source="#Cylinder_010-mesh-positions"/>
        </vertices>
        <polylist material="Material_005-material" count="68">
          <input semantic="VERTEX" source="#Cylinder_010-mesh-vertices" offset="0"/>
          <input semantic="NORMAL" source="#Cylinder_010-mesh-normals" offset="1"/>
          <vcount>3 3 3 3 3 3 3 3 3 3 3 3 3 3 3 3 3 3 3 3 3 3 3 3 3 3 3 3 3 3 3 3 3 3 3 3 3 3 3 3 3 3 3 3 3 3 3 3 3 3 3 3 3 3 3 3 3 3 3 3 3 3 3 3 3 3 3 3 </vcount>
          <p>0 0 1 0 3 0 2 1 3 1 5 1 5 2 7 2 6 2 7 3 5 3 12 3 8 4 9 4 1 4 6 5 7 5 9 5 4 6 6 6 8 6 14 7 27 7 24 7 9 8 7 8 13 8 12 9 5 9 15 9 11 10 21 10 22 10 1 11 11 11 10 11 16 12 18 12 17 12 3 13 16 13 15 13 10 14 12 14 17 14 10 15 18 15 16 15 19 16 20 16 22 16 11 17 1 17 19 17 14 18 22 18 20 18 9 19 20 19 19 19 24 20 26 20 25 20 13 21 12 21 25 21 24 22 23 22 34 22 27 23 14 23 28 23 12 24 10 24 23 24 28 25 29 25 31 25 27 26 30 26 31 26 14 27 13 27 29 27 26 28 31 28 29 28 32 29 33 29 35 29 23 30 10 30 32 30 11 31 33 31 32 31 24 32 35 32 33 32 2 33 0 33 3 33 4 34 2 34 5 34 4 35 5 35 6 35 13 36 7 36 12 36 0 37 8 37 1 37 8 38 6 38 9 38 8 6 0 6 2 6 2 6 4 6 8 6 11 39 14 39 24 39 14 40 9 40 13 40 17 41 12 41 15 41 14 42 11 42 22 42 3 43 1 43 10 43 15 44 16 44 17 44 5 45 3 45 15 45 18 46 10 46 17 46 3 47 10 47 16 47 21 48 19 48 22 48 21 49 11 49 19 49 9 50 14 50 20 50 1 51 9 51 19 51 25 52 23 52 24 52 24 53 27 53 26 53 26 54 13 54 25 54 35 55 24 55 34 55 30 56 27 56 28 56 25 57 12 57 23 57 30 58 28 58 31 58 26 59 27 59 31 59 28 60 14 60 29 60 13 61 26 61 29 61 34 62 32 62 35 62 34 63 23 63 32 63 10 64 11 64 32 64 11 65 24 65 33 65</p>
        </polylist>
      </mesh>
    </geometry>
    <geometry id="Icosphere_008-mesh" name="Icosphere.008">
      <mesh>
        <source id="Icosphere_008-mesh-positions">
          <float_array id="Icosphere_008-mesh-positions-array" count="126">0 0 -0.6007535 0.7236073 -0.5257253 -0.4472195 -0.276388 -0.8506492 -0.6022349 -0.8944262 0 -0.7152926 -0.2888091 1.017563 -0.806334 0.7824832 0.5668995 -0.7564901 0.276388 -0.8506492 0.4472199 -0.7236073 -0.5257253 0.4472195 -0.7236073 0.5257253 0.4472195 0.28354 1.030049 0.5558844 0.8944262 0 0.3018271 0 0 0.8358662 -0.1624555 -0.4999952 -0.6144308 0.4253227 -0.3090114 -0.632602 0.2628688 -0.8090116 -0.6256689 0.8506479 0 -0.8155892 0.4253227 0.3090114 -0.5961005 -0.5257298 0 -0.6842589 -0.6881894 -0.4999969 -0.5257362 -0.1658179 0.5013248 -0.7891975 -0.6881894 0.4999969 -0.5257362 0.2563956 0.8711202 -0.6447314 0.9510579 -0.3090126 0 0.9510579 0.3090126 -0.1817359 0 -1 0 0.5749361 -1.054846 -0.08149886 -1.005131 -0.3253942 -0.02663815 -0.5877856 -0.8090167 -0.1550151 -0.5877856 0.8090167 0 -1.006194 0.3212369 -0.03600257 0.5877856 0.8090167 0 0 1 0 0.6881894 -0.4999969 0.5257362 -0.2841601 -1.172361 0.662037 -0.8506479 0 0.5257359 -0.2628688 0.8090116 0.5257377 0.8339779 0.4324488 0.7380132 0.1624555 -0.4999952 0.8506544 0.5257298 0 0.8506517 -0.4253227 -0.3090114 0.9327216 -0.4253227 0.3090114 0.8506542 0.1624555 0.4999952 0.8506544</float_array>
          <technique_common>
            <accessor source="#Icosphere_008-mesh-positions-array" count="42" stride="3">
              <param name="X" type="float"/>
              <param name="Y" type="float"/>
              <param name="Z" type="float"/>
            </accessor>
          </technique_common>
        </source>
        <source id="Icosphere_008-mesh-normals">
          <float_array id="Icosphere_008-mesh-normals-array" count="240">-0.04441899 0.04173624 -0.9981409 0.07723712 -0.5845776 -0.8076531 0.1568259 -0.02394646 -0.9873359 0.1494354 -0.3042154 -0.9408093 0.2142465 -0.2808008 -0.9355477 0.8822603 -0.3938673 -0.2578477 0.06263566 -0.9615986 -0.2672168 -0.8110162 -0.4677402 -0.3513857 -0.8219561 0.5455256 -0.1636767 0.4690864 0.8690125 -0.1574017 0.8762723 -0.4151879 -0.2444709 -0.2815344 -0.9535369 -0.1072651 -0.9870225 -0.003947377 -0.1605339 -0.3063836 0.9429512 0.1302782 0.8127377 0.5821818 0.02284485 0.408946 -0.6284251 0.6616986 -0.74325 -0.3077675 0.5940191 -0.7002239 0.2680318 0.6616989 -0.2530392 0.5137071 0.8198025 0.7579777 -0.4076531 0.509204 -0.02810686 -0.02042645 0.9993963 0.1766009 0.1283049 0.9758842 0.1914766 0.4432523 0.8757078 0.01073735 -0.03304749 0.9993962 -0.1875938 0.5773454 0.7946577 -0.4712998 0.5831222 0.6616986 0.1290162 0.1305347 0.9830135 -0.6489365 0.1001533 0.754222 -0.7610719 -0.2718698 0.5889452 0.1640133 0.08236443 0.9830137 0.03808408 -0.293277 0.9552687 0.5539004 -0.5445941 0.6297711 -0.02810686 0.02042645 0.9993963 0.4911196 -0.356821 0.7946575 0.8265401 -0.09226948 0.5552638 0.9921286 0.0130645 0.1245402 0.8131349 0.5815183 0.02546501 0.7129106 0.6917381 0.115138 -0.3779196 0.914678 0.1433219 -0.3035309 0.9341715 0.1875973 -0.534576 0.7778646 0.3303866 -0.8764754 0.2712078 0.3977904 -0.9633942 0.002298951 0.2680792 -0.8734738 -0.2714379 0.4041846 -0.8355297 -0.545217 0.06803363 -0.2117389 -0.9198012 -0.330352 0.4935066 -0.8696199 -0.01458132 0.4839316 -0.6891019 0.5393968 0.8506852 -0.4573229 0.2592114 0.9032867 -0.2034214 0.3777471 0.3024796 0.9309359 -0.2046085 0.3083213 0.9489148 -0.06707233 0.2805345 0.9565339 -0.07964575 -0.753885 0.6339282 0.1726052 -0.7283505 0.6423669 -0.2384749 -0.809316 0.4682582 -0.3546012 -0.7284288 -0.6684629 0.1501631 -0.7623125 -0.5835304 -0.27995 -0.6391075 -0.6670222 -0.3829138 -0.04152065 -0.939698 0.3394759 -0.1371034 -0.929849 -0.3414433 0.5766635 -0.5679475 -0.5872776 0.9888902 0.04193586 0.1426105 0.9897324 -0.04032367 -0.1371272 0.965366 0.1390882 -0.220733 -0.2983058 -0.1708898 -0.9390476 0.3140838 0.01225936 -0.9493162 0.2933948 0.0381909 -0.9552282 -0.4458881 -0.1356002 -0.8847578 -0.4464515 0.1353697 -0.884509 0.07933282 0.3246001 -0.9425186 0.07933282 -0.3246001 -0.9425186 -0.1610574 -0.2503436 -0.9546667 -0.166323 0.01975166 -0.9858736 -0.4341514 0.04160904 -0.8998785 -0.4270757 0.0533117 -0.9026429 -0.03189843 0.05892902 -0.9977525 -0.04177373 -0.0211693 -0.9989028 -0.02951353 -0.004270792 -0.9995553 0.4380457 -0.1546036 -0.8855585</float_array>
          <technique_common>
            <accessor source="#Icosphere_008-mesh-normals-array" count="80" stride="3">
              <param name="X" type="float"/>
              <param name="Y" type="float"/>
              <param name="Z" type="float"/>
            </accessor>
          </technique_common>
        </source>
        <vertices id="Icosphere_008-mesh-vertices">
          <input semantic="POSITION" source="#Icosphere_008-mesh-positions"/>
        </vertices>
        <polylist material="Material_004-material" count="80">
          <input semantic="VERTEX" source="#Icosphere_008-mesh-vertices" offset="0"/>
          <input semantic="NORMAL" source="#Icosphere_008-mesh-normals" offset="1"/>
          <vcount>3 3 3 3 3 3 3 3 3 3 3 3 3 3 3 3 3 3 3 3 3 3 3 3 3 3 3 3 3 3 3 3 3 3 3 3 3 3 3 3 3 3 3 3 3 3 3 3 3 3 3 3 3 3 3 3 3 3 3 3 3 3 3 3 3 3 3 3 3 3 3 3 3 3 3 3 3 3 3 3 </vcount>
          <p>0 0 13 0 12 0 1 1 13 1 15 1 0 2 12 2 17 2 0 3 17 3 19 3 0 4 19 4 16 4 1 5 15 5 22 5 2 6 14 6 24 6 3 7 18 7 26 7 4 8 20 8 28 8 5 9 21 9 30 9 1 10 22 10 25 10 2 11 24 11 27 11 3 12 26 12 29 12 4 13 28 13 31 13 5 14 30 14 23 14 6 15 32 15 37 15 7 16 33 16 39 16 8 17 34 17 40 17 9 18 35 18 41 18 10 19 36 19 38 19 38 20 41 20 11 20 38 21 36 21 41 21 36 22 9 22 41 22 41 23 40 23 11 23 41 24 35 24 40 24 35 25 8 25 40 25 40 26 39 26 11 26 40 27 34 27 39 27 34 28 7 28 39 28 39 29 37 29 11 29 39 30 33 30 37 30 33 31 6 31 37 31 37 32 38 32 11 32 37 33 32 33 38 33 32 34 10 34 38 34 23 35 36 35 10 35 23 36 30 36 36 36 30 37 9 37 36 37 31 38 35 38 9 38 31 39 28 39 35 39 28 40 8 40 35 40 29 41 34 41 8 41 29 42 26 42 34 42 26 43 7 43 34 43 27 44 33 44 7 44 27 45 24 45 33 45 24 46 6 46 33 46 25 47 32 47 6 47 25 48 22 48 32 48 22 49 10 49 32 49 30 50 31 50 9 50 30 51 21 51 31 51 21 52 4 52 31 52 28 53 29 53 8 53 28 54 20 54 29 54 20 55 3 55 29 55 26 56 27 56 7 56 26 57 18 57 27 57 18 58 2 58 27 58 24 59 25 59 6 59 24 60 14 60 25 60 14 61 1 61 25 61 22 62 23 62 10 62 22 63 15 63 23 63 15 64 5 64 23 64 16 65 21 65 5 65 16 66 19 66 21 66 19 67 4 67 21 67 19 68 20 68 4 68 19 69 17 69 20 69 17 70 3 70 20 70 17 71 18 71 3 71 17 72 12 72 18 72 12 73 2 73 18 73 15 74 16 74 5 74 15 75 13 75 16 75 13 76 0 76 16 76 12 77 14 77 2 77 12 78 13 78 14 78 13 79 1 79 14 79</p>
        </polylist>
      </mesh>
    </geometry>
    <geometry id="Cylinder_011-mesh" name="Cylinder.011">
      <mesh>
        <source id="Cylinder_011-mesh-positions">
          <float_array id="Cylinder_011-mesh-positions-array" count="108">0 0.3903424 -0.16218 -0.1587997 0.2336165 2.493251 0.3712376 0.1206223 -0.16218 0.1092755 0.2232189 2.493251 0.2294374 -0.3157936 -0.16218 0.2657879 -0.02364253 2.420792 -0.2294375 -0.3157935 -0.16218 -0.008844673 -0.2823398 2.493251 -0.3712376 0.1206224 -0.16218 -0.2712543 -0.07883596 2.493251 0.1561316 0.2419679 2.951089 -0.1716135 0.1989859 2.982843 0.2682087 -0.03859871 2.76698 -0.005889058 -0.2659698 2.712517 -0.2629091 -0.1218018 2.844426 1.745303 0.8924674 4.491979 1.719115 0.9511932 4.495511 1.695619 0.8722668 4.551559 1.652128 0.9193678 4.557639 -1.748307 0.7241248 4.079011 -1.779429 0.6463212 4.092545 -1.690479 0.7022215 4.15576 -1.733901 0.6344664 4.128762 0.2211167 0.002600908 3.145254 -0.1016355 -0.02266407 3.205341 0.2415803 -0.1317524 3.074536 0.08904135 -0.312687 3.139329 -0.1395747 -0.1544584 3.21624 -0.7937943 -1.20491 4.466265 -0.7514517 -1.253913 4.449507 -0.7470079 -1.155576 4.518111 -0.6956331 -1.198234 4.514115 -0.1499348 0.8256251 5.379979 -0.2496763 0.7972812 5.38296 -0.1243928 0.7427177 5.413093 -0.2235307 0.7164856 5.421041</float_array>
          <technique_common>
            <accessor source="#Cylinder_011-mesh-positions-array" count="36" stride="3">
              <param name="X" type="float"/>
              <param name="Y" type="float"/>
              <param name="Z" type="float"/>
            </accessor>
          </technique_common>
        </source>
        <source id="Cylinder_011-mesh-normals">
          <float_array id="Cylinder_011-mesh-normals-array" count="198">0.03868424 0.9973769 0.06117939 0.8512068 0.5209327 0.06384569 0.6782981 -0.7332752 -0.04710984 0.6801153 -0.7322016 -0.03638875 -0.9391766 0.3380185 0.06075197 -0.6116963 -0.7887566 0.06075197 0 0 -1 -0.9016001 0.2863532 0.3242208 -0.6114465 -0.7884353 0.06710499 0.5654667 -0.8238226 -0.03954529 0.3912349 -0.5459462 0.740863 -0.1233748 0.990109 0.0668047 0.5228472 0.3845795 0.7607426 0.6695026 0.3383219 -0.6612902 -0.4381307 -0.60893 0.6612456 -0.4214466 0.9067971 0.01009666 -0.5272883 0.3459234 0.7760826 0.3617711 0.9292294 0.07519596 -0.3527747 -0.9250736 0.1406726 -0.6845442 0.1497255 -0.7134295 0.3634856 0.02702414 0.9312078 0.6489423 -0.7419367 -0.1685346 0.1339228 -0.9358932 0.3258353 -0.63534 0.7219293 0.2741553 0.9429216 0.3227003 0.08223909 -0.335107 -0.5509418 0.7643078 0.5089913 0.5510684 0.6612499 -0.6044602 -0.5526394 -0.5737748 0.72367 -0.6894472 -0.03105378 -0.08686751 0.4015959 0.9116879 0.9532917 0.2981346 0.0484839 -0.2719492 0.9316249 -0.2410782 -0.9563707 -0.2888618 0.04374939 0.5875756 0.8087282 0.02671873 0.9508355 -0.3089451 0.02156245 -1.49909e-7 -0.9936642 0.1123899 0.6318653 -0.773513 0.04923164 -0.5877386 0.8089529 0.01259726 -0.9509812 -0.3089924 0.0125972 -0.9183319 0.09562534 0.3840863 -0.5224085 -0.8477922 -0.09131175 0.4597011 -0.8841323 0.08357673 0.439029 -0.4583816 0.7727484 0.03871792 0.9982436 -0.04484158 0.6929705 0.2687792 0.6689916 0.5549659 0.538069 -0.6344246 -0.4897997 -0.5405638 0.6840227 -0.4177474 0.9085464 0.005546927 -0.7452699 0.2279415 0.6265904 0.329244 0.9440039 0.02133339 -0.5094856 -0.8554866 -0.09256029 -0.6495918 0.233794 -0.7234438 0.1976293 -0.4328503 0.8795359 0.3118626 -0.01120865 0.9500611 0.7019395 -0.6741088 -0.2299092 0.2662649 -0.9098713 0.3181781 -0.7775062 0.6186477 0.1129568 0.9893826 0.09108489 0.1132497 -0.3522496 -0.498418 0.7921488 0.5681589 0.5051236 0.6496504 -0.7222626 -0.4422349 -0.5317566 0.5629444 -0.7986754 -0.2126294 -0.02196794 0.3649885 0.9307529 0.9497449 0.3099832 0.04353147 -0.1496016 0.9569315 -0.2488002 -0.9626946 -0.2682445 0.03555601</float_array>
          <technique_common>
            <accessor source="#Cylinder_011-mesh-normals-array" count="66" stride="3">
              <param name="X" type="float"/>
              <param name="Y" type="float"/>
              <param name="Z" type="float"/>
            </accessor>
          </technique_common>
        </source>
        <vertices id="Cylinder_011-mesh-vertices">
          <input semantic="POSITION" source="#Cylinder_011-mesh-positions"/>
        </vertices>
        <polylist material="Material_005-material" count="68">
          <input semantic="VERTEX" source="#Cylinder_011-mesh-vertices" offset="0"/>
          <input semantic="NORMAL" source="#Cylinder_011-mesh-normals" offset="1"/>
          <vcount>3 3 3 3 3 3 3 3 3 3 3 3 3 3 3 3 3 3 3 3 3 3 3 3 3 3 3 3 3 3 3 3 3 3 3 3 3 3 3 3 3 3 3 3 3 3 3 3 3 3 3 3 3 3 3 3 3 3 3 3 3 3 3 3 3 3 3 3 </vcount>
          <p>0 0 1 0 3 0 2 1 3 1 5 1 5 2 7 2 6 2 7 3 5 3 12 3 8 4 9 4 1 4 6 5 7 5 9 5 4 6 6 6 8 6 14 7 27 7 24 7 9 8 7 8 13 8 12 9 5 9 15 9 11 10 21 10 22 10 1 11 11 11 10 11 16 12 18 12 17 12 3 13 16 13 15 13 10 14 12 14 17 14 10 15 18 15 16 15 19 16 20 16 22 16 11 17 1 17 19 17 14 18 22 18 20 18 9 19 20 19 19 19 24 20 26 20 25 20 13 21 12 21 25 21 24 22 23 22 34 22 27 23 14 23 28 23 12 24 10 24 23 24 28 25 29 25 31 25 27 26 30 26 31 26 14 27 13 27 29 27 26 28 31 28 29 28 32 29 33 29 35 29 23 30 10 30 32 30 11 31 33 31 32 31 24 32 35 32 33 32 2 33 0 33 3 33 4 34 2 34 5 34 4 35 5 35 6 35 13 36 7 36 12 36 0 37 8 37 1 37 8 38 6 38 9 38 8 6 0 6 2 6 2 6 4 6 8 6 11 39 14 39 24 39 14 40 9 40 13 40 17 41 12 41 15 41 14 42 11 42 22 42 3 43 1 43 10 43 15 44 16 44 17 44 5 45 3 45 15 45 18 46 10 46 17 46 3 47 10 47 16 47 21 48 19 48 22 48 21 49 11 49 19 49 9 50 14 50 20 50 1 51 9 51 19 51 25 52 23 52 24 52 24 53 27 53 26 53 26 54 13 54 25 54 35 55 24 55 34 55 30 56 27 56 28 56 25 57 12 57 23 57 30 58 28 58 31 58 26 59 27 59 31 59 28 60 14 60 29 60 13 61 26 61 29 61 34 62 32 62 35 62 34 63 23 63 32 63 10 64 11 64 32 64 11 65 24 65 33 65</p>
        </polylist>
      </mesh>
    </geometry>
    <geometry id="Icosphere_009-mesh" name="Icosphere.009">
      <mesh>
        <source id="Icosphere_009-mesh-positions">
          <float_array id="Icosphere_009-mesh-positions-array" count="126">0 0 -0.6007535 0.7236073 -0.5257253 -0.4472195 -0.276388 -0.8506492 -0.6022349 -0.8944262 0 -0.7152926 -0.2888091 1.017563 -0.806334 0.7824832 0.5668995 -0.7564901 0.276388 -0.8506492 0.4472199 -0.7236073 -0.5257253 0.4472195 -0.7236073 0.5257253 0.4472195 0.28354 1.030049 0.5558844 0.8944262 0 0.3018271 0 0 0.8358662 -0.1624555 -0.4999952 -0.6144308 0.4253227 -0.3090114 -0.632602 0.2628688 -0.8090116 -0.6256689 0.8506479 0 -0.8155892 0.4253227 0.3090114 -0.5961005 -0.5257298 0 -0.6842589 -0.6881894 -0.4999969 -0.5257362 -0.1658179 0.5013248 -0.7891975 -0.6881894 0.4999969 -0.5257362 0.2563956 0.8711202 -0.6447314 0.9510579 -0.3090126 0 0.9510579 0.3090126 -0.1817359 0 -1 0 0.5749361 -1.054846 -0.08149886 -1.005131 -0.3253942 -0.02663815 -0.5877856 -0.8090167 -0.1550151 -0.5877856 0.8090167 0 -1.006194 0.3212369 -0.03600257 0.5877856 0.8090167 0 0 1 0 0.6881894 -0.4999969 0.5257362 -0.2841601 -1.172361 0.662037 -0.8506479 0 0.5257359 -0.2628688 0.8090116 0.5257377 0.8339779 0.4324488 0.7380132 0.1624555 -0.4999952 0.8506544 0.5257298 0 0.8506517 -0.4253227 -0.3090114 0.9327216 -0.4253227 0.3090114 0.8506542 0.1624555 0.4999952 0.8506544</float_array>
          <technique_common>
            <accessor source="#Icosphere_009-mesh-positions-array" count="42" stride="3">
              <param name="X" type="float"/>
              <param name="Y" type="float"/>
              <param name="Z" type="float"/>
            </accessor>
          </technique_common>
        </source>
        <source id="Icosphere_009-mesh-normals">
          <float_array id="Icosphere_009-mesh-normals-array" count="240">-0.04441899 0.04173624 -0.9981409 0.07723712 -0.5845776 -0.8076531 0.1568259 -0.02394646 -0.9873359 0.1494354 -0.3042154 -0.9408093 0.2142465 -0.2808008 -0.9355477 0.8822603 -0.3938673 -0.2578477 0.06263566 -0.9615986 -0.2672168 -0.8110162 -0.4677402 -0.3513857 -0.8219561 0.5455256 -0.1636767 0.4690864 0.8690125 -0.1574017 0.8762723 -0.4151879 -0.2444709 -0.2815344 -0.9535369 -0.1072651 -0.9870225 -0.003947377 -0.1605339 -0.3063836 0.9429512 0.1302782 0.8127377 0.5821818 0.02284485 0.408946 -0.6284251 0.6616986 -0.74325 -0.3077675 0.5940191 -0.7002239 0.2680318 0.6616989 -0.2530392 0.5137071 0.8198025 0.7579777 -0.4076531 0.509204 -0.02810686 -0.02042645 0.9993963 0.1766009 0.1283049 0.9758842 0.1914766 0.4432523 0.8757078 0.01073735 -0.03304749 0.9993962 -0.1875938 0.5773454 0.7946577 -0.4712998 0.5831222 0.6616986 0.1290162 0.1305347 0.9830135 -0.6489365 0.1001533 0.754222 -0.7610719 -0.2718698 0.5889452 0.1640133 0.08236443 0.9830137 0.03808408 -0.293277 0.9552687 0.5539004 -0.5445941 0.6297711 -0.02810686 0.02042645 0.9993963 0.4911196 -0.356821 0.7946575 0.8265401 -0.09226948 0.5552638 0.9921286 0.0130645 0.1245402 0.8131349 0.5815183 0.02546501 0.7129106 0.6917381 0.115138 -0.3779196 0.914678 0.1433219 -0.3035309 0.9341715 0.1875973 -0.534576 0.7778646 0.3303866 -0.8764754 0.2712078 0.3977904 -0.9633942 0.002298951 0.2680792 -0.8734738 -0.2714379 0.4041846 -0.8355297 -0.545217 0.06803363 -0.2117389 -0.9198012 -0.330352 0.4935066 -0.8696199 -0.01458132 0.4839316 -0.6891019 0.5393968 0.8506852 -0.4573229 0.2592114 0.9032867 -0.2034214 0.3777471 0.3024796 0.9309359 -0.2046085 0.3083213 0.9489148 -0.06707233 0.2805345 0.9565339 -0.07964575 -0.753885 0.6339282 0.1726052 -0.7283505 0.6423669 -0.2384749 -0.809316 0.4682582 -0.3546012 -0.7284288 -0.6684629 0.1501631 -0.7623125 -0.5835304 -0.27995 -0.6391075 -0.6670222 -0.3829138 -0.04152065 -0.939698 0.3394759 -0.1371034 -0.929849 -0.3414433 0.5766635 -0.5679475 -0.5872776 0.9888902 0.04193586 0.1426105 0.9897324 -0.04032367 -0.1371272 0.965366 0.1390882 -0.220733 -0.2983058 -0.1708898 -0.9390476 0.3140838 0.01225936 -0.9493162 0.2933948 0.0381909 -0.9552282 -0.4458881 -0.1356002 -0.8847578 -0.4464515 0.1353697 -0.884509 0.07933282 0.3246001 -0.9425186 0.07933282 -0.3246001 -0.9425186 -0.1610574 -0.2503436 -0.9546667 -0.166323 0.01975166 -0.9858736 -0.4341514 0.04160904 -0.8998785 -0.4270757 0.0533117 -0.9026429 -0.03189843 0.05892902 -0.9977525 -0.04177373 -0.0211693 -0.9989028 -0.02951353 -0.004270792 -0.9995553 0.4380457 -0.1546036 -0.8855585</float_array>
          <technique_common>
            <accessor source="#Icosphere_009-mesh-normals-array" count="80" stride="3">
              <param name="X" type="float"/>
              <param name="Y" type="float"/>
              <param name="Z" type="float"/>
            </accessor>
          </technique_common>
        </source>
        <vertices id="Icosphere_009-mesh-vertices">
          <input semantic="POSITION" source="#Icosphere_009-mesh-positions"/>
        </vertices>
        <polylist material="Material_004-material" count="80">
          <input semantic="VERTEX" source="#Icosphere_009-mesh-vertices" offset="0"/>
          <input semantic="NORMAL" source="#Icosphere_009-mesh-normals" offset="1"/>
          <vcount>3 3 3 3 3 3 3 3 3 3 3 3 3 3 3 3 3 3 3 3 3 3 3 3 3 3 3 3 3 3 3 3 3 3 3 3 3 3 3 3 3 3 3 3 3 3 3 3 3 3 3 3 3 3 3 3 3 3 3 3 3 3 3 3 3 3 3 3 3 3 3 3 3 3 3 3 3 3 3 3 </vcount>
          <p>0 0 13 0 12 0 1 1 13 1 15 1 0 2 12 2 17 2 0 3 17 3 19 3 0 4 19 4 16 4 1 5 15 5 22 5 2 6 14 6 24 6 3 7 18 7 26 7 4 8 20 8 28 8 5 9 21 9 30 9 1 10 22 10 25 10 2 11 24 11 27 11 3 12 26 12 29 12 4 13 28 13 31 13 5 14 30 14 23 14 6 15 32 15 37 15 7 16 33 16 39 16 8 17 34 17 40 17 9 18 35 18 41 18 10 19 36 19 38 19 38 20 41 20 11 20 38 21 36 21 41 21 36 22 9 22 41 22 41 23 40 23 11 23 41 24 35 24 40 24 35 25 8 25 40 25 40 26 39 26 11 26 40 27 34 27 39 27 34 28 7 28 39 28 39 29 37 29 11 29 39 30 33 30 37 30 33 31 6 31 37 31 37 32 38 32 11 32 37 33 32 33 38 33 32 34 10 34 38 34 23 35 36 35 10 35 23 36 30 36 36 36 30 37 9 37 36 37 31 38 35 38 9 38 31 39 28 39 35 39 28 40 8 40 35 40 29 41 34 41 8 41 29 42 26 42 34 42 26 43 7 43 34 43 27 44 33 44 7 44 27 45 24 45 33 45 24 46 6 46 33 46 25 47 32 47 6 47 25 48 22 48 32 48 22 49 10 49 32 49 30 50 31 50 9 50 30 51 21 51 31 51 21 52 4 52 31 52 28 53 29 53 8 53 28 54 20 54 29 54 20 55 3 55 29 55 26 56 27 56 7 56 26 57 18 57 27 57 18 58 2 58 27 58 24 59 25 59 6 59 24 60 14 60 25 60 14 61 1 61 25 61 22 62 23 62 10 62 22 63 15 63 23 63 15 64 5 64 23 64 16 65 21 65 5 65 16 66 19 66 21 66 19 67 4 67 21 67 19 68 20 68 4 68 19 69 17 69 20 69 17 70 3 70 20 70 17 71 18 71 3 71 17 72 12 72 18 72 12 73 2 73 18 73 15 74 16 74 5 74 15 75 13 75 16 75 13 76 0 76 16 76 12 77 14 77 2 77 12 78 13 78 14 78 13 79 1 79 14 79</p>
        </polylist>
      </mesh>
    </geometry>
    <geometry id="Cylinder_012-mesh" name="Cylinder.012">
      <mesh>
        <source id="Cylinder_012-mesh-positions">
          <float_array id="Cylinder_012-mesh-positions-array" count="108">0 0.3903424 -0.16218 -0.1587997 0.2336165 2.493251 0.3712376 0.1206223 -0.16218 0.1092755 0.2232189 2.493251 0.2294374 -0.3157936 -0.16218 0.2657879 -0.02364253 2.420792 -0.2294375 -0.3157935 -0.16218 -0.008844673 -0.2823398 2.493251 -0.3712376 0.1206224 -0.16218 -0.2712543 -0.07883596 2.493251 0.1561316 0.2419679 2.951089 -0.1716135 0.1989859 2.982843 0.2682087 -0.03859871 2.76698 -0.005889058 -0.2659698 2.712517 -0.2629091 -0.1218018 2.844426 1.745303 0.8924674 4.491979 1.719115 0.9511932 4.495511 1.695619 0.8722668 4.551559 1.652128 0.9193678 4.557639 -1.748307 0.7241248 4.079011 -1.779429 0.6463212 4.092545 -1.690479 0.7022215 4.15576 -1.733901 0.6344664 4.128762 0.2211167 0.002600908 3.145254 -0.1016355 -0.02266407 3.205341 0.2415803 -0.1317524 3.074536 0.08904135 -0.312687 3.139329 -0.1395747 -0.1544584 3.21624 -0.7937943 -1.20491 4.466265 -0.7514517 -1.253913 4.449507 -0.7470079 -1.155576 4.518111 -0.6956331 -1.198234 4.514115 -0.1499348 0.8256251 5.379979 -0.2496763 0.7972812 5.38296 -0.1243928 0.7427177 5.413093 -0.2235307 0.7164856 5.421041</float_array>
          <technique_common>
            <accessor source="#Cylinder_012-mesh-positions-array" count="36" stride="3">
              <param name="X" type="float"/>
              <param name="Y" type="float"/>
              <param name="Z" type="float"/>
            </accessor>
          </technique_common>
        </source>
        <source id="Cylinder_012-mesh-normals">
          <float_array id="Cylinder_012-mesh-normals-array" count="198">0.03868424 0.9973769 0.06117939 0.8512068 0.5209327 0.06384569 0.6782981 -0.7332752 -0.04710984 0.6801153 -0.7322016 -0.03638875 -0.9391766 0.3380185 0.06075197 -0.6116963 -0.7887566 0.06075197 0 0 -1 -0.9016001 0.2863532 0.3242208 -0.6114465 -0.7884353 0.06710499 0.5654667 -0.8238226 -0.03954529 0.3912349 -0.5459462 0.740863 -0.1233748 0.990109 0.0668047 0.5228472 0.3845795 0.7607426 0.6695026 0.3383219 -0.6612902 -0.4381307 -0.60893 0.6612456 -0.4214466 0.9067971 0.01009666 -0.5272883 0.3459234 0.7760826 0.3617711 0.9292294 0.07519596 -0.3527747 -0.9250736 0.1406726 -0.6845442 0.1497255 -0.7134295 0.3634856 0.02702414 0.9312078 0.6489423 -0.7419367 -0.1685346 0.1339228 -0.9358932 0.3258353 -0.63534 0.7219293 0.2741553 0.9429216 0.3227003 0.08223909 -0.335107 -0.5509418 0.7643078 0.5089913 0.5510684 0.6612499 -0.6044602 -0.5526394 -0.5737748 0.72367 -0.6894472 -0.03105378 -0.08686751 0.4015959 0.9116879 0.9532917 0.2981346 0.0484839 -0.2719492 0.9316249 -0.2410782 -0.9563707 -0.2888618 0.04374939 0.5875756 0.8087282 0.02671873 0.9508355 -0.3089451 0.02156245 -1.49909e-7 -0.9936642 0.1123899 0.6318653 -0.773513 0.04923164 -0.5877386 0.8089529 0.01259726 -0.9509812 -0.3089924 0.0125972 -0.9183319 0.09562534 0.3840863 -0.5224085 -0.8477922 -0.09131175 0.4597011 -0.8841323 0.08357673 0.439029 -0.4583816 0.7727484 0.03871792 0.9982436 -0.04484158 0.6929705 0.2687792 0.6689916 0.5549659 0.538069 -0.6344246 -0.4897997 -0.5405638 0.6840227 -0.4177474 0.9085464 0.005546927 -0.7452699 0.2279415 0.6265904 0.329244 0.9440039 0.02133339 -0.5094856 -0.8554866 -0.09256029 -0.6495918 0.233794 -0.7234438 0.1976293 -0.4328503 0.8795359 0.3118626 -0.01120865 0.9500611 0.7019395 -0.6741088 -0.2299092 0.2662649 -0.9098713 0.3181781 -0.7775062 0.6186477 0.1129568 0.9893826 0.09108489 0.1132497 -0.3522496 -0.498418 0.7921488 0.5681589 0.5051236 0.6496504 -0.7222626 -0.4422349 -0.5317566 0.5629444 -0.7986754 -0.2126294 -0.02196794 0.3649885 0.9307529 0.9497449 0.3099832 0.04353147 -0.1496016 0.9569315 -0.2488002 -0.9626946 -0.2682445 0.03555601</float_array>
          <technique_common>
            <accessor source="#Cylinder_012-mesh-normals-array" count="66" stride="3">
              <param name="X" type="float"/>
              <param name="Y" type="float"/>
              <param name="Z" type="float"/>
            </accessor>
          </technique_common>
        </source>
        <vertices id="Cylinder_012-mesh-vertices">
          <input semantic="POSITION" source="#Cylinder_012-mesh-positions"/>
        </vertices>
        <polylist material="Material_005-material" count="68">
          <input semantic="VERTEX" source="#Cylinder_012-mesh-vertices" offset="0"/>
          <input semantic="NORMAL" source="#Cylinder_012-mesh-normals" offset="1"/>
          <vcount>3 3 3 3 3 3 3 3 3 3 3 3 3 3 3 3 3 3 3 3 3 3 3 3 3 3 3 3 3 3 3 3 3 3 3 3 3 3 3 3 3 3 3 3 3 3 3 3 3 3 3 3 3 3 3 3 3 3 3 3 3 3 3 3 3 3 3 3 </vcount>
          <p>0 0 1 0 3 0 2 1 3 1 5 1 5 2 7 2 6 2 7 3 5 3 12 3 8 4 9 4 1 4 6 5 7 5 9 5 4 6 6 6 8 6 14 7 27 7 24 7 9 8 7 8 13 8 12 9 5 9 15 9 11 10 21 10 22 10 1 11 11 11 10 11 16 12 18 12 17 12 3 13 16 13 15 13 10 14 12 14 17 14 10 15 18 15 16 15 19 16 20 16 22 16 11 17 1 17 19 17 14 18 22 18 20 18 9 19 20 19 19 19 24 20 26 20 25 20 13 21 12 21 25 21 24 22 23 22 34 22 27 23 14 23 28 23 12 24 10 24 23 24 28 25 29 25 31 25 27 26 30 26 31 26 14 27 13 27 29 27 26 28 31 28 29 28 32 29 33 29 35 29 23 30 10 30 32 30 11 31 33 31 32 31 24 32 35 32 33 32 2 33 0 33 3 33 4 34 2 34 5 34 4 35 5 35 6 35 13 36 7 36 12 36 0 37 8 37 1 37 8 38 6 38 9 38 8 6 0 6 2 6 2 6 4 6 8 6 11 39 14 39 24 39 14 40 9 40 13 40 17 41 12 41 15 41 14 42 11 42 22 42 3 43 1 43 10 43 15 44 16 44 17 44 5 45 3 45 15 45 18 46 10 46 17 46 3 47 10 47 16 47 21 48 19 48 22 48 21 49 11 49 19 49 9 50 14 50 20 50 1 51 9 51 19 51 25 52 23 52 24 52 24 53 27 53 26 53 26 54 13 54 25 54 35 55 24 55 34 55 30 56 27 56 28 56 25 57 12 57 23 57 30 58 28 58 31 58 26 59 27 59 31 59 28 60 14 60 29 60 13 61 26 61 29 61 34 62 32 62 35 62 34 63 23 63 32 63 10 64 11 64 32 64 11 65 24 65 33 65</p>
        </polylist>
      </mesh>
    </geometry>
    <geometry id="Icosphere_010-mesh" name="Icosphere.010">
      <mesh>
        <source id="Icosphere_010-mesh-positions">
          <float_array id="Icosphere_010-mesh-positions-array" count="126">0 0 -0.6007535 0.7236073 -0.5257253 -0.4472195 -0.276388 -0.8506492 -0.6022349 -0.8944262 0 -0.7152926 -0.2888091 1.017563 -0.806334 0.7824832 0.5668995 -0.7564901 0.276388 -0.8506492 0.4472199 -0.7236073 -0.5257253 0.4472195 -0.7236073 0.5257253 0.4472195 0.28354 1.030049 0.5558844 0.8944262 0 0.3018271 0 0 0.8358662 -0.1624555 -0.4999952 -0.6144308 0.4253227 -0.3090114 -0.632602 0.2628688 -0.8090116 -0.6256689 0.8506479 0 -0.8155892 0.4253227 0.3090114 -0.5961005 -0.5257298 0 -0.6842589 -0.6881894 -0.4999969 -0.5257362 -0.1658179 0.5013248 -0.7891975 -0.6881894 0.4999969 -0.5257362 0.2563956 0.8711202 -0.6447314 0.9510579 -0.3090126 0 0.9510579 0.3090126 -0.1817359 0 -1 0 0.5749361 -1.054846 -0.08149886 -1.005131 -0.3253942 -0.02663815 -0.5877856 -0.8090167 -0.1550151 -0.5877856 0.8090167 0 -1.006194 0.3212369 -0.03600257 0.5877856 0.8090167 0 0 1 0 0.6881894 -0.4999969 0.5257362 -0.2841601 -1.172361 0.662037 -0.8506479 0 0.5257359 -0.2628688 0.8090116 0.5257377 0.8339779 0.4324488 0.7380132 0.1624555 -0.4999952 0.8506544 0.5257298 0 0.8506517 -0.4253227 -0.3090114 0.9327216 -0.4253227 0.3090114 0.8506542 0.1624555 0.4999952 0.8506544</float_array>
          <technique_common>
            <accessor source="#Icosphere_010-mesh-positions-array" count="42" stride="3">
              <param name="X" type="float"/>
              <param name="Y" type="float"/>
              <param name="Z" type="float"/>
            </accessor>
          </technique_common>
        </source>
        <source id="Icosphere_010-mesh-normals">
          <float_array id="Icosphere_010-mesh-normals-array" count="240">-0.04441899 0.04173624 -0.9981409 0.07723712 -0.5845776 -0.8076531 0.1568259 -0.02394646 -0.9873359 0.1494354 -0.3042154 -0.9408093 0.2142465 -0.2808008 -0.9355477 0.8822603 -0.3938673 -0.2578477 0.06263566 -0.9615986 -0.2672168 -0.8110162 -0.4677402 -0.3513857 -0.8219561 0.5455256 -0.1636767 0.4690864 0.8690125 -0.1574017 0.8762723 -0.4151879 -0.2444709 -0.2815344 -0.9535369 -0.1072651 -0.9870225 -0.003947377 -0.1605339 -0.3063836 0.9429512 0.1302782 0.8127377 0.5821818 0.02284485 0.408946 -0.6284251 0.6616986 -0.74325 -0.3077675 0.5940191 -0.7002239 0.2680318 0.6616989 -0.2530392 0.5137071 0.8198025 0.7579777 -0.4076531 0.509204 -0.02810686 -0.02042645 0.9993963 0.1766009 0.1283049 0.9758842 0.1914766 0.4432523 0.8757078 0.01073735 -0.03304749 0.9993962 -0.1875938 0.5773454 0.7946577 -0.4712998 0.5831222 0.6616986 0.1290162 0.1305347 0.9830135 -0.6489365 0.1001533 0.754222 -0.7610719 -0.2718698 0.5889452 0.1640133 0.08236443 0.9830137 0.03808408 -0.293277 0.9552687 0.5539004 -0.5445941 0.6297711 -0.02810686 0.02042645 0.9993963 0.4911196 -0.356821 0.7946575 0.8265401 -0.09226948 0.5552638 0.9921286 0.0130645 0.1245402 0.8131349 0.5815183 0.02546501 0.7129106 0.6917381 0.115138 -0.3779196 0.914678 0.1433219 -0.3035309 0.9341715 0.1875973 -0.534576 0.7778646 0.3303866 -0.8764754 0.2712078 0.3977904 -0.9633942 0.002298951 0.2680792 -0.8734738 -0.2714379 0.4041846 -0.8355297 -0.545217 0.06803363 -0.2117389 -0.9198012 -0.330352 0.4935066 -0.8696199 -0.01458132 0.4839316 -0.6891019 0.5393968 0.8506852 -0.4573229 0.2592114 0.9032867 -0.2034214 0.3777471 0.3024796 0.9309359 -0.2046085 0.3083213 0.9489148 -0.06707233 0.2805345 0.9565339 -0.07964575 -0.753885 0.6339282 0.1726052 -0.7283505 0.6423669 -0.2384749 -0.809316 0.4682582 -0.3546012 -0.7284288 -0.6684629 0.1501631 -0.7623125 -0.5835304 -0.27995 -0.6391075 -0.6670222 -0.3829138 -0.04152065 -0.939698 0.3394759 -0.1371034 -0.929849 -0.3414433 0.5766635 -0.5679475 -0.5872776 0.9888902 0.04193586 0.1426105 0.9897324 -0.04032367 -0.1371272 0.965366 0.1390882 -0.220733 -0.2983058 -0.1708898 -0.9390476 0.3140838 0.01225936 -0.9493162 0.2933948 0.0381909 -0.9552282 -0.4458881 -0.1356002 -0.8847578 -0.4464515 0.1353697 -0.884509 0.07933282 0.3246001 -0.9425186 0.07933282 -0.3246001 -0.9425186 -0.1610574 -0.2503436 -0.9546667 -0.166323 0.01975166 -0.9858736 -0.4341514 0.04160904 -0.8998785 -0.4270757 0.0533117 -0.9026429 -0.03189843 0.05892902 -0.9977525 -0.04177373 -0.0211693 -0.9989028 -0.02951353 -0.004270792 -0.9995553 0.4380457 -0.1546036 -0.8855585</float_array>
          <technique_common>
            <accessor source="#Icosphere_010-mesh-normals-array" count="80" stride="3">
              <param name="X" type="float"/>
              <param name="Y" type="float"/>
              <param name="Z" type="float"/>
            </accessor>
          </technique_common>
        </source>
        <vertices id="Icosphere_010-mesh-vertices">
          <input semantic="POSITION" source="#Icosphere_010-mesh-positions"/>
        </vertices>
        <polylist material="Material_004-material" count="80">
          <input semantic="VERTEX" source="#Icosphere_010-mesh-vertices" offset="0"/>
          <input semantic="NORMAL" source="#Icosphere_010-mesh-normals" offset="1"/>
          <vcount>3 3 3 3 3 3 3 3 3 3 3 3 3 3 3 3 3 3 3 3 3 3 3 3 3 3 3 3 3 3 3 3 3 3 3 3 3 3 3 3 3 3 3 3 3 3 3 3 3 3 3 3 3 3 3 3 3 3 3 3 3 3 3 3 3 3 3 3 3 3 3 3 3 3 3 3 3 3 3 3 </vcount>
          <p>0 0 13 0 12 0 1 1 13 1 15 1 0 2 12 2 17 2 0 3 17 3 19 3 0 4 19 4 16 4 1 5 15 5 22 5 2 6 14 6 24 6 3 7 18 7 26 7 4 8 20 8 28 8 5 9 21 9 30 9 1 10 22 10 25 10 2 11 24 11 27 11 3 12 26 12 29 12 4 13 28 13 31 13 5 14 30 14 23 14 6 15 32 15 37 15 7 16 33 16 39 16 8 17 34 17 40 17 9 18 35 18 41 18 10 19 36 19 38 19 38 20 41 20 11 20 38 21 36 21 41 21 36 22 9 22 41 22 41 23 40 23 11 23 41 24 35 24 40 24 35 25 8 25 40 25 40 26 39 26 11 26 40 27 34 27 39 27 34 28 7 28 39 28 39 29 37 29 11 29 39 30 33 30 37 30 33 31 6 31 37 31 37 32 38 32 11 32 37 33 32 33 38 33 32 34 10 34 38 34 23 35 36 35 10 35 23 36 30 36 36 36 30 37 9 37 36 37 31 38 35 38 9 38 31 39 28 39 35 39 28 40 8 40 35 40 29 41 34 41 8 41 29 42 26 42 34 42 26 43 7 43 34 43 27 44 33 44 7 44 27 45 24 45 33 45 24 46 6 46 33 46 25 47 32 47 6 47 25 48 22 48 32 48 22 49 10 49 32 49 30 50 31 50 9 50 30 51 21 51 31 51 21 52 4 52 31 52 28 53 29 53 8 53 28 54 20 54 29 54 20 55 3 55 29 55 26 56 27 56 7 56 26 57 18 57 27 57 18 58 2 58 27 58 24 59 25 59 6 59 24 60 14 60 25 60 14 61 1 61 25 61 22 62 23 62 10 62 22 63 15 63 23 63 15 64 5 64 23 64 16 65 21 65 5 65 16 66 19 66 21 66 19 67 4 67 21 67 19 68 20 68 4 68 19 69 17 69 20 69 17 70 3 70 20 70 17 71 18 71 3 71 17 72 12 72 18 72 12 73 2 73 18 73 15 74 16 74 5 74 15 75 13 75 16 75 13 76 0 76 16 76 12 77 14 77 2 77 12 78 13 78 14 78 13 79 1 79 14 79</p>
        </polylist>
      </mesh>
    </geometry>
    <geometry id="Cylinder_013-mesh" name="Cylinder.013">
      <mesh>
        <source id="Cylinder_013-mesh-positions">
          <float_array id="Cylinder_013-mesh-positions-array" count="108">0 0.3903424 -0.16218 -0.1587997 0.2336165 2.493251 0.3712376 0.1206223 -0.16218 0.1092755 0.2232189 2.493251 0.2294374 -0.3157936 -0.16218 0.2657879 -0.02364253 2.420792 -0.2294375 -0.3157935 -0.16218 -0.008844673 -0.2823398 2.493251 -0.3712376 0.1206224 -0.16218 -0.2712543 -0.07883596 2.493251 0.1561316 0.2419679 2.951089 -0.1716135 0.1989859 2.982843 0.2682087 -0.03859871 2.76698 -0.005889058 -0.2659698 2.712517 -0.2629091 -0.1218018 2.844426 1.745303 0.8924674 4.491979 1.719115 0.9511932 4.495511 1.695619 0.8722668 4.551559 1.652128 0.9193678 4.557639 -1.748307 0.7241248 4.079011 -1.779429 0.6463212 4.092545 -1.690479 0.7022215 4.15576 -1.733901 0.6344664 4.128762 0.2211167 0.002600908 3.145254 -0.1016355 -0.02266407 3.205341 0.2415803 -0.1317524 3.074536 0.08904135 -0.312687 3.139329 -0.1395747 -0.1544584 3.21624 -0.7937943 -1.20491 4.466265 -0.7514517 -1.253913 4.449507 -0.7470079 -1.155576 4.518111 -0.6956331 -1.198234 4.514115 -0.1499348 0.8256251 5.379979 -0.2496763 0.7972812 5.38296 -0.1243928 0.7427177 5.413093 -0.2235307 0.7164856 5.421041</float_array>
          <technique_common>
            <accessor source="#Cylinder_013-mesh-positions-array" count="36" stride="3">
              <param name="X" type="float"/>
              <param name="Y" type="float"/>
              <param name="Z" type="float"/>
            </accessor>
          </technique_common>
        </source>
        <source id="Cylinder_013-mesh-normals">
          <float_array id="Cylinder_013-mesh-normals-array" count="198">0.03868424 0.9973769 0.06117939 0.8512068 0.5209327 0.06384569 0.6782981 -0.7332752 -0.04710984 0.6801153 -0.7322016 -0.03638875 -0.9391766 0.3380185 0.06075197 -0.6116963 -0.7887566 0.06075197 0 0 -1 -0.9016001 0.2863532 0.3242208 -0.6114465 -0.7884353 0.06710499 0.5654667 -0.8238226 -0.03954529 0.3912349 -0.5459462 0.740863 -0.1233748 0.990109 0.0668047 0.5228472 0.3845795 0.7607426 0.6695026 0.3383219 -0.6612902 -0.4381307 -0.60893 0.6612456 -0.4214466 0.9067971 0.01009666 -0.5272883 0.3459234 0.7760826 0.3617711 0.9292294 0.07519596 -0.3527747 -0.9250736 0.1406726 -0.6845442 0.1497255 -0.7134295 0.3634856 0.02702414 0.9312078 0.6489423 -0.7419367 -0.1685346 0.1339228 -0.9358932 0.3258353 -0.63534 0.7219293 0.2741553 0.9429216 0.3227003 0.08223909 -0.335107 -0.5509418 0.7643078 0.5089913 0.5510684 0.6612499 -0.6044602 -0.5526394 -0.5737748 0.72367 -0.6894472 -0.03105378 -0.08686751 0.4015959 0.9116879 0.9532917 0.2981346 0.0484839 -0.2719492 0.9316249 -0.2410782 -0.9563707 -0.2888618 0.04374939 0.5875756 0.8087282 0.02671873 0.9508355 -0.3089451 0.02156245 -1.49909e-7 -0.9936642 0.1123899 0.6318653 -0.773513 0.04923164 -0.5877386 0.8089529 0.01259726 -0.9509812 -0.3089924 0.0125972 -0.9183319 0.09562534 0.3840863 -0.5224085 -0.8477922 -0.09131175 0.4597011 -0.8841323 0.08357673 0.439029 -0.4583816 0.7727484 0.03871792 0.9982436 -0.04484158 0.6929705 0.2687792 0.6689916 0.5549659 0.538069 -0.6344246 -0.4897997 -0.5405638 0.6840227 -0.4177474 0.9085464 0.005546927 -0.7452699 0.2279415 0.6265904 0.329244 0.9440039 0.02133339 -0.5094856 -0.8554866 -0.09256029 -0.6495918 0.233794 -0.7234438 0.1976293 -0.4328503 0.8795359 0.3118626 -0.01120865 0.9500611 0.7019395 -0.6741088 -0.2299092 0.2662649 -0.9098713 0.3181781 -0.7775062 0.6186477 0.1129568 0.9893826 0.09108489 0.1132497 -0.3522496 -0.498418 0.7921488 0.5681589 0.5051236 0.6496504 -0.7222626 -0.4422349 -0.5317566 0.5629444 -0.7986754 -0.2126294 -0.02196794 0.3649885 0.9307529 0.9497449 0.3099832 0.04353147 -0.1496016 0.9569315 -0.2488002 -0.9626946 -0.2682445 0.03555601</float_array>
          <technique_common>
            <accessor source="#Cylinder_013-mesh-normals-array" count="66" stride="3">
              <param name="X" type="float"/>
              <param name="Y" type="float"/>
              <param name="Z" type="float"/>
            </accessor>
          </technique_common>
        </source>
        <vertices id="Cylinder_013-mesh-vertices">
          <input semantic="POSITION" source="#Cylinder_013-mesh-positions"/>
        </vertices>
        <polylist material="Material_005-material" count="68">
          <input semantic="VERTEX" source="#Cylinder_013-mesh-vertices" offset="0"/>
          <input semantic="NORMAL" source="#Cylinder_013-mesh-normals" offset="1"/>
          <vcount>3 3 3 3 3 3 3 3 3 3 3 3 3 3 3 3 3 3 3 3 3 3 3 3 3 3 3 3 3 3 3 3 3 3 3 3 3 3 3 3 3 3 3 3 3 3 3 3 3 3 3 3 3 3 3 3 3 3 3 3 3 3 3 3 3 3 3 3 </vcount>
          <p>0 0 1 0 3 0 2 1 3 1 5 1 5 2 7 2 6 2 7 3 5 3 12 3 8 4 9 4 1 4 6 5 7 5 9 5 4 6 6 6 8 6 14 7 27 7 24 7 9 8 7 8 13 8 12 9 5 9 15 9 11 10 21 10 22 10 1 11 11 11 10 11 16 12 18 12 17 12 3 13 16 13 15 13 10 14 12 14 17 14 10 15 18 15 16 15 19 16 20 16 22 16 11 17 1 17 19 17 14 18 22 18 20 18 9 19 20 19 19 19 24 20 26 20 25 20 13 21 12 21 25 21 24 22 23 22 34 22 27 23 14 23 28 23 12 24 10 24 23 24 28 25 29 25 31 25 27 26 30 26 31 26 14 27 13 27 29 27 26 28 31 28 29 28 32 29 33 29 35 29 23 30 10 30 32 30 11 31 33 31 32 31 24 32 35 32 33 32 2 33 0 33 3 33 4 34 2 34 5 34 4 35 5 35 6 35 13 36 7 36 12 36 0 37 8 37 1 37 8 38 6 38 9 38 8 6 0 6 2 6 2 6 4 6 8 6 11 39 14 39 24 39 14 40 9 40 13 40 17 41 12 41 15 41 14 42 11 42 22 42 3 43 1 43 10 43 15 44 16 44 17 44 5 45 3 45 15 45 18 46 10 46 17 46 3 47 10 47 16 47 21 48 19 48 22 48 21 49 11 49 19 49 9 50 14 50 20 50 1 51 9 51 19 51 25 52 23 52 24 52 24 53 27 53 26 53 26 54 13 54 25 54 35 55 24 55 34 55 30 56 27 56 28 56 25 57 12 57 23 57 30 58 28 58 31 58 26 59 27 59 31 59 28 60 14 60 29 60 13 61 26 61 29 61 34 62 32 62 35 62 34 63 23 63 32 63 10 64 11 64 32 64 11 65 24 65 33 65</p>
        </polylist>
      </mesh>
    </geometry>
    <geometry id="Icosphere_011-mesh" name="Icosphere.011">
      <mesh>
        <source id="Icosphere_011-mesh-positions">
          <float_array id="Icosphere_011-mesh-positions-array" count="126">0 0 -0.6007535 0.7236073 -0.5257253 -0.4472195 -0.276388 -0.8506492 -0.6022349 -0.8944262 0 -0.7152926 -0.2888091 1.017563 -0.806334 0.7824832 0.5668995 -0.7564901 0.276388 -0.8506492 0.4472199 -0.7236073 -0.5257253 0.4472195 -0.7236073 0.5257253 0.4472195 0.28354 1.030049 0.5558844 0.8944262 0 0.3018271 0 0 0.8358662 -0.1624555 -0.4999952 -0.6144308 0.4253227 -0.3090114 -0.632602 0.2628688 -0.8090116 -0.6256689 0.8506479 0 -0.8155892 0.4253227 0.3090114 -0.5961005 -0.5257298 0 -0.6842589 -0.6881894 -0.4999969 -0.5257362 -0.1658179 0.5013248 -0.7891975 -0.6881894 0.4999969 -0.5257362 0.2563956 0.8711202 -0.6447314 0.9510579 -0.3090126 0 0.9510579 0.3090126 -0.1817359 0 -1 0 0.5749361 -1.054846 -0.08149886 -1.005131 -0.3253942 -0.02663815 -0.5877856 -0.8090167 -0.1550151 -0.5877856 0.8090167 0 -1.006194 0.3212369 -0.03600257 0.5877856 0.8090167 0 0 1 0 0.6881894 -0.4999969 0.5257362 -0.2841601 -1.172361 0.662037 -0.8506479 0 0.5257359 -0.2628688 0.8090116 0.5257377 0.8339779 0.4324488 0.7380132 0.1624555 -0.4999952 0.8506544 0.5257298 0 0.8506517 -0.4253227 -0.3090114 0.9327216 -0.4253227 0.3090114 0.8506542 0.1624555 0.4999952 0.8506544</float_array>
          <technique_common>
            <accessor source="#Icosphere_011-mesh-positions-array" count="42" stride="3">
              <param name="X" type="float"/>
              <param name="Y" type="float"/>
              <param name="Z" type="float"/>
            </accessor>
          </technique_common>
        </source>
        <source id="Icosphere_011-mesh-normals">
          <float_array id="Icosphere_011-mesh-normals-array" count="240">-0.04441899 0.04173624 -0.9981409 0.07723712 -0.5845776 -0.8076531 0.1568259 -0.02394646 -0.9873359 0.1494354 -0.3042154 -0.9408093 0.2142465 -0.2808008 -0.9355477 0.8822603 -0.3938673 -0.2578477 0.06263566 -0.9615986 -0.2672168 -0.8110162 -0.4677402 -0.3513857 -0.8219561 0.5455256 -0.1636767 0.4690864 0.8690125 -0.1574017 0.8762723 -0.4151879 -0.2444709 -0.2815344 -0.9535369 -0.1072651 -0.9870225 -0.003947377 -0.1605339 -0.3063836 0.9429512 0.1302782 0.8127377 0.5821818 0.02284485 0.408946 -0.6284251 0.6616986 -0.74325 -0.3077675 0.5940191 -0.7002239 0.2680318 0.6616989 -0.2530392 0.5137071 0.8198025 0.7579777 -0.4076531 0.509204 -0.02810686 -0.02042645 0.9993963 0.1766009 0.1283049 0.9758842 0.1914766 0.4432523 0.8757078 0.01073735 -0.03304749 0.9993962 -0.1875938 0.5773454 0.7946577 -0.4712998 0.5831222 0.6616986 0.1290162 0.1305347 0.9830135 -0.6489365 0.1001533 0.754222 -0.7610719 -0.2718698 0.5889452 0.1640133 0.08236443 0.9830137 0.03808408 -0.293277 0.9552687 0.5539004 -0.5445941 0.6297711 -0.02810686 0.02042645 0.9993963 0.4911196 -0.356821 0.7946575 0.8265401 -0.09226948 0.5552638 0.9921286 0.0130645 0.1245402 0.8131349 0.5815183 0.02546501 0.7129106 0.6917381 0.115138 -0.3779196 0.914678 0.1433219 -0.3035309 0.9341715 0.1875973 -0.534576 0.7778646 0.3303866 -0.8764754 0.2712078 0.3977904 -0.9633942 0.002298951 0.2680792 -0.8734738 -0.2714379 0.4041846 -0.8355297 -0.545217 0.06803363 -0.2117389 -0.9198012 -0.330352 0.4935066 -0.8696199 -0.01458132 0.4839316 -0.6891019 0.5393968 0.8506852 -0.4573229 0.2592114 0.9032867 -0.2034214 0.3777471 0.3024796 0.9309359 -0.2046085 0.3083213 0.9489148 -0.06707233 0.2805345 0.9565339 -0.07964575 -0.753885 0.6339282 0.1726052 -0.7283505 0.6423669 -0.2384749 -0.809316 0.4682582 -0.3546012 -0.7284288 -0.6684629 0.1501631 -0.7623125 -0.5835304 -0.27995 -0.6391075 -0.6670222 -0.3829138 -0.04152065 -0.939698 0.3394759 -0.1371034 -0.929849 -0.3414433 0.5766635 -0.5679475 -0.5872776 0.9888902 0.04193586 0.1426105 0.9897324 -0.04032367 -0.1371272 0.965366 0.1390882 -0.220733 -0.2983058 -0.1708898 -0.9390476 0.3140838 0.01225936 -0.9493162 0.2933948 0.0381909 -0.9552282 -0.4458881 -0.1356002 -0.8847578 -0.4464515 0.1353697 -0.884509 0.07933282 0.3246001 -0.9425186 0.07933282 -0.3246001 -0.9425186 -0.1610574 -0.2503436 -0.9546667 -0.166323 0.01975166 -0.9858736 -0.4341514 0.04160904 -0.8998785 -0.4270757 0.0533117 -0.9026429 -0.03189843 0.05892902 -0.9977525 -0.04177373 -0.0211693 -0.9989028 -0.02951353 -0.004270792 -0.9995553 0.4380457 -0.1546036 -0.8855585</float_array>
          <technique_common>
            <accessor source="#Icosphere_011-mesh-normals-array" count="80" stride="3">
              <param name="X" type="float"/>
              <param name="Y" type="float"/>
              <param name="Z" type="float"/>
            </accessor>
          </technique_common>
        </source>
        <vertices id="Icosphere_011-mesh-vertices">
          <input semantic="POSITION" source="#Icosphere_011-mesh-positions"/>
        </vertices>
        <polylist material="Material_004-material" count="80">
          <input semantic="VERTEX" source="#Icosphere_011-mesh-vertices" offset="0"/>
          <input semantic="NORMAL" source="#Icosphere_011-mesh-normals" offset="1"/>
          <vcount>3 3 3 3 3 3 3 3 3 3 3 3 3 3 3 3 3 3 3 3 3 3 3 3 3 3 3 3 3 3 3 3 3 3 3 3 3 3 3 3 3 3 3 3 3 3 3 3 3 3 3 3 3 3 3 3 3 3 3 3 3 3 3 3 3 3 3 3 3 3 3 3 3 3 3 3 3 3 3 3 </vcount>
          <p>0 0 13 0 12 0 1 1 13 1 15 1 0 2 12 2 17 2 0 3 17 3 19 3 0 4 19 4 16 4 1 5 15 5 22 5 2 6 14 6 24 6 3 7 18 7 26 7 4 8 20 8 28 8 5 9 21 9 30 9 1 10 22 10 25 10 2 11 24 11 27 11 3 12 26 12 29 12 4 13 28 13 31 13 5 14 30 14 23 14 6 15 32 15 37 15 7 16 33 16 39 16 8 17 34 17 40 17 9 18 35 18 41 18 10 19 36 19 38 19 38 20 41 20 11 20 38 21 36 21 41 21 36 22 9 22 41 22 41 23 40 23 11 23 41 24 35 24 40 24 35 25 8 25 40 25 40 26 39 26 11 26 40 27 34 27 39 27 34 28 7 28 39 28 39 29 37 29 11 29 39 30 33 30 37 30 33 31 6 31 37 31 37 32 38 32 11 32 37 33 32 33 38 33 32 34 10 34 38 34 23 35 36 35 10 35 23 36 30 36 36 36 30 37 9 37 36 37 31 38 35 38 9 38 31 39 28 39 35 39 28 40 8 40 35 40 29 41 34 41 8 41 29 42 26 42 34 42 26 43 7 43 34 43 27 44 33 44 7 44 27 45 24 45 33 45 24 46 6 46 33 46 25 47 32 47 6 47 25 48 22 48 32 48 22 49 10 49 32 49 30 50 31 50 9 50 30 51 21 51 31 51 21 52 4 52 31 52 28 53 29 53 8 53 28 54 20 54 29 54 20 55 3 55 29 55 26 56 27 56 7 56 26 57 18 57 27 57 18 58 2 58 27 58 24 59 25 59 6 59 24 60 14 60 25 60 14 61 1 61 25 61 22 62 23 62 10 62 22 63 15 63 23 63 15 64 5 64 23 64 16 65 21 65 5 65 16 66 19 66 21 66 19 67 4 67 21 67 19 68 20 68 4 68 19 69 17 69 20 69 17 70 3 70 20 70 17 71 18 71 3 71 17 72 12 72 18 72 12 73 2 73 18 73 15 74 16 74 5 74 15 75 13 75 16 75 13 76 0 76 16 76 12 77 14 77 2 77 12 78 13 78 14 78 13 79 1 79 14 79</p>
        </polylist>
      </mesh>
    </geometry>
    <geometry id="Cylinder_014-mesh" name="Cylinder.014">
      <mesh>
        <source id="Cylinder_014-mesh-positions">
          <float_array id="Cylinder_014-mesh-positions-array" count="108">0 0.3903424 -0.16218 -0.1587997 0.2336165 2.493251 0.3712376 0.1206223 -0.16218 0.1092755 0.2232189 2.493251 0.2294374 -0.3157936 -0.16218 0.2657879 -0.02364253 2.420792 -0.2294375 -0.3157935 -0.16218 -0.008844673 -0.2823398 2.493251 -0.3712376 0.1206224 -0.16218 -0.2712543 -0.07883596 2.493251 0.1561316 0.2419679 2.951089 -0.1716135 0.1989859 2.982843 0.2682087 -0.03859871 2.76698 -0.005889058 -0.2659698 2.712517 -0.2629091 -0.1218018 2.844426 1.745303 0.8924674 4.491979 1.719115 0.9511932 4.495511 1.695619 0.8722668 4.551559 1.652128 0.9193678 4.557639 -1.748307 0.7241248 4.079011 -1.779429 0.6463212 4.092545 -1.690479 0.7022215 4.15576 -1.733901 0.6344664 4.128762 0.2211167 0.002600908 3.145254 -0.1016355 -0.02266407 3.205341 0.2415803 -0.1317524 3.074536 0.08904135 -0.312687 3.139329 -0.1395747 -0.1544584 3.21624 -0.7937943 -1.20491 4.466265 -0.7514517 -1.253913 4.449507 -0.7470079 -1.155576 4.518111 -0.6956331 -1.198234 4.514115 -0.1499348 0.8256251 5.379979 -0.2496763 0.7972812 5.38296 -0.1243928 0.7427177 5.413093 -0.2235307 0.7164856 5.421041</float_array>
          <technique_common>
            <accessor source="#Cylinder_014-mesh-positions-array" count="36" stride="3">
              <param name="X" type="float"/>
              <param name="Y" type="float"/>
              <param name="Z" type="float"/>
            </accessor>
          </technique_common>
        </source>
        <source id="Cylinder_014-mesh-normals">
          <float_array id="Cylinder_014-mesh-normals-array" count="198">0.03868424 0.9973769 0.06117939 0.8512068 0.5209327 0.06384569 0.6782981 -0.7332752 -0.04710984 0.6801153 -0.7322016 -0.03638875 -0.9391766 0.3380185 0.06075197 -0.6116963 -0.7887566 0.06075197 0 0 -1 -0.9016001 0.2863532 0.3242208 -0.6114465 -0.7884353 0.06710499 0.5654667 -0.8238226 -0.03954529 0.3912349 -0.5459462 0.740863 -0.1233748 0.990109 0.0668047 0.5228472 0.3845795 0.7607426 0.6695026 0.3383219 -0.6612902 -0.4381307 -0.60893 0.6612456 -0.4214466 0.9067971 0.01009666 -0.5272883 0.3459234 0.7760826 0.3617711 0.9292294 0.07519596 -0.3527747 -0.9250736 0.1406726 -0.6845442 0.1497255 -0.7134295 0.3634856 0.02702414 0.9312078 0.6489423 -0.7419367 -0.1685346 0.1339228 -0.9358932 0.3258353 -0.63534 0.7219293 0.2741553 0.9429216 0.3227003 0.08223909 -0.335107 -0.5509418 0.7643078 0.5089913 0.5510684 0.6612499 -0.6044602 -0.5526394 -0.5737748 0.72367 -0.6894472 -0.03105378 -0.08686751 0.4015959 0.9116879 0.9532917 0.2981346 0.0484839 -0.2719492 0.9316249 -0.2410782 -0.9563707 -0.2888618 0.04374939 0.5875756 0.8087282 0.02671873 0.9508355 -0.3089451 0.02156245 -1.49909e-7 -0.9936642 0.1123899 0.6318653 -0.773513 0.04923164 -0.5877386 0.8089529 0.01259726 -0.9509812 -0.3089924 0.0125972 -0.9183319 0.09562534 0.3840863 -0.5224085 -0.8477922 -0.09131175 0.4597011 -0.8841323 0.08357673 0.439029 -0.4583816 0.7727484 0.03871792 0.9982436 -0.04484158 0.6929705 0.2687792 0.6689916 0.5549659 0.538069 -0.6344246 -0.4897997 -0.5405638 0.6840227 -0.4177474 0.9085464 0.005546927 -0.7452699 0.2279415 0.6265904 0.329244 0.9440039 0.02133339 -0.5094856 -0.8554866 -0.09256029 -0.6495918 0.233794 -0.7234438 0.1976293 -0.4328503 0.8795359 0.3118626 -0.01120865 0.9500611 0.7019395 -0.6741088 -0.2299092 0.2662649 -0.9098713 0.3181781 -0.7775062 0.6186477 0.1129568 0.9893826 0.09108489 0.1132497 -0.3522496 -0.498418 0.7921488 0.5681589 0.5051236 0.6496504 -0.7222626 -0.4422349 -0.5317566 0.5629444 -0.7986754 -0.2126294 -0.02196794 0.3649885 0.9307529 0.9497449 0.3099832 0.04353147 -0.1496016 0.9569315 -0.2488002 -0.9626946 -0.2682445 0.03555601</float_array>
          <technique_common>
            <accessor source="#Cylinder_014-mesh-normals-array" count="66" stride="3">
              <param name="X" type="float"/>
              <param name="Y" type="float"/>
              <param name="Z" type="float"/>
            </accessor>
          </technique_common>
        </source>
        <vertices id="Cylinder_014-mesh-vertices">
          <input semantic="POSITION" source="#Cylinder_014-mesh-positions"/>
        </vertices>
        <polylist material="Material_005-material" count="68">
          <input semantic="VERTEX" source="#Cylinder_014-mesh-vertices" offset="0"/>
          <input semantic="NORMAL" source="#Cylinder_014-mesh-normals" offset="1"/>
          <vcount>3 3 3 3 3 3 3 3 3 3 3 3 3 3 3 3 3 3 3 3 3 3 3 3 3 3 3 3 3 3 3 3 3 3 3 3 3 3 3 3 3 3 3 3 3 3 3 3 3 3 3 3 3 3 3 3 3 3 3 3 3 3 3 3 3 3 3 3 </vcount>
          <p>0 0 1 0 3 0 2 1 3 1 5 1 5 2 7 2 6 2 7 3 5 3 12 3 8 4 9 4 1 4 6 5 7 5 9 5 4 6 6 6 8 6 14 7 27 7 24 7 9 8 7 8 13 8 12 9 5 9 15 9 11 10 21 10 22 10 1 11 11 11 10 11 16 12 18 12 17 12 3 13 16 13 15 13 10 14 12 14 17 14 10 15 18 15 16 15 19 16 20 16 22 16 11 17 1 17 19 17 14 18 22 18 20 18 9 19 20 19 19 19 24 20 26 20 25 20 13 21 12 21 25 21 24 22 23 22 34 22 27 23 14 23 28 23 12 24 10 24 23 24 28 25 29 25 31 25 27 26 30 26 31 26 14 27 13 27 29 27 26 28 31 28 29 28 32 29 33 29 35 29 23 30 10 30 32 30 11 31 33 31 32 31 24 32 35 32 33 32 2 33 0 33 3 33 4 34 2 34 5 34 4 35 5 35 6 35 13 36 7 36 12 36 0 37 8 37 1 37 8 38 6 38 9 38 8 6 0 6 2 6 2 6 4 6 8 6 11 39 14 39 24 39 14 40 9 40 13 40 17 41 12 41 15 41 14 42 11 42 22 42 3 43 1 43 10 43 15 44 16 44 17 44 5 45 3 45 15 45 18 46 10 46 17 46 3 47 10 47 16 47 21 48 19 48 22 48 21 49 11 49 19 49 9 50 14 50 20 50 1 51 9 51 19 51 25 52 23 52 24 52 24 53 27 53 26 53 26 54 13 54 25 54 35 55 24 55 34 55 30 56 27 56 28 56 25 57 12 57 23 57 30 58 28 58 31 58 26 59 27 59 31 59 28 60 14 60 29 60 13 61 26 61 29 61 34 62 32 62 35 62 34 63 23 63 32 63 10 64 11 64 32 64 11 65 24 65 33 65</p>
        </polylist>
      </mesh>
    </geometry>
    <geometry id="Icosphere_012-mesh" name="Icosphere.012">
      <mesh>
        <source id="Icosphere_012-mesh-positions">
          <float_array id="Icosphere_012-mesh-positions-array" count="273">3.175474 -9.77324 -0.536774 -8.313625 -6.040139 -0.536774 -8.313625 6.040139 -0.536774 3.175474 9.773241 -0.536774 10.27621 1.78488e-7 1.166214 7.89826e-6 1.23951e-7 -0.9127551 10.99083 -1.69601 -0.5974976 10.92686 -3.550293 -0.6752793 10.92686 3.550294 -0.6752793 10.99083 1.69601 -0.5974976 1.7833 -10.39531 -0.5974969 1.00752e-5 -11.48915 -0.6752793 6.753169 -9.294918 -0.6752793 5.009359 -9.928788 -0.5974966 -9.888677 -5.088059 -0.5974971 -10.92684 -3.550293 -0.6752793 -6.753149 -9.294919 -0.6752793 -7.894861 -7.832332 -0.5974969 -7.894861 7.832332 -0.5974969 -6.753149 9.294919 -0.6752793 -10.92684 3.550294 -0.6752793 -9.888677 5.088058 -0.5974971 5.009359 9.928789 -0.5974966 6.753169 9.294919 -0.6752793 1.00752e-5 11.48915 -0.6752793 1.7833 10.39531 -0.5974969 9.548079 -2.744224 0.5265159 7.906723 -5.744542 -0.5124573 4.80841 -6.251903 0.7857752 -0.2810179 -8.053223 0.4391222 -3.02013 -9.29486 -0.5124568 -6.111541 -7.832298 0.4750198 -9.33756 -3.392031 0.1932216 -9.773214 1.78488e-7 1.074592 -9.33756 3.392032 0.1932216 -6.111541 7.832298 0.4750198 -3.02013 9.29486 -0.5124568 -0.2810179 8.053225 0.4391222 4.80841 6.251903 0.7857752 7.906723 5.744542 -0.5124573 9.548079 2.744223 0.5265159 1.042192 -3.20756 -0.404423 1.866487 -5.744523 0.02058899 2.674932 -8.232704 -0.4716437 8.656417 1.78488e-7 -0.1964184 6.0402 1.78488e-7 -0.359507 3.37267 0 -0.4229183 -2.728513 -1.982364 -0.4176778 -4.886588 -3.550279 0.2888781 -7.003165 -5.088046 -0.4716439 -2.728513 1.982365 -0.4229183 -4.886588 3.550279 0.2888781 -7.003165 5.088045 -0.4716439 1.042192 3.207561 -0.4935703 1.866487 5.744523 0.02058899 2.674932 8.232704 -0.4716437 2.755774 2.002179 -0.3576098 7.332314 3.020086 0.09858077 3.387676 3.153584 0.2494996 -1.052615 3.239579 -0.1146952 -0.6064975 5.347839 0.01018112 -4.156808 6.753077 0.01018112 -3.406307 1.23403e-7 -0.6902348 -8.108338 1.866494 -0.01902264 -8.108338 -1.866494 -0.01902264 -1.052615 -3.23958 -0.1146952 -4.156808 -6.753077 0.01018112 -0.6064975 -5.347838 0.01018112 2.755774 -2.002178 -0.3513236 3.387677 -3.153584 0.2494996 7.332314 -3.020086 0.09858077 9.901412 4.88659 -0.5896784 9.294958 6.753118 -0.6752793 7.70717 7.548681 0.3688264 -1.587774 10.92682 -0.5896783 -3.550328 10.92684 -0.6752793 -5.138113 9.773236 -0.5896782 -10.88267 1.866501 -0.5896787 -11.48914 -3.96656e-6 -0.675279 -10.88266 -1.866503 -0.5896784 -5.138121 -9.773229 -0.5896783 -3.550336 -10.92683 -0.6752793 -1.587782 -10.92682 -0.5896783 7.707168 -7.548687 0.3688262 9.294951 -6.753129 -0.6752799 9.901412 -4.886604 -0.5896791 3.550357 10.92683 -0.6752793 -9.294927 6.753132 -0.6752793 -9.294927 -6.753132 -0.6752793 3.550357 -10.92683 -0.6752793 11.48916 1.78488e-7 -0.6752793</float_array>
          <technique_common>
            <accessor source="#Icosphere_012-mesh-positions-array" count="91" stride="3">
              <param name="X" type="float"/>
              <param name="Y" type="float"/>
              <param name="Z" type="float"/>
            </accessor>
          </technique_common>
        </source>
        <source id="Icosphere_012-mesh-normals">
          <float_array id="Icosphere_012-mesh-normals-array" count="480">-0.3840718 -0.163211 0.9087635 -0.228589 0.2502717 0.9408035 0.1138156 0.222886 0.9681777 0.2971034 -0.05623447 0.9531881 -0.6437289 0.007574975 0.7652162 -0.1432412 -0.08234912 0.9862559 -0.02374589 -0.03989988 0.9989215 -0.06173813 -0.1238077 0.9903839 -0.1291554 -0.07205438 0.9890031 -0.1759887 -0.1402865 0.9743447 -0.07216674 -0.1193225 0.9902294 0.01764541 -0.4738998 0.8804021 -0.4670423 -0.1980718 0.861765 0.1177268 0.1557695 0.9807529 -0.2085286 -0.1852285 0.9603157 -0.1540113 0.2470359 0.956689 0.04446643 0.2096908 0.9767562 0.3253511 -0.3041604 0.8953397 -0.4647501 0.06020826 0.8833925 -0.3840719 0.1632108 0.9087635 0.06748366 -0.1508167 0.9862557 0.1687354 -0.2481514 0.9539127 -0.03708171 0.2055149 0.9779512 0.1548078 -0.425012 0.8918517 0.07259786 -0.3277146 0.9419834 0.005468487 -0.06028056 0.9981666 -0.02159529 -0.05456024 0.998277 0.1094065 0.06140017 0.992099 -0.2438271 0.1390761 0.9597949 0.2996119 -0.1844587 0.9360597 -0.3675212 -0.1023434 0.9243668 0.0679571 0.1716925 0.982804 0.2704063 0.0764091 0.9597094 0.03776836 -0.336816 0.9408128 -0.2285891 -0.2502716 0.9408035 0.1776152 0.001300692 0.9840992 0.179224 -0.1914077 0.9650087 -0.1975065 0.202515 0.9591554 -0.3699946 0.001227974 0.9290332 0.1759199 0.1928725 0.9653251 0.03857105 -0.2506845 0.9673001 0.1413168 0 0.9899644 0.03857111 0.2506845 0.9673002 -0.1975065 -0.202515 0.9591554 0.2361357 0.05529558 0.9701456 0.3859503 0.1852515 0.9037281 0.5490212 0 0.8358085 0.3859503 -0.1852515 0.903728 0.2361358 -0.05529564 0.9701456 0.1138155 -0.2228861 0.9681777 0.05275708 0.1730071 0.9835066 0.07296794 0.324539 0.9430536 -0.2438271 -0.139076 0.9597949 0.120885 0.3819522 0.916242 0.1310158 0.205061 0.9699407 0.1094065 -0.06140017 0.992099 -0.02159535 0.05456024 0.998277 0.005468487 0.0602805 0.9981665 -0.03708183 -0.2055149 0.9779512 0.0377683 0.3368161 0.9408127 0.2704063 -0.07640904 0.9597094 0.06795716 -0.1716926 0.982804 -0.367521 0.1023434 0.9243669 0.2996119 0.1844588 0.9360597 0.2971038 0.05623459 0.9531878 -0.1428656 0.1094721 0.9836694 -0.1193023 0.1262188 0.9848025 0.1177268 -0.1557696 0.980753 -0.0713734 0.05759871 0.9957852 -0.02374273 0.04303061 0.9987916 -0.464017 0.196112 0.8638451 0.01784479 0.4702267 0.8823654 -0.07066565 0.1199693 0.9902594 -0.06173813 0.1238077 0.9903839 -0.4647501 -0.0602082 0.8833925 0.3253511 0.3041603 0.8953397 0.04446643 -0.2096909 0.9767561 -0.1540113 -0.2470358 0.9566891 -0.2085285 0.1852284 0.9603158 -0.643729 -0.007574975 0.7652161 0.7180619 0.3329888 0.611151 0.1429975 0.0464034 0.9886347 0.6983009 0.2367786 0.6755086 0.2159684 0.4229027 0.880063 0.2392945 0.1219254 0.9632614 0.6132885 0.2338635 0.7544437 -0.1583871 -0.4474614 0.8801659 0.3002996 -0.3916329 0.8697379 0.6230908 0.6230875 0.472779 0.2499692 0.593833 0.764773 -0.02345186 0.3531398 0.9352767 0.001130223 0.3520596 0.9359769 0.1039781 0.3244745 0.9401621 0.0181176 0.100276 0.9947947 0.05894076 0.3601318 0.9310377 -0.2205461 0.2383254 0.9458121 -0.04201239 0.2652567 0.9632621 -0.04318791 0.1329178 0.9901857 -0.02145665 0.0660364 0.9975865 0.06981962 0.4526234 0.8889642 -0.1219247 0.239291 0.9632623 -0.0884118 0.1215924 0.9886348 -0.4165489 0.5888519 0.692633 -0.5097236 0.1478182 0.8475446 -0.2428795 0.3439521 0.9070317 -0.1429634 0.04650974 0.9886346 -0.5809518 0.1811746 0.7935181 -0.6337117 0.2697721 0.7250052 -0.2652558 0.04201191 0.9632624 -0.1397587 0 0.9901856 -0.8320645 -1.0218e-6 0.554679 -0.6337124 -0.269772 0.7250047 -0.2652529 -0.04201173 0.9632632 -0.1429632 -0.04650956 0.9886346 -0.5809523 -0.1811742 0.7935178 -0.2428793 -0.3439518 0.9070318 -0.5097236 -0.1478185 0.8475446 -0.08841109 -0.1215917 0.9886349 -0.4165489 -0.5888522 0.6926327 0.06981849 -0.4526259 0.8889631 -0.1219239 -0.2392889 0.9632629 -0.04318803 -0.1329177 0.9901857 -0.02145677 -0.06603646 0.9975865 -0.2205465 -0.2383251 0.9458121 -0.04201245 -0.2652555 0.9632624 0.01811742 -0.1002757 0.9947948 0.05894035 -0.360132 0.9310376 0.1039783 -0.3244743 0.9401623 0.001130163 -0.3520599 0.9359769 0.24997 -0.5938345 0.7647716 -0.02345263 -0.3531399 0.9352766 0.3003001 0.3916311 0.8697384 0.6230909 -0.6230893 0.4727765 0.61329 -0.2338662 0.7544416 -0.158383 0.44746 0.8801673 0.2159654 -0.4229019 0.8800643 0.2392976 -0.1219272 0.9632603 0.1429975 -0.0464034 0.9886347 0.6983007 -0.2367774 0.6755092 0.7180621 -0.3329887 0.6111509 0.02065175 0.1428108 0.9895346 0.1472254 0.288946 0.9459572 0.01422053 0.09833794 0.9950515 0.01511198 0.0954132 0.9953231 -0.06849622 0.04976505 0.9964095 -0.2293112 0.2293106 0.9459562 -0.1247621 0.090644 0.9880376 -0.2889512 0.1472266 0.9459555 -0.06849634 -0.04976499 0.9964094 -0.2889513 -0.1472268 0.9459553 -0.1247619 -0.09064418 0.9880375 -0.2293114 -0.2293104 0.9459562 0.02065175 -0.142811 0.9895345 0.01511204 -0.09541332 0.9953231 0.01422053 -0.09833776 0.9950516 0.1472257 -0.2889466 0.9459569 0.9268122 0 0.3755252 0.3203012 -0.05072987 0.9459565 0.1542165 0 0.9880371 0.3203008 0.05072987 0.9459567</float_array>
          <technique_common>
            <accessor source="#Icosphere_012-mesh-normals-array" count="160" stride="3">
              <param name="X" type="float"/>
              <param name="Y" type="float"/>
              <param name="Z" type="float"/>
            </accessor>
          </technique_common>
        </source>
        <vertices id="Icosphere_012-mesh-vertices">
          <input semantic="POSITION" source="#Icosphere_012-mesh-positions"/>
        </vertices>
        <polylist material="Material_008-material" count="160">
          <input semantic="VERTEX" source="#Icosphere_012-mesh-vertices" offset="0"/>
          <input semantic="NORMAL" source="#Icosphere_012-mesh-normals" offset="1"/>
          <vcount>3 3 3 3 3 3 3 3 3 3 3 3 3 3 3 3 3 3 3 3 3 3 3 3 3 3 3 3 3 3 3 3 3 3 3 3 3 3 3 3 3 3 3 3 3 3 3 3 3 3 3 3 3 3 3 3 3 3 3 3 3 3 3 3 3 3 3 3 3 3 3 3 3 3 3 3 3 3 3 3 3 3 3 3 3 3 3 3 3 3 3 3 3 3 3 3 3 3 3 3 3 3 3 3 3 3 3 3 3 3 3 3 3 3 3 3 3 3 3 3 3 3 3 3 3 3 3 3 3 3 3 3 3 3 3 3 3 3 3 3 3 3 3 3 3 3 3 3 3 3 3 3 3 3 3 3 3 3 3 3 </vcount>
          <p>0 0 28 0 43 0 1 1 31 1 49 1 2 2 34 2 52 2 3 3 37 3 55 3 4 4 40 4 44 4 46 5 53 5 5 5 45 6 56 6 46 6 44 7 57 7 45 7 46 8 56 8 53 8 56 9 54 9 53 9 45 10 57 10 56 10 57 11 58 11 56 11 56 12 58 12 54 12 58 13 55 13 54 13 44 14 40 14 57 14 40 15 39 15 57 15 57 16 39 16 58 16 39 17 38 17 58 17 58 18 38 18 55 18 38 19 3 19 55 19 53 20 50 20 5 20 54 21 59 21 53 21 55 22 60 22 54 22 53 23 59 23 50 23 59 24 51 24 50 24 54 25 60 25 59 25 60 26 61 26 59 26 59 27 61 27 51 27 61 28 52 28 51 28 55 29 37 29 60 29 37 30 36 30 60 30 60 31 36 31 61 31 36 32 35 32 61 32 61 33 35 33 52 33 35 34 2 34 52 34 50 35 47 35 5 35 51 36 62 36 50 36 52 37 63 37 51 37 50 38 62 38 47 38 62 39 48 39 47 39 51 40 63 40 62 40 63 41 64 41 62 41 62 42 64 42 48 42 64 43 49 43 48 43 52 44 34 44 63 44 34 45 33 45 63 45 63 46 33 46 64 46 33 47 32 47 64 47 64 48 32 48 49 48 32 49 1 49 49 49 47 50 41 50 5 50 48 51 65 51 47 51 49 52 66 52 48 52 47 53 65 53 41 53 65 54 42 54 41 54 48 55 66 55 65 55 66 56 67 56 65 56 65 57 67 57 42 57 67 58 43 58 42 58 49 59 31 59 66 59 31 60 30 60 66 60 66 61 30 61 67 61 30 62 29 62 67 62 67 63 29 63 43 63 29 64 0 64 43 64 41 65 46 65 5 65 42 66 68 66 41 66 43 67 69 67 42 67 41 68 68 68 46 68 68 69 45 69 46 69 42 70 69 70 68 70 69 71 70 71 68 71 68 72 70 72 45 72 70 73 44 73 45 73 43 74 28 74 69 74 28 75 27 75 69 75 69 76 27 76 70 76 27 77 26 77 70 77 70 78 26 78 44 78 26 79 4 79 44 79 9 80 40 80 4 80 8 81 71 81 9 81 9 82 71 82 40 82 71 83 39 83 40 83 8 84 72 84 71 84 72 85 73 85 71 85 71 86 73 86 39 86 73 87 38 87 39 87 72 88 23 88 73 88 23 89 22 89 73 89 73 90 22 90 38 90 22 91 3 91 38 91 25 92 37 92 3 92 24 93 74 93 25 93 25 94 74 94 37 94 74 95 36 95 37 95 24 96 75 96 74 96 75 97 76 97 74 97 74 98 76 98 36 98 76 99 35 99 36 99 75 100 19 100 76 100 19 101 18 101 76 101 76 102 18 102 35 102 18 103 2 103 35 103 21 104 34 104 2 104 20 105 77 105 21 105 21 106 77 106 34 106 77 107 33 107 34 107 20 108 78 108 77 108 78 109 79 109 77 109 77 110 79 110 33 110 79 111 32 111 33 111 78 112 15 112 79 112 15 113 14 113 79 113 79 114 14 114 32 114 14 115 1 115 32 115 17 116 31 116 1 116 16 117 80 117 17 117 17 118 80 118 31 118 80 119 30 119 31 119 16 120 81 120 80 120 81 121 82 121 80 121 80 122 82 122 30 122 82 123 29 123 30 123 81 124 11 124 82 124 11 125 10 125 82 125 82 126 10 126 29 126 10 127 0 127 29 127 13 128 28 128 0 128 12 129 83 129 13 129 13 130 83 130 28 130 83 131 27 131 28 131 12 132 84 132 83 132 84 133 85 133 83 133 83 134 85 134 27 134 85 135 26 135 27 135 84 136 7 136 85 136 7 137 6 137 85 137 85 138 6 138 26 138 6 139 4 139 26 139 22 140 25 140 3 140 23 141 86 141 22 141 22 142 86 142 25 142 86 143 24 143 25 143 18 144 21 144 2 144 19 145 87 145 18 145 18 146 87 146 21 146 87 147 20 147 21 147 14 148 17 148 1 148 15 149 88 149 14 149 14 150 88 150 17 150 88 151 16 151 17 151 10 152 13 152 0 152 11 153 89 153 10 153 10 154 89 154 13 154 89 155 12 155 13 155 6 156 9 156 4 156 7 157 90 157 6 157 6 158 90 158 9 158 90 159 8 159 9 159</p>
        </polylist>
      </mesh>
    </geometry>
    <geometry id="Icosphere_017-mesh" name="Icosphere.017">
      <mesh>
        <source id="Icosphere_017-mesh-positions">
          <float_array id="Icosphere_017-mesh-positions-array" count="126">0 0 -0.6007535 0.7236073 -0.5257253 -0.4472195 -0.276388 -0.8506492 -0.6022349 -0.8944262 0 -0.7152926 -0.2888091 1.017563 -0.806334 0.7824832 0.5668995 -0.7564901 0.276388 -0.8506492 0.4472199 -0.7236073 -0.5257253 0.4472195 -0.7236073 0.5257253 0.4472195 0.28354 1.030049 0.5558844 0.8944262 0 0.3018271 0 0 0.8358662 -0.1624555 -0.4999952 -0.6144308 0.4253227 -0.3090114 -0.632602 0.2628688 -0.8090116 -0.6256689 0.8506479 0 -0.8155892 0.4253227 0.3090114 -0.5961005 -0.5257298 0 -0.6842589 -0.6881894 -0.4999969 -0.5257362 -0.1658179 0.5013248 -0.7891975 -0.6881894 0.4999969 -0.5257362 0.2563956 0.8711202 -0.6447314 0.9510579 -0.3090126 0 0.9510579 0.3090126 -0.1817359 0 -1 0 0.5749361 -1.054846 -0.08149886 -1.005131 -0.3253942 -0.02663815 -0.5877856 -0.8090167 -0.1550151 -0.5877856 0.8090167 0 -1.006194 0.3212369 -0.03600257 0.5877856 0.8090167 0 0 1 0 0.6881894 -0.4999969 0.5257362 -0.2841601 -1.172361 0.662037 -0.8506479 0 0.5257359 -0.2628688 0.8090116 0.5257377 0.8339779 0.4324488 0.7380132 0.1624555 -0.4999952 0.8506544 0.5257298 0 0.8506517 -0.4253227 -0.3090114 0.9327216 -0.4253227 0.3090114 0.8506542 0.1624555 0.4999952 0.8506544</float_array>
          <technique_common>
            <accessor source="#Icosphere_017-mesh-positions-array" count="42" stride="3">
              <param name="X" type="float"/>
              <param name="Y" type="float"/>
              <param name="Z" type="float"/>
            </accessor>
          </technique_common>
        </source>
        <source id="Icosphere_017-mesh-normals">
          <float_array id="Icosphere_017-mesh-normals-array" count="240">-0.04441899 0.04173624 -0.9981409 0.07723712 -0.5845776 -0.8076531 0.1568259 -0.02394646 -0.9873359 0.1494354 -0.3042154 -0.9408093 0.2142465 -0.2808008 -0.9355477 0.8822603 -0.3938673 -0.2578477 0.06263566 -0.9615986 -0.2672168 -0.8110162 -0.4677402 -0.3513857 -0.8219561 0.5455256 -0.1636767 0.4690864 0.8690125 -0.1574017 0.8762723 -0.4151879 -0.2444709 -0.2815344 -0.9535369 -0.1072651 -0.9870225 -0.003947377 -0.1605339 -0.3063836 0.9429512 0.1302782 0.8127377 0.5821818 0.02284485 0.408946 -0.6284251 0.6616986 -0.74325 -0.3077675 0.5940191 -0.7002239 0.2680318 0.6616989 -0.2530392 0.5137071 0.8198025 0.7579777 -0.4076531 0.509204 -0.02810686 -0.02042645 0.9993963 0.1766009 0.1283049 0.9758842 0.1914766 0.4432523 0.8757078 0.01073735 -0.03304749 0.9993962 -0.1875938 0.5773454 0.7946577 -0.4712998 0.5831222 0.6616986 0.1290162 0.1305347 0.9830135 -0.6489365 0.1001533 0.754222 -0.7610719 -0.2718698 0.5889452 0.1640133 0.08236443 0.9830137 0.03808408 -0.293277 0.9552687 0.5539004 -0.5445941 0.6297711 -0.02810686 0.02042645 0.9993963 0.4911196 -0.356821 0.7946575 0.8265401 -0.09226948 0.5552638 0.9921286 0.0130645 0.1245402 0.8131349 0.5815183 0.02546501 0.7129106 0.6917381 0.115138 -0.3779196 0.914678 0.1433219 -0.3035309 0.9341715 0.1875973 -0.534576 0.7778646 0.3303866 -0.8764754 0.2712078 0.3977904 -0.9633942 0.002298951 0.2680792 -0.8734738 -0.2714379 0.4041846 -0.8355297 -0.545217 0.06803363 -0.2117389 -0.9198012 -0.330352 0.4935066 -0.8696199 -0.01458132 0.4839316 -0.6891019 0.5393968 0.8506852 -0.4573229 0.2592114 0.9032867 -0.2034214 0.3777471 0.3024796 0.9309359 -0.2046085 0.3083213 0.9489148 -0.06707233 0.2805345 0.9565339 -0.07964575 -0.753885 0.6339282 0.1726052 -0.7283505 0.6423669 -0.2384749 -0.809316 0.4682582 -0.3546012 -0.7284288 -0.6684629 0.1501631 -0.7623125 -0.5835304 -0.27995 -0.6391075 -0.6670222 -0.3829138 -0.04152065 -0.939698 0.3394759 -0.1371034 -0.929849 -0.3414433 0.5766635 -0.5679475 -0.5872776 0.9888902 0.04193586 0.1426105 0.9897324 -0.04032367 -0.1371272 0.965366 0.1390882 -0.220733 -0.2983058 -0.1708898 -0.9390476 0.3140838 0.01225936 -0.9493162 0.2933948 0.0381909 -0.9552282 -0.4458881 -0.1356002 -0.8847578 -0.4464515 0.1353697 -0.884509 0.07933282 0.3246001 -0.9425186 0.07933282 -0.3246001 -0.9425186 -0.1610574 -0.2503436 -0.9546667 -0.166323 0.01975166 -0.9858736 -0.4341514 0.04160904 -0.8998785 -0.4270757 0.0533117 -0.9026429 -0.03189843 0.05892902 -0.9977525 -0.04177373 -0.0211693 -0.9989028 -0.02951353 -0.004270792 -0.9995553 0.4380457 -0.1546036 -0.8855585</float_array>
          <technique_common>
            <accessor source="#Icosphere_017-mesh-normals-array" count="80" stride="3">
              <param name="X" type="float"/>
              <param name="Y" type="float"/>
              <param name="Z" type="float"/>
            </accessor>
          </technique_common>
        </source>
        <vertices id="Icosphere_017-mesh-vertices">
          <input semantic="POSITION" source="#Icosphere_017-mesh-positions"/>
        </vertices>
        <polylist material="Material_004-material" count="80">
          <input semantic="VERTEX" source="#Icosphere_017-mesh-vertices" offset="0"/>
          <input semantic="NORMAL" source="#Icosphere_017-mesh-normals" offset="1"/>
          <vcount>3 3 3 3 3 3 3 3 3 3 3 3 3 3 3 3 3 3 3 3 3 3 3 3 3 3 3 3 3 3 3 3 3 3 3 3 3 3 3 3 3 3 3 3 3 3 3 3 3 3 3 3 3 3 3 3 3 3 3 3 3 3 3 3 3 3 3 3 3 3 3 3 3 3 3 3 3 3 3 3 </vcount>
          <p>0 0 13 0 12 0 1 1 13 1 15 1 0 2 12 2 17 2 0 3 17 3 19 3 0 4 19 4 16 4 1 5 15 5 22 5 2 6 14 6 24 6 3 7 18 7 26 7 4 8 20 8 28 8 5 9 21 9 30 9 1 10 22 10 25 10 2 11 24 11 27 11 3 12 26 12 29 12 4 13 28 13 31 13 5 14 30 14 23 14 6 15 32 15 37 15 7 16 33 16 39 16 8 17 34 17 40 17 9 18 35 18 41 18 10 19 36 19 38 19 38 20 41 20 11 20 38 21 36 21 41 21 36 22 9 22 41 22 41 23 40 23 11 23 41 24 35 24 40 24 35 25 8 25 40 25 40 26 39 26 11 26 40 27 34 27 39 27 34 28 7 28 39 28 39 29 37 29 11 29 39 30 33 30 37 30 33 31 6 31 37 31 37 32 38 32 11 32 37 33 32 33 38 33 32 34 10 34 38 34 23 35 36 35 10 35 23 36 30 36 36 36 30 37 9 37 36 37 31 38 35 38 9 38 31 39 28 39 35 39 28 40 8 40 35 40 29 41 34 41 8 41 29 42 26 42 34 42 26 43 7 43 34 43 27 44 33 44 7 44 27 45 24 45 33 45 24 46 6 46 33 46 25 47 32 47 6 47 25 48 22 48 32 48 22 49 10 49 32 49 30 50 31 50 9 50 30 51 21 51 31 51 21 52 4 52 31 52 28 53 29 53 8 53 28 54 20 54 29 54 20 55 3 55 29 55 26 56 27 56 7 56 26 57 18 57 27 57 18 58 2 58 27 58 24 59 25 59 6 59 24 60 14 60 25 60 14 61 1 61 25 61 22 62 23 62 10 62 22 63 15 63 23 63 15 64 5 64 23 64 16 65 21 65 5 65 16 66 19 66 21 66 19 67 4 67 21 67 19 68 20 68 4 68 19 69 17 69 20 69 17 70 3 70 20 70 17 71 18 71 3 71 17 72 12 72 18 72 12 73 2 73 18 73 15 74 16 74 5 74 15 75 13 75 16 75 13 76 0 76 16 76 12 77 14 77 2 77 12 78 13 78 14 78 13 79 1 79 14 79</p>
        </polylist>
      </mesh>
    </geometry>
    <geometry id="Cylinder_015-mesh" name="Cylinder.015">
      <mesh>
        <source id="Cylinder_015-mesh-positions">
          <float_array id="Cylinder_015-mesh-positions-array" count="108">0 0.3903424 -0.16218 -0.1587997 0.2336165 2.493251 0.3712376 0.1206223 -0.16218 0.1092755 0.2232189 2.493251 0.2294374 -0.3157936 -0.16218 0.2657879 -0.02364253 2.420792 -0.2294375 -0.3157935 -0.16218 -0.008844673 -0.2823398 2.493251 -0.3712376 0.1206224 -0.16218 -0.2712543 -0.07883596 2.493251 0.1561316 0.2419679 2.951089 -0.1716135 0.1989859 2.982843 0.2682087 -0.03859871 2.76698 -0.005889058 -0.2659698 2.712517 -0.2629091 -0.1218018 2.844426 1.745303 0.8924674 4.491979 1.719115 0.9511932 4.495511 1.695619 0.8722668 4.551559 1.652128 0.9193678 4.557639 -1.748307 0.7241248 4.079011 -1.779429 0.6463212 4.092545 -1.690479 0.7022215 4.15576 -1.733901 0.6344664 4.128762 0.2211167 0.002600908 3.145254 -0.1016355 -0.02266407 3.205341 0.2415803 -0.1317524 3.074536 0.08904135 -0.312687 3.139329 -0.1395747 -0.1544584 3.21624 -0.7937943 -1.20491 4.466265 -0.7514517 -1.253913 4.449507 -0.7470079 -1.155576 4.518111 -0.6956331 -1.198234 4.514115 -0.1499348 0.8256251 5.379979 -0.2496763 0.7972812 5.38296 -0.1243928 0.7427177 5.413093 -0.2235307 0.7164856 5.421041</float_array>
          <technique_common>
            <accessor source="#Cylinder_015-mesh-positions-array" count="36" stride="3">
              <param name="X" type="float"/>
              <param name="Y" type="float"/>
              <param name="Z" type="float"/>
            </accessor>
          </technique_common>
        </source>
        <source id="Cylinder_015-mesh-normals">
          <float_array id="Cylinder_015-mesh-normals-array" count="198">0.03868424 0.9973769 0.06117939 0.8512068 0.5209327 0.06384569 0.6782981 -0.7332752 -0.04710984 0.6801153 -0.7322016 -0.03638875 -0.9391766 0.3380185 0.06075197 -0.6116963 -0.7887566 0.06075197 0 0 -1 -0.9016001 0.2863532 0.3242208 -0.6114465 -0.7884353 0.06710499 0.5654667 -0.8238226 -0.03954529 0.3912349 -0.5459462 0.740863 -0.1233748 0.990109 0.0668047 0.5228472 0.3845795 0.7607426 0.6695026 0.3383219 -0.6612902 -0.4381307 -0.60893 0.6612456 -0.4214466 0.9067971 0.01009666 -0.5272883 0.3459234 0.7760826 0.3617711 0.9292294 0.07519596 -0.3527747 -0.9250736 0.1406726 -0.6845442 0.1497255 -0.7134295 0.3634856 0.02702414 0.9312078 0.6489423 -0.7419367 -0.1685346 0.1339228 -0.9358932 0.3258353 -0.63534 0.7219293 0.2741553 0.9429216 0.3227003 0.08223909 -0.335107 -0.5509418 0.7643078 0.5089913 0.5510684 0.6612499 -0.6044602 -0.5526394 -0.5737748 0.72367 -0.6894472 -0.03105378 -0.08686751 0.4015959 0.9116879 0.9532917 0.2981346 0.0484839 -0.2719492 0.9316249 -0.2410782 -0.9563707 -0.2888618 0.04374939 0.5875756 0.8087282 0.02671873 0.9508355 -0.3089451 0.02156245 -1.49909e-7 -0.9936642 0.1123899 0.6318653 -0.773513 0.04923164 -0.5877386 0.8089529 0.01259726 -0.9509812 -0.3089924 0.0125972 -0.9183319 0.09562534 0.3840863 -0.5224085 -0.8477922 -0.09131175 0.4597011 -0.8841323 0.08357673 0.439029 -0.4583816 0.7727484 0.03871792 0.9982436 -0.04484158 0.6929705 0.2687792 0.6689916 0.5549659 0.538069 -0.6344246 -0.4897997 -0.5405638 0.6840227 -0.4177474 0.9085464 0.005546927 -0.7452699 0.2279415 0.6265904 0.329244 0.9440039 0.02133339 -0.5094856 -0.8554866 -0.09256029 -0.6495918 0.233794 -0.7234438 0.1976293 -0.4328503 0.8795359 0.3118626 -0.01120865 0.9500611 0.7019395 -0.6741088 -0.2299092 0.2662649 -0.9098713 0.3181781 -0.7775062 0.6186477 0.1129568 0.9893826 0.09108489 0.1132497 -0.3522496 -0.498418 0.7921488 0.5681589 0.5051236 0.6496504 -0.7222626 -0.4422349 -0.5317566 0.5629444 -0.7986754 -0.2126294 -0.02196794 0.3649885 0.9307529 0.9497449 0.3099832 0.04353147 -0.1496016 0.9569315 -0.2488002 -0.9626946 -0.2682445 0.03555601</float_array>
          <technique_common>
            <accessor source="#Cylinder_015-mesh-normals-array" count="66" stride="3">
              <param name="X" type="float"/>
              <param name="Y" type="float"/>
              <param name="Z" type="float"/>
            </accessor>
          </technique_common>
        </source>
        <vertices id="Cylinder_015-mesh-vertices">
          <input semantic="POSITION" source="#Cylinder_015-mesh-positions"/>
        </vertices>
        <polylist material="Material_005-material" count="68">
          <input semantic="VERTEX" source="#Cylinder_015-mesh-vertices" offset="0"/>
          <input semantic="NORMAL" source="#Cylinder_015-mesh-normals" offset="1"/>
          <vcount>3 3 3 3 3 3 3 3 3 3 3 3 3 3 3 3 3 3 3 3 3 3 3 3 3 3 3 3 3 3 3 3 3 3 3 3 3 3 3 3 3 3 3 3 3 3 3 3 3 3 3 3 3 3 3 3 3 3 3 3 3 3 3 3 3 3 3 3 </vcount>
          <p>0 0 1 0 3 0 2 1 3 1 5 1 5 2 7 2 6 2 7 3 5 3 12 3 8 4 9 4 1 4 6 5 7 5 9 5 4 6 6 6 8 6 14 7 27 7 24 7 9 8 7 8 13 8 12 9 5 9 15 9 11 10 21 10 22 10 1 11 11 11 10 11 16 12 18 12 17 12 3 13 16 13 15 13 10 14 12 14 17 14 10 15 18 15 16 15 19 16 20 16 22 16 11 17 1 17 19 17 14 18 22 18 20 18 9 19 20 19 19 19 24 20 26 20 25 20 13 21 12 21 25 21 24 22 23 22 34 22 27 23 14 23 28 23 12 24 10 24 23 24 28 25 29 25 31 25 27 26 30 26 31 26 14 27 13 27 29 27 26 28 31 28 29 28 32 29 33 29 35 29 23 30 10 30 32 30 11 31 33 31 32 31 24 32 35 32 33 32 2 33 0 33 3 33 4 34 2 34 5 34 4 35 5 35 6 35 13 36 7 36 12 36 0 37 8 37 1 37 8 38 6 38 9 38 8 6 0 6 2 6 2 6 4 6 8 6 11 39 14 39 24 39 14 40 9 40 13 40 17 41 12 41 15 41 14 42 11 42 22 42 3 43 1 43 10 43 15 44 16 44 17 44 5 45 3 45 15 45 18 46 10 46 17 46 3 47 10 47 16 47 21 48 19 48 22 48 21 49 11 49 19 49 9 50 14 50 20 50 1 51 9 51 19 51 25 52 23 52 24 52 24 53 27 53 26 53 26 54 13 54 25 54 35 55 24 55 34 55 30 56 27 56 28 56 25 57 12 57 23 57 30 58 28 58 31 58 26 59 27 59 31 59 28 60 14 60 29 60 13 61 26 61 29 61 34 62 32 62 35 62 34 63 23 63 32 63 10 64 11 64 32 64 11 65 24 65 33 65</p>
        </polylist>
      </mesh>
    </geometry>
    <geometry id="Icosphere_018-mesh" name="Icosphere.018">
      <mesh>
        <source id="Icosphere_018-mesh-positions">
          <float_array id="Icosphere_018-mesh-positions-array" count="126">0 0 -0.6007535 0.7236073 -0.5257253 -0.4472195 -0.276388 -0.8506492 -0.6022349 -0.8944262 0 -0.7152926 -0.2888091 1.017563 -0.806334 0.7824832 0.5668995 -0.7564901 0.276388 -0.8506492 0.4472199 -0.7236073 -0.5257253 0.4472195 -0.7236073 0.5257253 0.4472195 0.28354 1.030049 0.5558844 0.8944262 0 0.3018271 0 0 0.8358662 -0.1624555 -0.4999952 -0.6144308 0.4253227 -0.3090114 -0.632602 0.2628688 -0.8090116 -0.6256689 0.8506479 0 -0.8155892 0.4253227 0.3090114 -0.5961005 -0.5257298 0 -0.6842589 -0.6881894 -0.4999969 -0.5257362 -0.1658179 0.5013248 -0.7891975 -0.6881894 0.4999969 -0.5257362 0.2563956 0.8711202 -0.6447314 0.9510579 -0.3090126 0 0.9510579 0.3090126 -0.1817359 0 -1 0 0.5749361 -1.054846 -0.08149886 -1.005131 -0.3253942 -0.02663815 -0.5877856 -0.8090167 -0.1550151 -0.5877856 0.8090167 0 -1.006194 0.3212369 -0.03600257 0.5877856 0.8090167 0 0 1 0 0.6881894 -0.4999969 0.5257362 -0.2841601 -1.172361 0.662037 -0.8506479 0 0.5257359 -0.2628688 0.8090116 0.5257377 0.8339779 0.4324488 0.7380132 0.1624555 -0.4999952 0.8506544 0.5257298 0 0.8506517 -0.4253227 -0.3090114 0.9327216 -0.4253227 0.3090114 0.8506542 0.1624555 0.4999952 0.8506544</float_array>
          <technique_common>
            <accessor source="#Icosphere_018-mesh-positions-array" count="42" stride="3">
              <param name="X" type="float"/>
              <param name="Y" type="float"/>
              <param name="Z" type="float"/>
            </accessor>
          </technique_common>
        </source>
        <source id="Icosphere_018-mesh-normals">
          <float_array id="Icosphere_018-mesh-normals-array" count="240">-0.04441899 0.04173624 -0.9981409 0.07723712 -0.5845776 -0.8076531 0.1568259 -0.02394646 -0.9873359 0.1494354 -0.3042154 -0.9408093 0.2142465 -0.2808008 -0.9355477 0.8822603 -0.3938673 -0.2578477 0.06263566 -0.9615986 -0.2672168 -0.8110162 -0.4677402 -0.3513857 -0.8219561 0.5455256 -0.1636767 0.4690864 0.8690125 -0.1574017 0.8762723 -0.4151879 -0.2444709 -0.2815344 -0.9535369 -0.1072651 -0.9870225 -0.003947377 -0.1605339 -0.3063836 0.9429512 0.1302782 0.8127377 0.5821818 0.02284485 0.408946 -0.6284251 0.6616986 -0.74325 -0.3077675 0.5940191 -0.7002239 0.2680318 0.6616989 -0.2530392 0.5137071 0.8198025 0.7579777 -0.4076531 0.509204 -0.02810686 -0.02042645 0.9993963 0.1766009 0.1283049 0.9758842 0.1914766 0.4432523 0.8757078 0.01073735 -0.03304749 0.9993962 -0.1875938 0.5773454 0.7946577 -0.4712998 0.5831222 0.6616986 0.1290162 0.1305347 0.9830135 -0.6489365 0.1001533 0.754222 -0.7610719 -0.2718698 0.5889452 0.1640133 0.08236443 0.9830137 0.03808408 -0.293277 0.9552687 0.5539004 -0.5445941 0.6297711 -0.02810686 0.02042645 0.9993963 0.4911196 -0.356821 0.7946575 0.8265401 -0.09226948 0.5552638 0.9921286 0.0130645 0.1245402 0.8131349 0.5815183 0.02546501 0.7129106 0.6917381 0.115138 -0.3779196 0.914678 0.1433219 -0.3035309 0.9341715 0.1875973 -0.534576 0.7778646 0.3303866 -0.8764754 0.2712078 0.3977904 -0.9633942 0.002298951 0.2680792 -0.8734738 -0.2714379 0.4041846 -0.8355297 -0.545217 0.06803363 -0.2117389 -0.9198012 -0.330352 0.4935066 -0.8696199 -0.01458132 0.4839316 -0.6891019 0.5393968 0.8506852 -0.4573229 0.2592114 0.9032867 -0.2034214 0.3777471 0.3024796 0.9309359 -0.2046085 0.3083213 0.9489148 -0.06707233 0.2805345 0.9565339 -0.07964575 -0.753885 0.6339282 0.1726052 -0.7283505 0.6423669 -0.2384749 -0.809316 0.4682582 -0.3546012 -0.7284288 -0.6684629 0.1501631 -0.7623125 -0.5835304 -0.27995 -0.6391075 -0.6670222 -0.3829138 -0.04152065 -0.939698 0.3394759 -0.1371034 -0.929849 -0.3414433 0.5766635 -0.5679475 -0.5872776 0.9888902 0.04193586 0.1426105 0.9897324 -0.04032367 -0.1371272 0.965366 0.1390882 -0.220733 -0.2983058 -0.1708898 -0.9390476 0.3140838 0.01225936 -0.9493162 0.2933948 0.0381909 -0.9552282 -0.4458881 -0.1356002 -0.8847578 -0.4464515 0.1353697 -0.884509 0.07933282 0.3246001 -0.9425186 0.07933282 -0.3246001 -0.9425186 -0.1610574 -0.2503436 -0.9546667 -0.166323 0.01975166 -0.9858736 -0.4341514 0.04160904 -0.8998785 -0.4270757 0.0533117 -0.9026429 -0.03189843 0.05892902 -0.9977525 -0.04177373 -0.0211693 -0.9989028 -0.02951353 -0.004270792 -0.9995553 0.4380457 -0.1546036 -0.8855585</float_array>
          <technique_common>
            <accessor source="#Icosphere_018-mesh-normals-array" count="80" stride="3">
              <param name="X" type="float"/>
              <param name="Y" type="float"/>
              <param name="Z" type="float"/>
            </accessor>
          </technique_common>
        </source>
        <vertices id="Icosphere_018-mesh-vertices">
          <input semantic="POSITION" source="#Icosphere_018-mesh-positions"/>
        </vertices>
        <polylist material="Material_004-material" count="80">
          <input semantic="VERTEX" source="#Icosphere_018-mesh-vertices" offset="0"/>
          <input semantic="NORMAL" source="#Icosphere_018-mesh-normals" offset="1"/>
          <vcount>3 3 3 3 3 3 3 3 3 3 3 3 3 3 3 3 3 3 3 3 3 3 3 3 3 3 3 3 3 3 3 3 3 3 3 3 3 3 3 3 3 3 3 3 3 3 3 3 3 3 3 3 3 3 3 3 3 3 3 3 3 3 3 3 3 3 3 3 3 3 3 3 3 3 3 3 3 3 3 3 </vcount>
          <p>0 0 13 0 12 0 1 1 13 1 15 1 0 2 12 2 17 2 0 3 17 3 19 3 0 4 19 4 16 4 1 5 15 5 22 5 2 6 14 6 24 6 3 7 18 7 26 7 4 8 20 8 28 8 5 9 21 9 30 9 1 10 22 10 25 10 2 11 24 11 27 11 3 12 26 12 29 12 4 13 28 13 31 13 5 14 30 14 23 14 6 15 32 15 37 15 7 16 33 16 39 16 8 17 34 17 40 17 9 18 35 18 41 18 10 19 36 19 38 19 38 20 41 20 11 20 38 21 36 21 41 21 36 22 9 22 41 22 41 23 40 23 11 23 41 24 35 24 40 24 35 25 8 25 40 25 40 26 39 26 11 26 40 27 34 27 39 27 34 28 7 28 39 28 39 29 37 29 11 29 39 30 33 30 37 30 33 31 6 31 37 31 37 32 38 32 11 32 37 33 32 33 38 33 32 34 10 34 38 34 23 35 36 35 10 35 23 36 30 36 36 36 30 37 9 37 36 37 31 38 35 38 9 38 31 39 28 39 35 39 28 40 8 40 35 40 29 41 34 41 8 41 29 42 26 42 34 42 26 43 7 43 34 43 27 44 33 44 7 44 27 45 24 45 33 45 24 46 6 46 33 46 25 47 32 47 6 47 25 48 22 48 32 48 22 49 10 49 32 49 30 50 31 50 9 50 30 51 21 51 31 51 21 52 4 52 31 52 28 53 29 53 8 53 28 54 20 54 29 54 20 55 3 55 29 55 26 56 27 56 7 56 26 57 18 57 27 57 18 58 2 58 27 58 24 59 25 59 6 59 24 60 14 60 25 60 14 61 1 61 25 61 22 62 23 62 10 62 22 63 15 63 23 63 15 64 5 64 23 64 16 65 21 65 5 65 16 66 19 66 21 66 19 67 4 67 21 67 19 68 20 68 4 68 19 69 17 69 20 69 17 70 3 70 20 70 17 71 18 71 3 71 17 72 12 72 18 72 12 73 2 73 18 73 15 74 16 74 5 74 15 75 13 75 16 75 13 76 0 76 16 76 12 77 14 77 2 77 12 78 13 78 14 78 13 79 1 79 14 79</p>
        </polylist>
      </mesh>
    </geometry>
    <geometry id="Cylinder_016-mesh" name="Cylinder.016">
      <mesh>
        <source id="Cylinder_016-mesh-positions">
          <float_array id="Cylinder_016-mesh-positions-array" count="108">0 0.3903424 -0.16218 -0.1587997 0.2336165 2.493251 0.3712376 0.1206223 -0.16218 0.1092755 0.2232189 2.493251 0.2294374 -0.3157936 -0.16218 0.2657879 -0.02364253 2.420792 -0.2294375 -0.3157935 -0.16218 -0.008844673 -0.2823398 2.493251 -0.3712376 0.1206224 -0.16218 -0.2712543 -0.07883596 2.493251 0.1561316 0.2419679 2.951089 -0.1716135 0.1989859 2.982843 0.2682087 -0.03859871 2.76698 -0.005889058 -0.2659698 2.712517 -0.2629091 -0.1218018 2.844426 1.745303 0.8924674 4.491979 1.719115 0.9511932 4.495511 1.695619 0.8722668 4.551559 1.652128 0.9193678 4.557639 -1.748307 0.7241248 4.079011 -1.779429 0.6463212 4.092545 -1.690479 0.7022215 4.15576 -1.733901 0.6344664 4.128762 0.2211167 0.002600908 3.145254 -0.1016355 -0.02266407 3.205341 0.2415803 -0.1317524 3.074536 0.08904135 -0.312687 3.139329 -0.1395747 -0.1544584 3.21624 -0.7937943 -1.20491 4.466265 -0.7514517 -1.253913 4.449507 -0.7470079 -1.155576 4.518111 -0.6956331 -1.198234 4.514115 -0.1499348 0.8256251 5.379979 -0.2496763 0.7972812 5.38296 -0.1243928 0.7427177 5.413093 -0.2235307 0.7164856 5.421041</float_array>
          <technique_common>
            <accessor source="#Cylinder_016-mesh-positions-array" count="36" stride="3">
              <param name="X" type="float"/>
              <param name="Y" type="float"/>
              <param name="Z" type="float"/>
            </accessor>
          </technique_common>
        </source>
        <source id="Cylinder_016-mesh-normals">
          <float_array id="Cylinder_016-mesh-normals-array" count="198">0.03868424 0.9973769 0.06117939 0.8512068 0.5209327 0.06384569 0.6782981 -0.7332752 -0.04710984 0.6801153 -0.7322016 -0.03638875 -0.9391766 0.3380185 0.06075197 -0.6116963 -0.7887566 0.06075197 0 0 -1 -0.9016001 0.2863532 0.3242208 -0.6114465 -0.7884353 0.06710499 0.5654667 -0.8238226 -0.03954529 0.3912349 -0.5459462 0.740863 -0.1233748 0.990109 0.0668047 0.5228472 0.3845795 0.7607426 0.6695026 0.3383219 -0.6612902 -0.4381307 -0.60893 0.6612456 -0.4214466 0.9067971 0.01009666 -0.5272883 0.3459234 0.7760826 0.3617711 0.9292294 0.07519596 -0.3527747 -0.9250736 0.1406726 -0.6845442 0.1497255 -0.7134295 0.3634856 0.02702414 0.9312078 0.6489423 -0.7419367 -0.1685346 0.1339228 -0.9358932 0.3258353 -0.63534 0.7219293 0.2741553 0.9429216 0.3227003 0.08223909 -0.335107 -0.5509418 0.7643078 0.5089913 0.5510684 0.6612499 -0.6044602 -0.5526394 -0.5737748 0.72367 -0.6894472 -0.03105378 -0.08686751 0.4015959 0.9116879 0.9532917 0.2981346 0.0484839 -0.2719492 0.9316249 -0.2410782 -0.9563707 -0.2888618 0.04374939 0.5875756 0.8087282 0.02671873 0.9508355 -0.3089451 0.02156245 -1.49909e-7 -0.9936642 0.1123899 0.6318653 -0.773513 0.04923164 -0.5877386 0.8089529 0.01259726 -0.9509812 -0.3089924 0.0125972 -0.9183319 0.09562534 0.3840863 -0.5224085 -0.8477922 -0.09131175 0.4597011 -0.8841323 0.08357673 0.439029 -0.4583816 0.7727484 0.03871792 0.9982436 -0.04484158 0.6929705 0.2687792 0.6689916 0.5549659 0.538069 -0.6344246 -0.4897997 -0.5405638 0.6840227 -0.4177474 0.9085464 0.005546927 -0.7452699 0.2279415 0.6265904 0.329244 0.9440039 0.02133339 -0.5094856 -0.8554866 -0.09256029 -0.6495918 0.233794 -0.7234438 0.1976293 -0.4328503 0.8795359 0.3118626 -0.01120865 0.9500611 0.7019395 -0.6741088 -0.2299092 0.2662649 -0.9098713 0.3181781 -0.7775062 0.6186477 0.1129568 0.9893826 0.09108489 0.1132497 -0.3522496 -0.498418 0.7921488 0.5681589 0.5051236 0.6496504 -0.7222626 -0.4422349 -0.5317566 0.5629444 -0.7986754 -0.2126294 -0.02196794 0.3649885 0.9307529 0.9497449 0.3099832 0.04353147 -0.1496016 0.9569315 -0.2488002 -0.9626946 -0.2682445 0.03555601</float_array>
          <technique_common>
            <accessor source="#Cylinder_016-mesh-normals-array" count="66" stride="3">
              <param name="X" type="float"/>
              <param name="Y" type="float"/>
              <param name="Z" type="float"/>
            </accessor>
          </technique_common>
        </source>
        <vertices id="Cylinder_016-mesh-vertices">
          <input semantic="POSITION" source="#Cylinder_016-mesh-positions"/>
        </vertices>
        <polylist material="Material_005-material" count="68">
          <input semantic="VERTEX" source="#Cylinder_016-mesh-vertices" offset="0"/>
          <input semantic="NORMAL" source="#Cylinder_016-mesh-normals" offset="1"/>
          <vcount>3 3 3 3 3 3 3 3 3 3 3 3 3 3 3 3 3 3 3 3 3 3 3 3 3 3 3 3 3 3 3 3 3 3 3 3 3 3 3 3 3 3 3 3 3 3 3 3 3 3 3 3 3 3 3 3 3 3 3 3 3 3 3 3 3 3 3 3 </vcount>
          <p>0 0 1 0 3 0 2 1 3 1 5 1 5 2 7 2 6 2 7 3 5 3 12 3 8 4 9 4 1 4 6 5 7 5 9 5 4 6 6 6 8 6 14 7 27 7 24 7 9 8 7 8 13 8 12 9 5 9 15 9 11 10 21 10 22 10 1 11 11 11 10 11 16 12 18 12 17 12 3 13 16 13 15 13 10 14 12 14 17 14 10 15 18 15 16 15 19 16 20 16 22 16 11 17 1 17 19 17 14 18 22 18 20 18 9 19 20 19 19 19 24 20 26 20 25 20 13 21 12 21 25 21 24 22 23 22 34 22 27 23 14 23 28 23 12 24 10 24 23 24 28 25 29 25 31 25 27 26 30 26 31 26 14 27 13 27 29 27 26 28 31 28 29 28 32 29 33 29 35 29 23 30 10 30 32 30 11 31 33 31 32 31 24 32 35 32 33 32 2 33 0 33 3 33 4 34 2 34 5 34 4 35 5 35 6 35 13 36 7 36 12 36 0 37 8 37 1 37 8 38 6 38 9 38 8 6 0 6 2 6 2 6 4 6 8 6 11 39 14 39 24 39 14 40 9 40 13 40 17 41 12 41 15 41 14 42 11 42 22 42 3 43 1 43 10 43 15 44 16 44 17 44 5 45 3 45 15 45 18 46 10 46 17 46 3 47 10 47 16 47 21 48 19 48 22 48 21 49 11 49 19 49 9 50 14 50 20 50 1 51 9 51 19 51 25 52 23 52 24 52 24 53 27 53 26 53 26 54 13 54 25 54 35 55 24 55 34 55 30 56 27 56 28 56 25 57 12 57 23 57 30 58 28 58 31 58 26 59 27 59 31 59 28 60 14 60 29 60 13 61 26 61 29 61 34 62 32 62 35 62 34 63 23 63 32 63 10 64 11 64 32 64 11 65 24 65 33 65</p>
        </polylist>
      </mesh>
    </geometry>
  </library_geometries>
  <library_controllers/>
  <library_visual_scenes>
    <visual_scene id="Galleries" name="Galleries">
      <node id="Cylinder" name="Cylinder" type="NODE">
        <matrix sid="transform">-1.12123e-7 -2.565075 0 -0.004822901 2.565075 -1.12123e-7 0 1.786993 0 0 1.458777 0.06446879 0 0 0 1</matrix>
        <instance_geometry url="#Cylinder-mesh" name="Cylinder">
          <bind_material>
            <technique_common>
              <instance_material symbol="Material_002-material" target="#Material_002-material"/>
            </technique_common>
          </bind_material>
        </instance_geometry>
      </node>
      <node id="Cube" name="Cube" type="NODE">
        <matrix sid="transform">-1.11037e-7 -2.54024 0 -0.004822901 2.54024 -1.11037e-7 0 6.82155 0 0 1.984478 0.06446879 0 0 0 1</matrix>
        <instance_geometry url="#Cube-mesh" name="Cube">
          <bind_material>
            <technique_common>
              <instance_material symbol="Material_007-material" target="#Material_007-material"/>
            </technique_common>
          </bind_material>
        </instance_geometry>
      </node>
      <node id="Cylinder_001" name="Cylinder_001" type="NODE">
        <matrix sid="transform">-2.78081e-7 -6.36176 0 -0.004822901 6.36176 -2.78081e-7 0 15.39724 0 0 0.3307936 -0.2640112 0 0 0 1</matrix>
        <instance_geometry url="#Cylinder_002-mesh" name="Cylinder_001">
          <bind_material>
            <technique_common>
              <instance_material symbol="Material_002-material" target="#Material_002-material"/>
            </technique_common>
          </bind_material>
        </instance_geometry>
      </node>
      <node id="Cylinder_002" name="Cylinder_002" type="NODE">
        <matrix sid="transform">-2.05918e-7 -4.710848 0 -0.004823833 4.710848 -2.05918e-7 0 25.80437 0 0 1.039829 0.78315 0 0 0 1</matrix>
        <instance_geometry url="#Cylinder_003-mesh" name="Cylinder_002">
          <bind_material>
            <technique_common>
              <instance_material symbol="Material_007-material" target="#Material_007-material"/>
            </technique_common>
          </bind_material>
        </instance_geometry>
      </node>
      <node id="Cube_029" name="Cube_029" type="NODE">
        <matrix sid="transform">-1.83031e-8 -0.4187263 0 0.1348979 0.4187263 -1.83031e-8 0 16.08985 0 0 0.06197793 -0.01826848 0 0 0 1</matrix>
        <instance_geometry url="#Cube_030-mesh" name="Cube_029">
          <bind_material>
            <technique_common>
              <instance_material symbol="Material_003-material" target="#Material_003-material"/>
            </technique_common>
          </bind_material>
        </instance_geometry>
      </node>
      <node id="Cube_030" name="Cube_030" type="NODE">
        <matrix sid="transform">-1.68548e-8 -0.3535311 0 -0.004822901 0.3855931 -1.54533e-8 0 4.233982 0 0 0.5559149 0.06446879 0 0 0 1</matrix>
        <instance_geometry url="#Cube_032-mesh" name="Cube_030">
          <bind_material>
            <technique_common>
              <instance_material symbol="Material_002-material" target="#Material_002-material"/>
            </technique_common>
          </bind_material>
        </instance_geometry>
      </node>
      <node id="Cube_032" name="Cube_032" type="NODE">
        <matrix sid="transform">-1.83031e-8 -0.4187263 0 -0.004822901 0.4187263 -1.83031e-8 0 4.235448 0 0 0.06197793 0.08616165 0 0 0 1</matrix>
        <instance_geometry url="#Cube_034-mesh" name="Cube_032">
          <bind_material>
            <technique_common>
              <instance_material symbol="Material_002-material" target="#Material_002-material"/>
            </technique_common>
          </bind_material>
        </instance_geometry>
      </node>
      <node id="tree-trunk" name="tree-trunk" type="NODE">
        <matrix sid="transform">-1.50129e-8 -0.3434561 0 -3.81349 0.3434561 -1.50129e-8 0 9.458682 0 0 0.3434561 -0.6819869 0 0 0 1</matrix>
        <instance_geometry url="#Cylinder_005-mesh" name="tree-trunk">
          <bind_material>
            <technique_common>
              <instance_material symbol="Material_005-material" target="#Material_005-material"/>
            </technique_common>
          </bind_material>
        </instance_geometry>
        <node id="tree-canopy" name="tree-canopy" type="NODE">
          <matrix sid="transform">3.098213 0.07076519 -0.1574667 -1.90735e-6 -0.1077696 3.08185 -0.2343348 9.53674e-7 0.2668549 0.4230162 1.733569 5.097044 0 0 0 1</matrix>
          <instance_geometry url="#Icosphere_001-mesh" name="tree-canopy">
            <bind_material>
              <technique_common>
                <instance_material symbol="Material_004-material" target="#Material_004-material"/>
              </technique_common>
            </bind_material>
          </instance_geometry>
        </node>
      </node>
      <node id="tree-trunk_001" name="tree-trunk_001" type="NODE">
        <matrix sid="transform">-0.341824 0.03344289 0 3.869637 0.03344289 0.341824 0 9.458684 0 0 0.3434561 -0.6819869 0 0 0 1</matrix>
        <instance_geometry url="#Cylinder_006-mesh" name="tree-trunk_001">
          <bind_material>
            <technique_common>
              <instance_material symbol="Material_005-material" target="#Material_005-material"/>
            </technique_common>
          </bind_material>
        </instance_geometry>
        <node id="tree-canopy_001" name="tree-canopy_001" type="NODE">
          <matrix sid="transform">3.098214 0.0707653 -0.1574667 -1.90735e-6 -0.1077702 3.08185 -0.2343347 0 0.2668549 0.4230162 1.733569 5.097044 0 0 0 1</matrix>
          <instance_geometry url="#Icosphere_002-mesh" name="tree-canopy_001">
            <bind_material>
              <technique_common>
                <instance_material symbol="Material_004-material" target="#Material_004-material"/>
              </technique_common>
            </bind_material>
          </instance_geometry>
        </node>
        <node id="tree-canopy_008" name="tree-canopy_008" type="NODE">
          <matrix sid="transform">-1.92406 8.12738 0.02404048 -5.497501 -8.064067 -1.914478 0.5821787 -16.91959 1.013363 0.1964707 4.678467 2.607695 0 0 0 1</matrix>
          <instance_geometry url="#Icosphere_013-mesh" name="tree-canopy_008">
            <bind_material>
              <technique_common>
                <instance_material symbol="Material_004-material" target="#Material_004-material"/>
              </technique_common>
            </bind_material>
          </instance_geometry>
        </node>
        <node id="tree-canopy_009" name="tree-canopy_009" type="NODE">
          <matrix sid="transform">-5.724263 5.605152 0.3772096 23.89624 -5.562241 -5.734612 0.542578 -20.7353 0.9881378 0.1903209 5.239348 1.86451 0 0 0 1</matrix>
          <instance_geometry url="#Icosphere_014-mesh" name="tree-canopy_009">
            <bind_material>
              <technique_common>
                <instance_material symbol="Material_004-material" target="#Material_004-material"/>
              </technique_common>
            </bind_material>
          </instance_geometry>
        </node>
        <node id="tree-canopy_010" name="tree-canopy_010" type="NODE">
          <matrix sid="transform">-5.912209 5.789186 0.3895946 20.32225 -5.744867 -5.922896 0.5603925 -33.26838 1.020581 0.1965697 5.411372 2.324585 0 0 0 1</matrix>
          <instance_geometry url="#Icosphere_015-mesh" name="tree-canopy_010">
            <bind_material>
              <technique_common>
                <instance_material symbol="Material_004-material" target="#Material_004-material"/>
              </technique_common>
            </bind_material>
          </instance_geometry>
        </node>
        <node id="tree-canopy_011" name="tree-canopy_011" type="NODE">
          <matrix sid="transform">-7.626126 1.814189 1.177446 -3.436672 -1.900296 -7.792528 -0.1023624 -31.01031 1.70682 -0.5700071 5.146901 2.464724 0 0 0 1</matrix>
          <instance_geometry url="#Icosphere_016-mesh" name="tree-canopy_011">
            <bind_material>
              <technique_common>
                <instance_material symbol="Material_004-material" target="#Material_004-material"/>
              </technique_common>
            </bind_material>
          </instance_geometry>
        </node>
      </node>
      <node id="roof-dome" name="roof-dome" type="NODE">
        <matrix sid="transform">-1.08935e-7 -2.492145 0 -0.004822901 2.492145 -1.08935e-7 0 1.786993 0 0 2.492145 1.366658 0 0 0 1</matrix>
        <instance_geometry url="#Icosphere_003-mesh" name="roof-dome">
          <bind_material>
            <technique_common>
              <instance_material symbol="Material_001-material" target="#Material_001-material"/>
            </technique_common>
          </bind_material>
        </instance_geometry>
      </node>
      <node id="tree-trunk_002" name="tree-trunk_002" type="NODE">
        <matrix sid="transform">-0.271941 0.02660577 0 4.277628 0.02660577 0.271941 0 21.72092 0 0 0.2346616 -0.1816979 0 0 0 1</matrix>
        <instance_geometry url="#Cylinder_009-mesh" name="tree-trunk_002">
          <bind_material>
            <technique_common>
              <instance_material symbol="Material_005-material" target="#Material_005-material"/>
            </technique_common>
          </bind_material>
        </instance_geometry>
        <node id="tree-canopy_002" name="tree-canopy_002" type="NODE">
          <matrix sid="transform">3.098213 0.07076535 -0.1574667 -4.76837e-7 -0.1077693 3.08185 -0.2343348 0 0.2668549 0.4230162 1.733569 5.097044 0 0 0 1</matrix>
          <instance_geometry url="#Icosphere_006-mesh" name="tree-canopy_002">
            <bind_material>
              <technique_common>
                <instance_material symbol="Material_004-material" target="#Material_004-material"/>
              </technique_common>
            </bind_material>
          </instance_geometry>
        </node>
      </node>
      <node id="tree-trunk_003" name="tree-trunk_003" type="NODE">
        <matrix sid="transform">-1.19437e-8 -0.2732393 0 -4.221483 0.2732393 -1.19437e-8 0 21.72092 0 0 0.2346616 -0.1816979 0 0 0 1</matrix>
        <instance_geometry url="#Cylinder_010-mesh" name="tree-trunk_003">
          <bind_material>
            <technique_common>
              <instance_material symbol="Material_005-material" target="#Material_005-material"/>
            </technique_common>
          </bind_material>
        </instance_geometry>
        <node id="tree-canopy_003" name="tree-canopy_003" type="NODE">
          <matrix sid="transform">3.098213 0.0707642 -0.1574667 0 -0.1077697 3.08185 -0.2343347 0 0.2668549 0.4230162 1.733569 5.097044 0 0 0 1</matrix>
          <instance_geometry url="#Icosphere_007-mesh" name="tree-canopy_003">
            <bind_material>
              <technique_common>
                <instance_material symbol="Material_004-material" target="#Material_004-material"/>
              </technique_common>
            </bind_material>
          </instance_geometry>
        </node>
      </node>
      <node id="tree-trunk_004" name="tree-trunk_004" type="NODE">
        <matrix sid="transform">-1.19437e-8 -0.2732393 0 -5.36728 0.2732393 -1.19437e-8 0 23.80827 0 0 0.3119481 -0.1816979 0 0 0 1</matrix>
        <instance_geometry url="#Cylinder_011-mesh" name="tree-trunk_004">
          <bind_material>
            <technique_common>
              <instance_material symbol="Material_005-material" target="#Material_005-material"/>
            </technique_common>
          </bind_material>
        </instance_geometry>
        <node id="tree-canopy_004" name="tree-canopy_004" type="NODE">
          <matrix sid="transform">3.098213 0.0707652 -0.1574667 0 -0.1077697 3.08185 -0.2343347 0 0.2668549 0.4230162 1.733569 5.097045 0 0 0 1</matrix>
          <instance_geometry url="#Icosphere_008-mesh" name="tree-canopy_004">
            <bind_material>
              <technique_common>
                <instance_material symbol="Material_004-material" target="#Material_004-material"/>
              </technique_common>
            </bind_material>
          </instance_geometry>
        </node>
      </node>
      <node id="tree-trunk_005" name="tree-trunk_005" type="NODE">
        <matrix sid="transform">-0.271941 0.02660577 0 5.423425 0.02660577 0.271941 0 23.80827 0 0 0.3119481 -0.1816979 0 0 0 1</matrix>
        <instance_geometry url="#Cylinder_012-mesh" name="tree-trunk_005">
          <bind_material>
            <technique_common>
              <instance_material symbol="Material_005-material" target="#Material_005-material"/>
            </technique_common>
          </bind_material>
        </instance_geometry>
        <node id="tree-canopy_005" name="tree-canopy_005" type="NODE">
          <matrix sid="transform">3.098213 0.07076532 -0.1574667 -9.53674e-7 -0.1077699 3.08185 -0.2343347 7.62939e-6 0.2668549 0.4230162 1.733569 5.097045 0 0 0 1</matrix>
          <instance_geometry url="#Icosphere_009-mesh" name="tree-canopy_005">
            <bind_material>
              <technique_common>
                <instance_material symbol="Material_004-material" target="#Material_004-material"/>
              </technique_common>
            </bind_material>
          </instance_geometry>
        </node>
      </node>
      <node id="tree-trunk_006" name="tree-trunk_006" type="NODE">
        <matrix sid="transform">-0.2741911 0.02682592 0 5.765877 0.02682592 0.2741911 0 26.17131 0 0 0.3985332 -0.1816979 0 0 0 1</matrix>
        <instance_geometry url="#Cylinder_013-mesh" name="tree-trunk_006">
          <bind_material>
            <technique_common>
              <instance_material symbol="Material_005-material" target="#Material_005-material"/>
            </technique_common>
          </bind_material>
        </instance_geometry>
        <node id="tree-canopy_006" name="tree-canopy_006" type="NODE">
          <matrix sid="transform">3.098213 0.07076533 -0.1574667 0 -0.1077702 3.08185 -0.2343347 0 0.2668549 0.4230162 1.733569 5.097045 0 0 0 1</matrix>
          <instance_geometry url="#Icosphere_010-mesh" name="tree-canopy_006">
            <bind_material>
              <technique_common>
                <instance_material symbol="Material_004-material" target="#Material_004-material"/>
              </technique_common>
            </bind_material>
          </instance_geometry>
        </node>
      </node>
      <node id="tree-trunk_007" name="tree-trunk_007" type="NODE">
        <matrix sid="transform">-1.20425e-8 -0.2755002 0 -5.709732 0.2755002 -1.20425e-8 0 26.17131 0 0 0.3985332 -0.1816979 0 0 0 1</matrix>
        <instance_geometry url="#Cylinder_014-mesh" name="tree-trunk_007">
          <bind_material>
            <technique_common>
              <instance_material symbol="Material_005-material" target="#Material_005-material"/>
            </technique_common>
          </bind_material>
        </instance_geometry>
        <node id="tree-canopy_007" name="tree-canopy_007" type="NODE">
          <matrix sid="transform">3.098213 0.0707652 -0.1574667 0 -0.1077697 3.08185 -0.2343347 0 0.2668549 0.4230162 1.733569 5.097045 0 0 0 1</matrix>
          <instance_geometry url="#Icosphere_011-mesh" name="tree-canopy_007">
            <bind_material>
              <technique_common>
                <instance_material symbol="Material_004-material" target="#Material_004-material"/>
              </technique_common>
            </bind_material>
          </instance_geometry>
        </node>
      </node>
      <node id="Icosphere_002" name="Icosphere_002" type="NODE">
        <matrix sid="transform">-8.54331e-8 -1.954481 0 -0.004822901 1.954481 -8.54331e-8 0 15.40164 0 0 1.954481 0.06446879 0 0 0 1</matrix>
        <instance_geometry url="#Icosphere_012-mesh" name="Icosphere_002">
          <bind_material>
            <technique_common>
              <instance_material symbol="Material_008-material" target="#Material_008-material"/>
            </technique_common>
          </bind_material>
        </instance_geometry>
      </node>
      <node id="tree-trunk_008" name="tree-trunk_008" type="NODE">
        <matrix sid="transform">-0.3884552 0.03800512 0 4.393698 0.03800512 0.3884552 0 6.668898 0 0 0.4494032 -0.6819869 0 0 0 1</matrix>
        <instance_geometry url="#Cylinder_015-mesh" name="tree-trunk_008">
          <bind_material>
            <technique_common>
              <instance_material symbol="Material_005-material" target="#Material_005-material"/>
            </technique_common>
          </bind_material>
        </instance_geometry>
        <node id="tree-canopy_012" name="tree-canopy_012" type="NODE">
          <matrix sid="transform">3.098213 0.07076547 -0.1574667 9.53674e-7 -0.1077691 3.08185 -0.2343348 0 0.2668548 0.4230162 1.733569 5.097044 0 0 0 1</matrix>
          <instance_geometry url="#Icosphere_017-mesh" name="tree-canopy_012">
            <bind_material>
              <technique_common>
                <instance_material symbol="Material_004-material" target="#Material_004-material"/>
              </technique_common>
            </bind_material>
          </instance_geometry>
        </node>
      </node>
      <node id="tree-trunk_009" name="tree-trunk_009" type="NODE">
        <matrix sid="transform">-1.7061e-8 -0.3903099 0 -4.337551 0.3903099 -1.7061e-8 0 6.668898 0 0 0.4494032 -0.6819869 0 0 0 1</matrix>
        <instance_geometry url="#Cylinder_016-mesh" name="tree-trunk_009">
          <bind_material>
            <technique_common>
              <instance_material symbol="Material_005-material" target="#Material_005-material"/>
            </technique_common>
          </bind_material>
        </instance_geometry>
        <node id="tree-canopy_013" name="tree-canopy_013" type="NODE">
          <matrix sid="transform">3.098213 0.0707652 -0.1574667 0 -0.1077697 3.08185 -0.2343348 0 0.2668548 0.4230162 1.733569 5.097045 0 0 0 1</matrix>
          <instance_geometry url="#Icosphere_018-mesh" name="tree-canopy_013">
            <bind_material>
              <technique_common>
                <instance_material symbol="Material_004-material" target="#Material_004-material"/>
              </technique_common>
            </bind_material>
          </instance_geometry>
        </node>
      </node>
    </visual_scene>
  </library_visual_scenes>
  <scene>
    <instance_visual_scene url="#Galleries"/>
  </scene>
</COLLADA>