<?xml version="1.0" encoding="utf-8"?>
<COLLADA xmlns="http://www.collada.org/2005/11/COLLADASchema" version="1.4.1">
  <asset>
    <contributor>
      <author>Blender User</author>
      <authoring_tool>Blender 2.76.0 commit date:2015-10-11, commit time:06:55, hash:48f7dd6</authoring_tool>
    </contributor>
    <created>2016-05-10T13:48:02</created>
    <modified>2016-05-10T13:48:02</modified>
    <unit name="meter" meter="1"/>
    <up_axis>Z_UP</up_axis>
  </asset>
  <library_images/>
  <library_effects>
    <effect id="foliage-effect">
      <profile_COMMON>
        <technique sid="common">
          <phong>
            <emission>
              <color sid="emission">0 0 0 1</color>
            </emission>
            <ambient>
              <color sid="ambient">0 0 0 1</color>
            </ambient>
            <diffuse>
              <color sid="diffuse">0.0202795 0.07880535 0.01647629 1</color>
            </diffuse>
            <specular>
              <color sid="specular">0.002192196 5.90558e-4 0.06412049 1</color>
            </specular>
            <shininess>
              <float sid="shininess">50</float>
            </shininess>
            <index_of_refraction>
              <float sid="index_of_refraction">1</float>
            </index_of_refraction>
          </phong>
        </technique>
      </profile_COMMON>
    </effect>
    <effect id="bark-effect">
      <profile_COMMON>
        <technique sid="common">
          <phong>
            <emission>
              <color sid="emission">0 0 0 1</color>
            </emission>
            <ambient>
              <color sid="ambient">0 0 0 1</color>
            </ambient>
            <diffuse>
              <color sid="diffuse">0.1430913 0.02996984 0.01767683 1</color>
            </diffuse>
            <specular>
              <color sid="specular">0.02222781 0.02222781 0.02222781 1</color>
            </specular>
            <shininess>
              <float sid="shininess">5</float>
            </shininess>
            <index_of_refraction>
              <float sid="index_of_refraction">1</float>
            </index_of_refraction>
          </phong>
        </technique>
      </profile_COMMON>
    </effect>
  </library_effects>
  <library_materials>
    <material id="foliage-material" name="foliage">
      <instance_effect url="#foliage-effect"/>
    </material>
    <material id="bark-material" name="bark">
      <instance_effect url="#bark-effect"/>
    </material>
  </library_materials>
  <library_geometries>
    <geometry id="Icosphere-mesh" name="Icosphere">
      <mesh>
        <source id="Icosphere-mesh-positions">
          <float_array id="Icosphere-mesh-positions-array" count="126">-0.9977992 0.4766493 -0.6068096 -0.2741921 -0.04907608 -0.05402898 -1.274187 -1.537332 -0.05402946 -1.892225 0.4766493 -0.05402517 -3.462705 3.433971 -0.05402946 -0.2741921 1.002375 -0.05402898 -0.721411 -1.355797 0.8404102 -1.721406 -0.04907608 0.8404102 -2.86479 1.002375 0.8404102 -0.721411 1.922208 0.8404102 1.771833 0.4766493 0.840406 -1.221181 0.4766493 1.39319 -1.160255 -0.02334594 -0.457464 -0.5724766 0.1676378 -0.4574638 -0.7349303 -0.3323622 -0.1325473 -0.1471512 0.4766493 -0.1325454 -0.5724766 0.7856608 -0.4574638 -1.523529 0.4766493 -0.4574614 -1.685989 -1.186679 -0.1325459 -3.348772 3.083318 -0.457464 -3.874506 3.08332 -0.1325459 -0.7349303 1.285661 -0.1325473 1.828464 0.1676368 0.3931904 0.8167055 1.812475 0.3931904 -0.9977992 -0.5233507 0.3931904 -0.4100134 -1.314164 0.3931904 -1.948857 0.1676368 0.3931904 -1.585585 -1.495699 0.3931904 -1.585585 1.285666 0.3931904 -1.948857 0.7856617 0.3931904 0.4534338 2.312479 0.3931904 -0.9977992 1.476649 0.3931904 1.565596 -1.005145 0.9189267 -1.260668 -0.3323622 0.9189282 -2.991831 0.4766493 0.9189262 -1.260668 1.88057 0.9189282 0.5538366 2.00346 0.9189267 -0.8353436 -0.02334594 1.243845 -0.695451 0.4766493 1.243842 -1.423122 0.1676378 1.243844 -2.566506 0.7856608 1.243844 -1.058726 1.571554 1.243845</float_array>
          <technique_common>
            <accessor source="#Icosphere-mesh-positions-array" count="42" stride="3">
              <param name="X" type="float"/>
              <param name="Y" type="float"/>
              <param name="Z" type="float"/>
            </accessor>
          </technique_common>
        </source>
        <source id="Icosphere-mesh-normals">
          <float_array id="Icosphere-mesh-normals-array" count="240">0.102381 -0.31509 -0.9435234 0.700224 -0.2680322 -0.6616988 -0.2680339 -0.1947367 -0.9435229 -0.2683963 -0.1879375 -0.9447979 0.1794277 0.2168051 -0.9595839 0.2233203 -0.1965519 -0.9547227 0.8770332 -0.3727455 0.3031067 -0.973432 -0.1112484 -0.2001354 -0.2063653 0.02331912 0.9781971 0.2685756 0.1742303 -0.9473706 0.2291762 -0.3462042 -0.9097368 0.7194833 -0.4349287 0.541462 -0.9920775 0 -0.1256272 -0.0519334 0.1598345 0.9857768 0.2529374 0.1837686 -0.9498693 0.01142507 -0.2888709 0.9572999 -0.4712994 -0.5831223 0.6616988 -0.7002238 0.2680314 0.6616992 0.0413891 0.736714 0.6749367 0.1608828 0.07774215 0.9839069 0.272149 0.09029293 0.9580096 0.1816284 0.06025928 0.9815193 -0.08774262 0.7870029 0.6106783 -0.07600581 0.1458208 0.9863871 -0.3062146 0.5874899 0.7490583 -0.3917183 0.6580192 0.6430922 -0.1788664 -0.3309151 0.9265539 -0.2688158 -0.4973273 0.8248659 -0.2726215 -0.7489863 0.6039016 -0.1194626 -0.3676589 0.9222558 -0.1875945 -0.5773453 0.7946577 -0.4355787 -0.2947625 0.8505212 0.2724707 -0.07622838 0.9591398 0.1204838 -0.03370422 0.992143 0.1612994 0.02982282 0.9864549 0.7750267 0.6097312 0.1660166 0.7946557 0.5773475 0.1875954 -0.0860939 0.8516339 0.517018 -0.1520426 0.7455769 -0.6488437 -0.2313857 0.7121315 -0.6628193 -0.3655798 0.7204616 -0.5893103 -0.4436736 -0.02657163 -0.8957946 -0.4501213 0 -0.8929675 -0.3839411 -0.8923812 -0.2371608 -0.3400988 -0.3067491 0.8889533 0.7286958 -0.4404975 0.5243705 -0.8596048 -0.4319992 -0.2728669 0.1510968 -0.9884309 0.01319295 0.2946514 -0.4451141 -0.8456086 0.9701309 -0.123974 0.2085105 -0.4364027 0.7577165 -0.4851995 -0.4346489 0.7546713 -0.4914792 0.6189709 0.7850379 0.02429878 -0.3704097 0.2691162 -0.8890293 -0.1439093 0.1045556 0.984052 -0.7640072 -0.572009 0.2984942 -0.9091246 -0.1985524 0.3661552 -0.9751492 -0.212972 0.06104981 -0.5746017 -0.7487838 -0.3303875 -0.6838386 -0.5082749 -0.5234706 -0.6827307 -0.5074514 -0.5257109 0.3598932 -0.345072 -0.8668347 0.8255165 0.5077845 -0.2463282 0.278283 0.1711751 -0.9451231 0.2408056 0.2000324 -0.9497367 0.4713 0.5831221 -0.6616985 0.481789 0.5821534 -0.6549632 0.541431 0.7042548 -0.4592143 -0.4089455 0.628426 -0.6616982 -0.4933604 -0.3454619 -0.7982804 -0.6380791 -0.5028024 -0.5831338 -0.7368633 -0.05957418 -0.6734118 -0.2274457 -0.165247 -0.9596676 -0.03290963 -0.2550344 -0.9663718 0.700224 0.2680322 -0.6616988 0.6070603 0 -0.7946558 0.3313047 0 -0.9435238 0.4591985 -0.2608377 -0.8491764 0.1875942 -0.5773454 -0.7946578 0.4713 -0.5831221 -0.6616985</float_array>
          <technique_common>
            <accessor source="#Icosphere-mesh-normals-array" count="80" stride="3">
              <param name="X" type="float"/>
              <param name="Y" type="float"/>
              <param name="Z" type="float"/>
            </accessor>
          </technique_common>
        </source>
        <vertices id="Icosphere-mesh-vertices">
          <input semantic="POSITION" source="#Icosphere-mesh-positions"/>
        </vertices>
        <polylist material="foliage-material" count="80">
          <input semantic="VERTEX" source="#Icosphere-mesh-vertices" offset="0"/>
          <input semantic="NORMAL" source="#Icosphere-mesh-normals" offset="1"/>
          <vcount>3 3 3 3 3 3 3 3 3 3 3 3 3 3 3 3 3 3 3 3 3 3 3 3 3 3 3 3 3 3 3 3 3 3 3 3 3 3 3 3 3 3 3 3 3 3 3 3 3 3 3 3 3 3 3 3 3 3 3 3 3 3 3 3 3 3 3 3 3 3 3 3 3 3 3 3 3 3 3 3 </vcount>
          <p>0 0 13 0 12 0 1 1 13 1 15 1 0 2 12 2 17 2 0 3 17 3 19 3 0 4 19 4 16 4 1 5 15 5 22 5 2 6 14 6 24 6 3 7 18 7 26 7 4 8 20 8 28 8 5 9 21 9 30 9 1 10 22 10 25 10 2 11 24 11 27 11 3 12 26 12 29 12 4 13 28 13 31 13 5 14 30 14 23 14 6 15 32 15 37 15 7 16 33 16 39 16 8 17 34 17 40 17 9 18 35 18 41 18 10 19 36 19 38 19 38 20 41 20 11 20 38 21 36 21 41 21 36 22 9 22 41 22 41 23 40 23 11 23 41 24 35 24 40 24 35 25 8 25 40 25 40 26 39 26 11 26 40 27 34 27 39 27 34 28 7 28 39 28 39 29 37 29 11 29 39 30 33 30 37 30 33 31 6 31 37 31 37 32 38 32 11 32 37 33 32 33 38 33 32 34 10 34 38 34 23 35 36 35 10 35 23 36 30 36 36 36 30 37 9 37 36 37 31 38 35 38 9 38 31 39 28 39 35 39 28 40 8 40 35 40 29 41 34 41 8 41 29 42 26 42 34 42 26 43 7 43 34 43 27 44 33 44 7 44 27 45 24 45 33 45 24 46 6 46 33 46 25 47 32 47 6 47 25 48 22 48 32 48 22 49 10 49 32 49 30 50 31 50 9 50 30 51 21 51 31 51 21 52 4 52 31 52 28 53 29 53 8 53 28 54 20 54 29 54 20 55 3 55 29 55 26 56 27 56 7 56 26 57 18 57 27 57 18 58 2 58 27 58 24 59 25 59 6 59 24 60 14 60 25 60 14 61 1 61 25 61 22 62 23 62 10 62 22 63 15 63 23 63 15 64 5 64 23 64 16 65 21 65 5 65 16 66 19 66 21 66 19 67 4 67 21 67 19 68 20 68 4 68 19 69 17 69 20 69 17 70 3 70 20 70 17 71 18 71 3 71 17 72 12 72 18 72 12 73 2 73 18 73 15 74 16 74 5 74 15 75 13 75 16 75 13 76 0 76 16 76 12 77 14 77 2 77 12 78 13 78 14 78 13 79 1 79 14 79</p>
        </polylist>
      </mesh>
    </geometry>
    <geometry id="Icosphere_001-mesh" name="Icosphere.001">
      <mesh>
        <source id="Icosphere_001-mesh-positions">
          <float_array id="Icosphere_001-mesh-positions-array" count="126">-0.9977992 0.4766493 -0.6068096 -0.2741921 -0.04907608 -0.05402898 -1.274187 -1.537332 -0.05402946 -1.892225 0.4766493 -0.05402517 -3.462705 3.433971 -0.05402946 -0.2741921 1.002375 -0.05402898 -0.721411 -1.355797 0.8404102 -1.721406 -0.04907608 0.8404102 -2.86479 1.002375 0.8404102 -0.721411 1.922208 0.8404102 1.771833 0.4766493 0.840406 -1.221181 0.4766493 1.39319 -1.160255 -0.02334594 -0.457464 -0.5724766 0.1676378 -0.4574638 -0.7349303 -0.3323622 -0.1325473 -0.1471512 0.4766493 -0.1325454 -0.5724766 0.7856608 -0.4574638 -1.523529 0.4766493 -0.4574614 -1.685989 -1.186679 -0.1325459 -3.348772 3.083318 -0.457464 -3.874506 3.08332 -0.1325459 -0.7349303 1.285661 -0.1325473 1.828464 0.1676368 0.3931904 0.8167055 1.812475 0.3931904 -0.9977992 -0.5233507 0.3931904 -0.4100134 -1.314164 0.3931904 -1.948857 0.1676368 0.3931904 -1.585585 -1.495699 0.3931904 -1.585585 1.285666 0.3931904 -1.948857 0.7856617 0.3931904 0.4534338 2.312479 0.3931904 -0.9977992 1.476649 0.3931904 1.565596 -1.005145 0.9189267 -1.260668 -0.3323622 0.9189282 -2.991831 0.4766493 0.9189262 -1.260668 1.88057 0.9189282 0.5538366 2.00346 0.9189267 -0.8353436 -0.02334594 1.243845 -0.695451 0.4766493 1.243842 -1.423122 0.1676378 1.243844 -2.566506 0.7856608 1.243844 -1.058726 1.571554 1.243845</float_array>
          <technique_common>
            <accessor source="#Icosphere_001-mesh-positions-array" count="42" stride="3">
              <param name="X" type="float"/>
              <param name="Y" type="float"/>
              <param name="Z" type="float"/>
            </accessor>
          </technique_common>
        </source>
        <source id="Icosphere_001-mesh-normals">
          <float_array id="Icosphere_001-mesh-normals-array" count="240">0.102381 -0.31509 -0.9435234 0.700224 -0.2680322 -0.6616988 -0.2680339 -0.1947367 -0.9435229 -0.2683963 -0.1879375 -0.9447979 0.1794277 0.2168051 -0.9595839 0.2233203 -0.1965519 -0.9547227 0.8770332 -0.3727455 0.3031067 -0.973432 -0.1112484 -0.2001354 -0.2063653 0.02331912 0.9781971 0.2685756 0.1742303 -0.9473706 0.2291762 -0.3462042 -0.9097368 0.7194833 -0.4349287 0.541462 -0.9920775 0 -0.1256272 -0.0519334 0.1598345 0.9857768 0.2529374 0.1837686 -0.9498693 0.01142507 -0.2888709 0.9572999 -0.4712994 -0.5831223 0.6616988 -0.7002238 0.2680314 0.6616992 0.0413891 0.736714 0.6749367 0.1608828 0.07774215 0.9839069 0.272149 0.09029293 0.9580096 0.1816284 0.06025928 0.9815193 -0.08774262 0.7870029 0.6106783 -0.07600581 0.1458208 0.9863871 -0.3062146 0.5874899 0.7490583 -0.3917183 0.6580192 0.6430922 -0.1788664 -0.3309151 0.9265539 -0.2688158 -0.4973273 0.8248659 -0.2726215 -0.7489863 0.6039016 -0.1194626 -0.3676589 0.9222558 -0.1875945 -0.5773453 0.7946577 -0.4355787 -0.2947625 0.8505212 0.2724707 -0.07622838 0.9591398 0.1204838 -0.03370422 0.992143 0.1612994 0.02982282 0.9864549 0.7750267 0.6097312 0.1660166 0.7946557 0.5773475 0.1875954 -0.0860939 0.8516339 0.517018 -0.1520426 0.7455769 -0.6488437 -0.2313857 0.7121315 -0.6628193 -0.3655798 0.7204616 -0.5893103 -0.4436736 -0.02657163 -0.8957946 -0.4501213 0 -0.8929675 -0.3839411 -0.8923812 -0.2371608 -0.3400988 -0.3067491 0.8889533 0.7286958 -0.4404975 0.5243705 -0.8596048 -0.4319992 -0.2728669 0.1510968 -0.9884309 0.01319295 0.2946514 -0.4451141 -0.8456086 0.9701309 -0.123974 0.2085105 -0.4364027 0.7577165 -0.4851995 -0.4346489 0.7546713 -0.4914792 0.6189709 0.7850379 0.02429878 -0.3704097 0.2691162 -0.8890293 -0.1439093 0.1045556 0.984052 -0.7640072 -0.572009 0.2984942 -0.9091246 -0.1985524 0.3661552 -0.9751492 -0.212972 0.06104981 -0.5746017 -0.7487838 -0.3303875 -0.6838386 -0.5082749 -0.5234706 -0.6827307 -0.5074514 -0.5257109 0.3598932 -0.345072 -0.8668347 0.8255165 0.5077845 -0.2463282 0.278283 0.1711751 -0.9451231 0.2408056 0.2000324 -0.9497367 0.4713 0.5831221 -0.6616985 0.481789 0.5821534 -0.6549632 0.541431 0.7042548 -0.4592143 -0.4089455 0.628426 -0.6616982 -0.4933604 -0.3454619 -0.7982804 -0.6380791 -0.5028024 -0.5831338 -0.7368633 -0.05957418 -0.6734118 -0.2274457 -0.165247 -0.9596676 -0.03290963 -0.2550344 -0.9663718 0.700224 0.2680322 -0.6616988 0.6070603 0 -0.7946558 0.3313047 0 -0.9435238 0.4591985 -0.2608377 -0.8491764 0.1875942 -0.5773454 -0.7946578 0.4713 -0.5831221 -0.6616985</float_array>
          <technique_common>
            <accessor source="#Icosphere_001-mesh-normals-array" count="80" stride="3">
              <param name="X" type="float"/>
              <param name="Y" type="float"/>
              <param name="Z" type="float"/>
            </accessor>
          </technique_common>
        </source>
        <vertices id="Icosphere_001-mesh-vertices">
          <input semantic="POSITION" source="#Icosphere_001-mesh-positions"/>
        </vertices>
        <polylist material="foliage-material" count="80">
          <input semantic="VERTEX" source="#Icosphere_001-mesh-vertices" offset="0"/>
          <input semantic="NORMAL" source="#Icosphere_001-mesh-normals" offset="1"/>
          <vcount>3 3 3 3 3 3 3 3 3 3 3 3 3 3 3 3 3 3 3 3 3 3 3 3 3 3 3 3 3 3 3 3 3 3 3 3 3 3 3 3 3 3 3 3 3 3 3 3 3 3 3 3 3 3 3 3 3 3 3 3 3 3 3 3 3 3 3 3 3 3 3 3 3 3 3 3 3 3 3 3 </vcount>
          <p>0 0 13 0 12 0 1 1 13 1 15 1 0 2 12 2 17 2 0 3 17 3 19 3 0 4 19 4 16 4 1 5 15 5 22 5 2 6 14 6 24 6 3 7 18 7 26 7 4 8 20 8 28 8 5 9 21 9 30 9 1 10 22 10 25 10 2 11 24 11 27 11 3 12 26 12 29 12 4 13 28 13 31 13 5 14 30 14 23 14 6 15 32 15 37 15 7 16 33 16 39 16 8 17 34 17 40 17 9 18 35 18 41 18 10 19 36 19 38 19 38 20 41 20 11 20 38 21 36 21 41 21 36 22 9 22 41 22 41 23 40 23 11 23 41 24 35 24 40 24 35 25 8 25 40 25 40 26 39 26 11 26 40 27 34 27 39 27 34 28 7 28 39 28 39 29 37 29 11 29 39 30 33 30 37 30 33 31 6 31 37 31 37 32 38 32 11 32 37 33 32 33 38 33 32 34 10 34 38 34 23 35 36 35 10 35 23 36 30 36 36 36 30 37 9 37 36 37 31 38 35 38 9 38 31 39 28 39 35 39 28 40 8 40 35 40 29 41 34 41 8 41 29 42 26 42 34 42 26 43 7 43 34 43 27 44 33 44 7 44 27 45 24 45 33 45 24 46 6 46 33 46 25 47 32 47 6 47 25 48 22 48 32 48 22 49 10 49 32 49 30 50 31 50 9 50 30 51 21 51 31 51 21 52 4 52 31 52 28 53 29 53 8 53 28 54 20 54 29 54 20 55 3 55 29 55 26 56 27 56 7 56 26 57 18 57 27 57 18 58 2 58 27 58 24 59 25 59 6 59 24 60 14 60 25 60 14 61 1 61 25 61 22 62 23 62 10 62 22 63 15 63 23 63 15 64 5 64 23 64 16 65 21 65 5 65 16 66 19 66 21 66 19 67 4 67 21 67 19 68 20 68 4 68 19 69 17 69 20 69 17 70 3 70 20 70 17 71 18 71 3 71 17 72 12 72 18 72 12 73 2 73 18 73 15 74 16 74 5 74 15 75 13 75 16 75 13 76 0 76 16 76 12 77 14 77 2 77 12 78 13 78 14 78 13 79 1 79 14 79</p>
        </polylist>
      </mesh>
    </geometry>
    <geometry id="Icosphere_002-mesh" name="Icosphere.002">
      <mesh>
        <source id="Icosphere_002-mesh-positions">
          <float_array id="Icosphere_002-mesh-positions-array" count="126">-0.9977992 0.4766493 -0.6068096 -0.2741921 -0.04907608 -0.05402898 -1.274187 -1.537332 -0.05402946 -1.892225 0.4766493 -0.05402517 -3.462705 3.433971 -0.05402946 -0.2741921 1.002375 -0.05402898 -0.721411 -1.355797 0.8404102 -1.721406 -0.04907608 0.8404102 -2.86479 1.002375 0.8404102 -0.721411 1.922208 0.8404102 1.771833 0.4766493 0.840406 -1.221181 0.4766493 1.39319 -1.160255 -0.02334594 -0.457464 -0.5724766 0.1676378 -0.4574638 -0.7349303 -0.3323622 -0.1325473 -0.1471512 0.4766493 -0.1325454 -0.5724766 0.7856608 -0.4574638 -1.523529 0.4766493 -0.4574614 -1.685989 -1.186679 -0.1325459 -3.348772 3.083318 -0.457464 -3.874506 3.08332 -0.1325459 -0.7349303 1.285661 -0.1325473 1.828464 0.1676368 0.3931904 0.8167055 1.812475 0.3931904 -0.9977992 -0.5233507 0.3931904 -0.4100134 -1.314164 0.3931904 -1.948857 0.1676368 0.3931904 -1.585585 -1.495699 0.3931904 -1.585585 1.285666 0.3931904 -1.948857 0.7856617 0.3931904 0.4534338 2.312479 0.3931904 -0.9977992 1.476649 0.3931904 1.565596 -1.005145 0.9189267 -1.260668 -0.3323622 0.9189282 -2.991831 0.4766493 0.9189262 -1.260668 1.88057 0.9189282 0.5538366 2.00346 0.9189267 -0.8353436 -0.02334594 1.243845 -0.695451 0.4766493 1.243842 -1.423122 0.1676378 1.243844 -2.566506 0.7856608 1.243844 -1.058726 1.571554 1.243845</float_array>
          <technique_common>
            <accessor source="#Icosphere_002-mesh-positions-array" count="42" stride="3">
              <param name="X" type="float"/>
              <param name="Y" type="float"/>
              <param name="Z" type="float"/>
            </accessor>
          </technique_common>
        </source>
        <source id="Icosphere_002-mesh-normals">
          <float_array id="Icosphere_002-mesh-normals-array" count="240">0.102381 -0.31509 -0.9435234 0.700224 -0.2680322 -0.6616988 -0.2680339 -0.1947367 -0.9435229 -0.2683963 -0.1879375 -0.9447979 0.1794277 0.2168051 -0.9595839 0.2233203 -0.1965519 -0.9547227 0.8770332 -0.3727455 0.3031067 -0.973432 -0.1112484 -0.2001354 -0.2063653 0.02331912 0.9781971 0.2685756 0.1742303 -0.9473706 0.2291762 -0.3462042 -0.9097368 0.7194833 -0.4349287 0.541462 -0.9920775 0 -0.1256272 -0.0519334 0.1598345 0.9857768 0.2529374 0.1837686 -0.9498693 0.01142507 -0.2888709 0.9572999 -0.4712994 -0.5831223 0.6616988 -0.7002238 0.2680314 0.6616992 0.0413891 0.736714 0.6749367 0.1608828 0.07774215 0.9839069 0.272149 0.09029293 0.9580096 0.1816284 0.06025928 0.9815193 -0.08774262 0.7870029 0.6106783 -0.07600581 0.1458208 0.9863871 -0.3062146 0.5874899 0.7490583 -0.3917183 0.6580192 0.6430922 -0.1788664 -0.3309151 0.9265539 -0.2688158 -0.4973273 0.8248659 -0.2726215 -0.7489863 0.6039016 -0.1194626 -0.3676589 0.9222558 -0.1875945 -0.5773453 0.7946577 -0.4355787 -0.2947625 0.8505212 0.2724707 -0.07622838 0.9591398 0.1204838 -0.03370422 0.992143 0.1612994 0.02982282 0.9864549 0.7750267 0.6097312 0.1660166 0.7946557 0.5773475 0.1875954 -0.0860939 0.8516339 0.517018 -0.1520426 0.7455769 -0.6488437 -0.2313857 0.7121315 -0.6628193 -0.3655798 0.7204616 -0.5893103 -0.4436736 -0.02657163 -0.8957946 -0.4501213 0 -0.8929675 -0.3839411 -0.8923812 -0.2371608 -0.3400988 -0.3067491 0.8889533 0.7286958 -0.4404975 0.5243705 -0.8596048 -0.4319992 -0.2728669 0.1510968 -0.9884309 0.01319295 0.2946514 -0.4451141 -0.8456086 0.9701309 -0.123974 0.2085105 -0.4364027 0.7577165 -0.4851995 -0.4346489 0.7546713 -0.4914792 0.6189709 0.7850379 0.02429878 -0.3704097 0.2691162 -0.8890293 -0.1439093 0.1045556 0.984052 -0.7640072 -0.572009 0.2984942 -0.9091246 -0.1985524 0.3661552 -0.9751492 -0.212972 0.06104981 -0.5746017 -0.7487838 -0.3303875 -0.6838386 -0.5082749 -0.5234706 -0.6827307 -0.5074514 -0.5257109 0.3598932 -0.345072 -0.8668347 0.8255165 0.5077845 -0.2463282 0.278283 0.1711751 -0.9451231 0.2408056 0.2000324 -0.9497367 0.4713 0.5831221 -0.6616985 0.481789 0.5821534 -0.6549632 0.541431 0.7042548 -0.4592143 -0.4089455 0.628426 -0.6616982 -0.4933604 -0.3454619 -0.7982804 -0.6380791 -0.5028024 -0.5831338 -0.7368633 -0.05957418 -0.6734118 -0.2274457 -0.165247 -0.9596676 -0.03290963 -0.2550344 -0.9663718 0.700224 0.2680322 -0.6616988 0.6070603 0 -0.7946558 0.3313047 0 -0.9435238 0.4591985 -0.2608377 -0.8491764 0.1875942 -0.5773454 -0.7946578 0.4713 -0.5831221 -0.6616985</float_array>
          <technique_common>
            <accessor source="#Icosphere_002-mesh-normals-array" count="80" stride="3">
              <param name="X" type="float"/>
              <param name="Y" type="float"/>
              <param name="Z" type="float"/>
            </accessor>
          </technique_common>
        </source>
        <vertices id="Icosphere_002-mesh-vertices">
          <input semantic="POSITION" source="#Icosphere_002-mesh-positions"/>
        </vertices>
        <polylist material="foliage-material" count="80">
          <input semantic="VERTEX" source="#Icosphere_002-mesh-vertices" offset="0"/>
          <input semantic="NORMAL" source="#Icosphere_002-mesh-normals" offset="1"/>
          <vcount>3 3 3 3 3 3 3 3 3 3 3 3 3 3 3 3 3 3 3 3 3 3 3 3 3 3 3 3 3 3 3 3 3 3 3 3 3 3 3 3 3 3 3 3 3 3 3 3 3 3 3 3 3 3 3 3 3 3 3 3 3 3 3 3 3 3 3 3 3 3 3 3 3 3 3 3 3 3 3 3 </vcount>
          <p>0 0 13 0 12 0 1 1 13 1 15 1 0 2 12 2 17 2 0 3 17 3 19 3 0 4 19 4 16 4 1 5 15 5 22 5 2 6 14 6 24 6 3 7 18 7 26 7 4 8 20 8 28 8 5 9 21 9 30 9 1 10 22 10 25 10 2 11 24 11 27 11 3 12 26 12 29 12 4 13 28 13 31 13 5 14 30 14 23 14 6 15 32 15 37 15 7 16 33 16 39 16 8 17 34 17 40 17 9 18 35 18 41 18 10 19 36 19 38 19 38 20 41 20 11 20 38 21 36 21 41 21 36 22 9 22 41 22 41 23 40 23 11 23 41 24 35 24 40 24 35 25 8 25 40 25 40 26 39 26 11 26 40 27 34 27 39 27 34 28 7 28 39 28 39 29 37 29 11 29 39 30 33 30 37 30 33 31 6 31 37 31 37 32 38 32 11 32 37 33 32 33 38 33 32 34 10 34 38 34 23 35 36 35 10 35 23 36 30 36 36 36 30 37 9 37 36 37 31 38 35 38 9 38 31 39 28 39 35 39 28 40 8 40 35 40 29 41 34 41 8 41 29 42 26 42 34 42 26 43 7 43 34 43 27 44 33 44 7 44 27 45 24 45 33 45 24 46 6 46 33 46 25 47 32 47 6 47 25 48 22 48 32 48 22 49 10 49 32 49 30 50 31 50 9 50 30 51 21 51 31 51 21 52 4 52 31 52 28 53 29 53 8 53 28 54 20 54 29 54 20 55 3 55 29 55 26 56 27 56 7 56 26 57 18 57 27 57 18 58 2 58 27 58 24 59 25 59 6 59 24 60 14 60 25 60 14 61 1 61 25 61 22 62 23 62 10 62 22 63 15 63 23 63 15 64 5 64 23 64 16 65 21 65 5 65 16 66 19 66 21 66 19 67 4 67 21 67 19 68 20 68 4 68 19 69 17 69 20 69 17 70 3 70 20 70 17 71 18 71 3 71 17 72 12 72 18 72 12 73 2 73 18 73 15 74 16 74 5 74 15 75 13 75 16 75 13 76 0 76 16 76 12 77 14 77 2 77 12 78 13 78 14 78 13 79 1 79 14 79</p>
        </polylist>
      </mesh>
    </geometry>
    <geometry id="Icosphere_003-mesh" name="Icosphere.003">
      <mesh>
        <source id="Icosphere_003-mesh-positions">
          <float_array id="Icosphere_003-mesh-positions-array" count="126">-0.9977992 0.4766493 -0.6068096 -0.2741921 -0.04907608 -0.05402898 -1.274187 -1.537332 -0.05402946 -1.892225 0.4766493 -0.05402517 -3.462705 3.433971 -0.05402946 -0.2741921 1.002375 -0.05402898 -0.721411 -1.355797 0.8404102 -1.721406 -0.04907608 0.8404102 -2.86479 1.002375 0.8404102 -0.721411 1.922208 0.8404102 1.771833 0.4766493 0.840406 -1.221181 0.4766493 1.39319 -1.160255 -0.02334594 -0.457464 -0.5724766 0.1676378 -0.4574638 -0.7349303 -0.3323622 -0.1325473 -0.1471512 0.4766493 -0.1325454 -0.5724766 0.7856608 -0.4574638 -1.523529 0.4766493 -0.4574614 -1.685989 -1.186679 -0.1325459 -3.348772 3.083318 -0.457464 -3.874506 3.08332 -0.1325459 -0.7349303 1.285661 -0.1325473 1.828464 0.1676368 0.3931904 0.8167055 1.812475 0.3931904 -0.9977992 -0.5233507 0.3931904 -0.4100134 -1.314164 0.3931904 -1.948857 0.1676368 0.3931904 -1.585585 -1.495699 0.3931904 -1.585585 1.285666 0.3931904 -1.948857 0.7856617 0.3931904 0.4534338 2.312479 0.3931904 -0.9977992 1.476649 0.3931904 1.565596 -1.005145 0.9189267 -1.260668 -0.3323622 0.9189282 -2.991831 0.4766493 0.9189262 -1.260668 1.88057 0.9189282 0.5538366 2.00346 0.9189267 -0.8353436 -0.02334594 1.243845 -0.695451 0.4766493 1.243842 -1.423122 0.1676378 1.243844 -2.566506 0.7856608 1.243844 -1.058726 1.571554 1.243845</float_array>
          <technique_common>
            <accessor source="#Icosphere_003-mesh-positions-array" count="42" stride="3">
              <param name="X" type="float"/>
              <param name="Y" type="float"/>
              <param name="Z" type="float"/>
            </accessor>
          </technique_common>
        </source>
        <source id="Icosphere_003-mesh-normals">
          <float_array id="Icosphere_003-mesh-normals-array" count="240">0.102381 -0.31509 -0.9435234 0.700224 -0.2680322 -0.6616988 -0.2680339 -0.1947367 -0.9435229 -0.2683963 -0.1879375 -0.9447979 0.1794277 0.2168051 -0.9595839 0.2233203 -0.1965519 -0.9547227 0.8770332 -0.3727455 0.3031067 -0.973432 -0.1112484 -0.2001354 -0.2063653 0.02331912 0.9781971 0.2685756 0.1742303 -0.9473706 0.2291762 -0.3462042 -0.9097368 0.7194833 -0.4349287 0.541462 -0.9920775 0 -0.1256272 -0.0519334 0.1598345 0.9857768 0.2529374 0.1837686 -0.9498693 0.01142507 -0.2888709 0.9572999 -0.4712994 -0.5831223 0.6616988 -0.7002238 0.2680314 0.6616992 0.0413891 0.736714 0.6749367 0.1608828 0.07774215 0.9839069 0.272149 0.09029293 0.9580096 0.1816284 0.06025928 0.9815193 -0.08774262 0.7870029 0.6106783 -0.07600581 0.1458208 0.9863871 -0.3062146 0.5874899 0.7490583 -0.3917183 0.6580192 0.6430922 -0.1788664 -0.3309151 0.9265539 -0.2688158 -0.4973273 0.8248659 -0.2726215 -0.7489863 0.6039016 -0.1194626 -0.3676589 0.9222558 -0.1875945 -0.5773453 0.7946577 -0.4355787 -0.2947625 0.8505212 0.2724707 -0.07622838 0.9591398 0.1204838 -0.03370422 0.992143 0.1612994 0.02982282 0.9864549 0.7750267 0.6097312 0.1660166 0.7946557 0.5773475 0.1875954 -0.0860939 0.8516339 0.517018 -0.1520426 0.7455769 -0.6488437 -0.2313857 0.7121315 -0.6628193 -0.3655798 0.7204616 -0.5893103 -0.4436736 -0.02657163 -0.8957946 -0.4501213 0 -0.8929675 -0.3839411 -0.8923812 -0.2371608 -0.3400988 -0.3067491 0.8889533 0.7286958 -0.4404975 0.5243705 -0.8596048 -0.4319992 -0.2728669 0.1510968 -0.9884309 0.01319295 0.2946514 -0.4451141 -0.8456086 0.9701309 -0.123974 0.2085105 -0.4364027 0.7577165 -0.4851995 -0.4346489 0.7546713 -0.4914792 0.6189709 0.7850379 0.02429878 -0.3704097 0.2691162 -0.8890293 -0.1439093 0.1045556 0.984052 -0.7640072 -0.572009 0.2984942 -0.9091246 -0.1985524 0.3661552 -0.9751492 -0.212972 0.06104981 -0.5746017 -0.7487838 -0.3303875 -0.6838386 -0.5082749 -0.5234706 -0.6827307 -0.5074514 -0.5257109 0.3598932 -0.345072 -0.8668347 0.8255165 0.5077845 -0.2463282 0.278283 0.1711751 -0.9451231 0.2408056 0.2000324 -0.9497367 0.4713 0.5831221 -0.6616985 0.481789 0.5821534 -0.6549632 0.541431 0.7042548 -0.4592143 -0.4089455 0.628426 -0.6616982 -0.4933604 -0.3454619 -0.7982804 -0.6380791 -0.5028024 -0.5831338 -0.7368633 -0.05957418 -0.6734118 -0.2274457 -0.165247 -0.9596676 -0.03290963 -0.2550344 -0.9663718 0.700224 0.2680322 -0.6616988 0.6070603 0 -0.7946558 0.3313047 0 -0.9435238 0.4591985 -0.2608377 -0.8491764 0.1875942 -0.5773454 -0.7946578 0.4713 -0.5831221 -0.6616985</float_array>
          <technique_common>
            <accessor source="#Icosphere_003-mesh-normals-array" count="80" stride="3">
              <param name="X" type="float"/>
              <param name="Y" type="float"/>
              <param name="Z" type="float"/>
            </accessor>
          </technique_common>
        </source>
        <vertices id="Icosphere_003-mesh-vertices">
          <input semantic="POSITION" source="#Icosphere_003-mesh-positions"/>
        </vertices>
        <polylist material="foliage-material" count="80">
          <input semantic="VERTEX" source="#Icosphere_003-mesh-vertices" offset="0"/>
          <input semantic="NORMAL" source="#Icosphere_003-mesh-normals" offset="1"/>
          <vcount>3 3 3 3 3 3 3 3 3 3 3 3 3 3 3 3 3 3 3 3 3 3 3 3 3 3 3 3 3 3 3 3 3 3 3 3 3 3 3 3 3 3 3 3 3 3 3 3 3 3 3 3 3 3 3 3 3 3 3 3 3 3 3 3 3 3 3 3 3 3 3 3 3 3 3 3 3 3 3 3 </vcount>
          <p>0 0 13 0 12 0 1 1 13 1 15 1 0 2 12 2 17 2 0 3 17 3 19 3 0 4 19 4 16 4 1 5 15 5 22 5 2 6 14 6 24 6 3 7 18 7 26 7 4 8 20 8 28 8 5 9 21 9 30 9 1 10 22 10 25 10 2 11 24 11 27 11 3 12 26 12 29 12 4 13 28 13 31 13 5 14 30 14 23 14 6 15 32 15 37 15 7 16 33 16 39 16 8 17 34 17 40 17 9 18 35 18 41 18 10 19 36 19 38 19 38 20 41 20 11 20 38 21 36 21 41 21 36 22 9 22 41 22 41 23 40 23 11 23 41 24 35 24 40 24 35 25 8 25 40 25 40 26 39 26 11 26 40 27 34 27 39 27 34 28 7 28 39 28 39 29 37 29 11 29 39 30 33 30 37 30 33 31 6 31 37 31 37 32 38 32 11 32 37 33 32 33 38 33 32 34 10 34 38 34 23 35 36 35 10 35 23 36 30 36 36 36 30 37 9 37 36 37 31 38 35 38 9 38 31 39 28 39 35 39 28 40 8 40 35 40 29 41 34 41 8 41 29 42 26 42 34 42 26 43 7 43 34 43 27 44 33 44 7 44 27 45 24 45 33 45 24 46 6 46 33 46 25 47 32 47 6 47 25 48 22 48 32 48 22 49 10 49 32 49 30 50 31 50 9 50 30 51 21 51 31 51 21 52 4 52 31 52 28 53 29 53 8 53 28 54 20 54 29 54 20 55 3 55 29 55 26 56 27 56 7 56 26 57 18 57 27 57 18 58 2 58 27 58 24 59 25 59 6 59 24 60 14 60 25 60 14 61 1 61 25 61 22 62 23 62 10 62 22 63 15 63 23 63 15 64 5 64 23 64 16 65 21 65 5 65 16 66 19 66 21 66 19 67 4 67 21 67 19 68 20 68 4 68 19 69 17 69 20 69 17 70 3 70 20 70 17 71 18 71 3 71 17 72 12 72 18 72 12 73 2 73 18 73 15 74 16 74 5 74 15 75 13 75 16 75 13 76 0 76 16 76 12 77 14 77 2 77 12 78 13 78 14 78 13 79 1 79 14 79</p>
        </polylist>
      </mesh>
    </geometry>
    <geometry id="Icosphere_004-mesh" name="Icosphere.004">
      <mesh>
        <source id="Icosphere_004-mesh-positions">
          <float_array id="Icosphere_004-mesh-positions-array" count="126">-0.9977992 0.4766493 -0.6068096 -0.2741921 -0.04907608 -0.05402898 -1.274187 -1.537332 -0.05402946 -1.892225 0.4766493 -0.05402517 -3.462705 3.433971 -0.05402946 -0.2741921 1.002375 -0.05402898 -0.721411 -1.355797 0.8404102 -1.721406 -0.04907608 0.8404102 -2.86479 1.002375 0.8404102 -0.721411 1.922208 0.8404102 1.771833 0.4766493 0.840406 -1.221181 0.4766493 1.39319 -1.160255 -0.02334594 -0.457464 -0.5724766 0.1676378 -0.4574638 -0.7349303 -0.3323622 -0.1325473 -0.1471512 0.4766493 -0.1325454 -0.5724766 0.7856608 -0.4574638 -1.523529 0.4766493 -0.4574614 -1.685989 -1.186679 -0.1325459 -3.348772 3.083318 -0.457464 -3.874506 3.08332 -0.1325459 -0.7349303 1.285661 -0.1325473 1.828464 0.1676368 0.3931904 0.8167055 1.812475 0.3931904 -0.9977992 -0.5233507 0.3931904 -0.4100134 -1.314164 0.3931904 -1.948857 0.1676368 0.3931904 -1.585585 -1.495699 0.3931904 -1.585585 1.285666 0.3931904 -1.948857 0.7856617 0.3931904 0.4534338 2.312479 0.3931904 -0.9977992 1.476649 0.3931904 1.565596 -1.005145 0.9189267 -1.260668 -0.3323622 0.9189282 -2.991831 0.4766493 0.9189262 -1.260668 1.88057 0.9189282 0.5538366 2.00346 0.9189267 -0.8353436 -0.02334594 1.243845 -0.695451 0.4766493 1.243842 -1.423122 0.1676378 1.243844 -2.566506 0.7856608 1.243844 -1.058726 1.571554 1.243845</float_array>
          <technique_common>
            <accessor source="#Icosphere_004-mesh-positions-array" count="42" stride="3">
              <param name="X" type="float"/>
              <param name="Y" type="float"/>
              <param name="Z" type="float"/>
            </accessor>
          </technique_common>
        </source>
        <source id="Icosphere_004-mesh-normals">
          <float_array id="Icosphere_004-mesh-normals-array" count="240">0.102381 -0.31509 -0.9435234 0.700224 -0.2680322 -0.6616988 -0.2680339 -0.1947367 -0.9435229 -0.2683963 -0.1879375 -0.9447979 0.1794277 0.2168051 -0.9595839 0.2233203 -0.1965519 -0.9547227 0.8770332 -0.3727455 0.3031067 -0.973432 -0.1112484 -0.2001354 -0.2063653 0.02331912 0.9781971 0.2685756 0.1742303 -0.9473706 0.2291762 -0.3462042 -0.9097368 0.7194833 -0.4349287 0.541462 -0.9920775 0 -0.1256272 -0.0519334 0.1598345 0.9857768 0.2529374 0.1837686 -0.9498693 0.01142507 -0.2888709 0.9572999 -0.4712994 -0.5831223 0.6616988 -0.7002238 0.2680314 0.6616992 0.0413891 0.736714 0.6749367 0.1608828 0.07774215 0.9839069 0.272149 0.09029293 0.9580096 0.1816284 0.06025928 0.9815193 -0.08774262 0.7870029 0.6106783 -0.07600581 0.1458208 0.9863871 -0.3062146 0.5874899 0.7490583 -0.3917183 0.6580192 0.6430922 -0.1788664 -0.3309151 0.9265539 -0.2688158 -0.4973273 0.8248659 -0.2726215 -0.7489863 0.6039016 -0.1194626 -0.3676589 0.9222558 -0.1875945 -0.5773453 0.7946577 -0.4355787 -0.2947625 0.8505212 0.2724707 -0.07622838 0.9591398 0.1204838 -0.03370422 0.992143 0.1612994 0.02982282 0.9864549 0.7750267 0.6097312 0.1660166 0.7946557 0.5773475 0.1875954 -0.0860939 0.8516339 0.517018 -0.1520426 0.7455769 -0.6488437 -0.2313857 0.7121315 -0.6628193 -0.3655798 0.7204616 -0.5893103 -0.4436736 -0.02657163 -0.8957946 -0.4501213 0 -0.8929675 -0.3839411 -0.8923812 -0.2371608 -0.3400988 -0.3067491 0.8889533 0.7286958 -0.4404975 0.5243705 -0.8596048 -0.4319992 -0.2728669 0.1510968 -0.9884309 0.01319295 0.2946514 -0.4451141 -0.8456086 0.9701309 -0.123974 0.2085105 -0.4364027 0.7577165 -0.4851995 -0.4346489 0.7546713 -0.4914792 0.6189709 0.7850379 0.02429878 -0.3704097 0.2691162 -0.8890293 -0.1439093 0.1045556 0.984052 -0.7640072 -0.572009 0.2984942 -0.9091246 -0.1985524 0.3661552 -0.9751492 -0.212972 0.06104981 -0.5746017 -0.7487838 -0.3303875 -0.6838386 -0.5082749 -0.5234706 -0.6827307 -0.5074514 -0.5257109 0.3598932 -0.345072 -0.8668347 0.8255165 0.5077845 -0.2463282 0.278283 0.1711751 -0.9451231 0.2408056 0.2000324 -0.9497367 0.4713 0.5831221 -0.6616985 0.481789 0.5821534 -0.6549632 0.541431 0.7042548 -0.4592143 -0.4089455 0.628426 -0.6616982 -0.4933604 -0.3454619 -0.7982804 -0.6380791 -0.5028024 -0.5831338 -0.7368633 -0.05957418 -0.6734118 -0.2274457 -0.165247 -0.9596676 -0.03290963 -0.2550344 -0.9663718 0.700224 0.2680322 -0.6616988 0.6070603 0 -0.7946558 0.3313047 0 -0.9435238 0.4591985 -0.2608377 -0.8491764 0.1875942 -0.5773454 -0.7946578 0.4713 -0.5831221 -0.6616985</float_array>
          <technique_common>
            <accessor source="#Icosphere_004-mesh-normals-array" count="80" stride="3">
              <param name="X" type="float"/>
              <param name="Y" type="float"/>
              <param name="Z" type="float"/>
            </accessor>
          </technique_common>
        </source>
        <vertices id="Icosphere_004-mesh-vertices">
          <input semantic="POSITION" source="#Icosphere_004-mesh-positions"/>
        </vertices>
        <polylist material="foliage-material" count="80">
          <input semantic="VERTEX" source="#Icosphere_004-mesh-vertices" offset="0"/>
          <input semantic="NORMAL" source="#Icosphere_004-mesh-normals" offset="1"/>
          <vcount>3 3 3 3 3 3 3 3 3 3 3 3 3 3 3 3 3 3 3 3 3 3 3 3 3 3 3 3 3 3 3 3 3 3 3 3 3 3 3 3 3 3 3 3 3 3 3 3 3 3 3 3 3 3 3 3 3 3 3 3 3 3 3 3 3 3 3 3 3 3 3 3 3 3 3 3 3 3 3 3 </vcount>
          <p>0 0 13 0 12 0 1 1 13 1 15 1 0 2 12 2 17 2 0 3 17 3 19 3 0 4 19 4 16 4 1 5 15 5 22 5 2 6 14 6 24 6 3 7 18 7 26 7 4 8 20 8 28 8 5 9 21 9 30 9 1 10 22 10 25 10 2 11 24 11 27 11 3 12 26 12 29 12 4 13 28 13 31 13 5 14 30 14 23 14 6 15 32 15 37 15 7 16 33 16 39 16 8 17 34 17 40 17 9 18 35 18 41 18 10 19 36 19 38 19 38 20 41 20 11 20 38 21 36 21 41 21 36 22 9 22 41 22 41 23 40 23 11 23 41 24 35 24 40 24 35 25 8 25 40 25 40 26 39 26 11 26 40 27 34 27 39 27 34 28 7 28 39 28 39 29 37 29 11 29 39 30 33 30 37 30 33 31 6 31 37 31 37 32 38 32 11 32 37 33 32 33 38 33 32 34 10 34 38 34 23 35 36 35 10 35 23 36 30 36 36 36 30 37 9 37 36 37 31 38 35 38 9 38 31 39 28 39 35 39 28 40 8 40 35 40 29 41 34 41 8 41 29 42 26 42 34 42 26 43 7 43 34 43 27 44 33 44 7 44 27 45 24 45 33 45 24 46 6 46 33 46 25 47 32 47 6 47 25 48 22 48 32 48 22 49 10 49 32 49 30 50 31 50 9 50 30 51 21 51 31 51 21 52 4 52 31 52 28 53 29 53 8 53 28 54 20 54 29 54 20 55 3 55 29 55 26 56 27 56 7 56 26 57 18 57 27 57 18 58 2 58 27 58 24 59 25 59 6 59 24 60 14 60 25 60 14 61 1 61 25 61 22 62 23 62 10 62 22 63 15 63 23 63 15 64 5 64 23 64 16 65 21 65 5 65 16 66 19 66 21 66 19 67 4 67 21 67 19 68 20 68 4 68 19 69 17 69 20 69 17 70 3 70 20 70 17 71 18 71 3 71 17 72 12 72 18 72 12 73 2 73 18 73 15 74 16 74 5 74 15 75 13 75 16 75 13 76 0 76 16 76 12 77 14 77 2 77 12 78 13 78 14 78 13 79 1 79 14 79</p>
        </polylist>
      </mesh>
    </geometry>
    <geometry id="Icosphere_005-mesh" name="Icosphere.005">
      <mesh>
        <source id="Icosphere_005-mesh-positions">
          <float_array id="Icosphere_005-mesh-positions-array" count="126">-0.9977992 0.4766493 -0.6068096 -0.2741921 -0.04907608 -0.05402898 -1.274187 -1.537332 -0.05402946 -1.892225 0.4766493 -0.05402517 -3.462705 3.433971 -0.05402946 -0.2741921 1.002375 -0.05402898 -0.721411 -1.355797 0.8404102 -1.721406 -0.04907608 0.8404102 -2.86479 1.002375 0.8404102 -0.721411 1.922208 0.8404102 1.771833 0.4766493 0.840406 -1.221181 0.4766493 1.39319 -1.160255 -0.02334594 -0.457464 -0.5724766 0.1676378 -0.4574638 -0.7349303 -0.3323622 -0.1325473 -0.1471512 0.4766493 -0.1325454 -0.5724766 0.7856608 -0.4574638 -1.523529 0.4766493 -0.4574614 -1.685989 -1.186679 -0.1325459 -3.348772 3.083318 -0.457464 -3.874506 3.08332 -0.1325459 -0.7349303 1.285661 -0.1325473 1.828464 0.1676368 0.3931904 0.8167055 1.812475 0.3931904 -0.9977992 -0.5233507 0.3931904 -0.4100134 -1.314164 0.3931904 -1.948857 0.1676368 0.3931904 -1.585585 -1.495699 0.3931904 -1.585585 1.285666 0.3931904 -1.948857 0.7856617 0.3931904 0.4534338 2.312479 0.3931904 -0.9977992 1.476649 0.3931904 1.565596 -1.005145 0.9189267 -1.260668 -0.3323622 0.9189282 -2.991831 0.4766493 0.9189262 -1.260668 1.88057 0.9189282 0.5538366 2.00346 0.9189267 -0.8353436 -0.02334594 1.243845 -0.695451 0.4766493 1.243842 -1.423122 0.1676378 1.243844 -2.566506 0.7856608 1.243844 -1.058726 1.571554 1.243845</float_array>
          <technique_common>
            <accessor source="#Icosphere_005-mesh-positions-array" count="42" stride="3">
              <param name="X" type="float"/>
              <param name="Y" type="float"/>
              <param name="Z" type="float"/>
            </accessor>
          </technique_common>
        </source>
        <source id="Icosphere_005-mesh-normals">
          <float_array id="Icosphere_005-mesh-normals-array" count="240">0.102381 -0.31509 -0.9435234 0.700224 -0.2680322 -0.6616988 -0.2680339 -0.1947367 -0.9435229 -0.2683963 -0.1879375 -0.9447979 0.1794277 0.2168051 -0.9595839 0.2233203 -0.1965519 -0.9547227 0.8770332 -0.3727455 0.3031067 -0.973432 -0.1112484 -0.2001354 -0.2063653 0.02331912 0.9781971 0.2685756 0.1742303 -0.9473706 0.2291762 -0.3462042 -0.9097368 0.7194833 -0.4349287 0.541462 -0.9920775 0 -0.1256272 -0.0519334 0.1598345 0.9857768 0.2529374 0.1837686 -0.9498693 0.01142507 -0.2888709 0.9572999 -0.4712994 -0.5831223 0.6616988 -0.7002238 0.2680314 0.6616992 0.0413891 0.736714 0.6749367 0.1608828 0.07774215 0.9839069 0.272149 0.09029293 0.9580096 0.1816284 0.06025928 0.9815193 -0.08774262 0.7870029 0.6106783 -0.07600581 0.1458208 0.9863871 -0.3062146 0.5874899 0.7490583 -0.3917183 0.6580192 0.6430922 -0.1788664 -0.3309151 0.9265539 -0.2688158 -0.4973273 0.8248659 -0.2726215 -0.7489863 0.6039016 -0.1194626 -0.3676589 0.9222558 -0.1875945 -0.5773453 0.7946577 -0.4355787 -0.2947625 0.8505212 0.2724707 -0.07622838 0.9591398 0.1204838 -0.03370422 0.992143 0.1612994 0.02982282 0.9864549 0.7750267 0.6097312 0.1660166 0.7946557 0.5773475 0.1875954 -0.0860939 0.8516339 0.517018 -0.1520426 0.7455769 -0.6488437 -0.2313857 0.7121315 -0.6628193 -0.3655798 0.7204616 -0.5893103 -0.4436736 -0.02657163 -0.8957946 -0.4501213 0 -0.8929675 -0.3839411 -0.8923812 -0.2371608 -0.3400988 -0.3067491 0.8889533 0.7286958 -0.4404975 0.5243705 -0.8596048 -0.4319992 -0.2728669 0.1510968 -0.9884309 0.01319295 0.2946514 -0.4451141 -0.8456086 0.9701309 -0.123974 0.2085105 -0.4364027 0.7577165 -0.4851995 -0.4346489 0.7546713 -0.4914792 0.6189709 0.7850379 0.02429878 -0.3704097 0.2691162 -0.8890293 -0.1439093 0.1045556 0.984052 -0.7640072 -0.572009 0.2984942 -0.9091246 -0.1985524 0.3661552 -0.9751492 -0.212972 0.06104981 -0.5746017 -0.7487838 -0.3303875 -0.6838386 -0.5082749 -0.5234706 -0.6827307 -0.5074514 -0.5257109 0.3598932 -0.345072 -0.8668347 0.8255165 0.5077845 -0.2463282 0.278283 0.1711751 -0.9451231 0.2408056 0.2000324 -0.9497367 0.4713 0.5831221 -0.6616985 0.481789 0.5821534 -0.6549632 0.541431 0.7042548 -0.4592143 -0.4089455 0.628426 -0.6616982 -0.4933604 -0.3454619 -0.7982804 -0.6380791 -0.5028024 -0.5831338 -0.7368633 -0.05957418 -0.6734118 -0.2274457 -0.165247 -0.9596676 -0.03290963 -0.2550344 -0.9663718 0.700224 0.2680322 -0.6616988 0.6070603 0 -0.7946558 0.3313047 0 -0.9435238 0.4591985 -0.2608377 -0.8491764 0.1875942 -0.5773454 -0.7946578 0.4713 -0.5831221 -0.6616985</float_array>
          <technique_common>
            <accessor source="#Icosphere_005-mesh-normals-array" count="80" stride="3">
              <param name="X" type="float"/>
              <param name="Y" type="float"/>
              <param name="Z" type="float"/>
            </accessor>
          </technique_common>
        </source>
        <vertices id="Icosphere_005-mesh-vertices">
          <input semantic="POSITION" source="#Icosphere_005-mesh-positions"/>
        </vertices>
        <polylist material="foliage-material" count="80">
          <input semantic="VERTEX" source="#Icosphere_005-mesh-vertices" offset="0"/>
          <input semantic="NORMAL" source="#Icosphere_005-mesh-normals" offset="1"/>
          <vcount>3 3 3 3 3 3 3 3 3 3 3 3 3 3 3 3 3 3 3 3 3 3 3 3 3 3 3 3 3 3 3 3 3 3 3 3 3 3 3 3 3 3 3 3 3 3 3 3 3 3 3 3 3 3 3 3 3 3 3 3 3 3 3 3 3 3 3 3 3 3 3 3 3 3 3 3 3 3 3 3 </vcount>
          <p>0 0 13 0 12 0 1 1 13 1 15 1 0 2 12 2 17 2 0 3 17 3 19 3 0 4 19 4 16 4 1 5 15 5 22 5 2 6 14 6 24 6 3 7 18 7 26 7 4 8 20 8 28 8 5 9 21 9 30 9 1 10 22 10 25 10 2 11 24 11 27 11 3 12 26 12 29 12 4 13 28 13 31 13 5 14 30 14 23 14 6 15 32 15 37 15 7 16 33 16 39 16 8 17 34 17 40 17 9 18 35 18 41 18 10 19 36 19 38 19 38 20 41 20 11 20 38 21 36 21 41 21 36 22 9 22 41 22 41 23 40 23 11 23 41 24 35 24 40 24 35 25 8 25 40 25 40 26 39 26 11 26 40 27 34 27 39 27 34 28 7 28 39 28 39 29 37 29 11 29 39 30 33 30 37 30 33 31 6 31 37 31 37 32 38 32 11 32 37 33 32 33 38 33 32 34 10 34 38 34 23 35 36 35 10 35 23 36 30 36 36 36 30 37 9 37 36 37 31 38 35 38 9 38 31 39 28 39 35 39 28 40 8 40 35 40 29 41 34 41 8 41 29 42 26 42 34 42 26 43 7 43 34 43 27 44 33 44 7 44 27 45 24 45 33 45 24 46 6 46 33 46 25 47 32 47 6 47 25 48 22 48 32 48 22 49 10 49 32 49 30 50 31 50 9 50 30 51 21 51 31 51 21 52 4 52 31 52 28 53 29 53 8 53 28 54 20 54 29 54 20 55 3 55 29 55 26 56 27 56 7 56 26 57 18 57 27 57 18 58 2 58 27 58 24 59 25 59 6 59 24 60 14 60 25 60 14 61 1 61 25 61 22 62 23 62 10 62 22 63 15 63 23 63 15 64 5 64 23 64 16 65 21 65 5 65 16 66 19 66 21 66 19 67 4 67 21 67 19 68 20 68 4 68 19 69 17 69 20 69 17 70 3 70 20 70 17 71 18 71 3 71 17 72 12 72 18 72 12 73 2 73 18 73 15 74 16 74 5 74 15 75 13 75 16 75 13 76 0 76 16 76 12 77 14 77 2 77 12 78 13 78 14 78 13 79 1 79 14 79</p>
        </polylist>
      </mesh>
    </geometry>
    <geometry id="Icosphere_006-mesh" name="Icosphere.006">
      <mesh>
        <source id="Icosphere_006-mesh-positions">
          <float_array id="Icosphere_006-mesh-positions-array" count="126">-0.9977992 0.4766493 -0.6068096 -0.2741921 -0.04907608 -0.05402898 -1.274187 -1.537332 -0.05402946 -1.892225 0.4766493 -0.05402517 -3.462705 3.433971 -0.05402946 -0.2741921 1.002375 -0.05402898 -0.721411 -1.355797 0.8404102 -1.721406 -0.04907608 0.8404102 -2.86479 1.002375 0.8404102 -0.721411 1.922208 0.8404102 1.771833 0.4766493 0.840406 -1.221181 0.4766493 1.39319 -1.160255 -0.02334594 -0.457464 -0.5724766 0.1676378 -0.4574638 -0.7349303 -0.3323622 -0.1325473 -0.1471512 0.4766493 -0.1325454 -0.5724766 0.7856608 -0.4574638 -1.523529 0.4766493 -0.4574614 -1.685989 -1.186679 -0.1325459 -3.348772 3.083318 -0.457464 -3.874506 3.08332 -0.1325459 -0.7349303 1.285661 -0.1325473 1.828464 0.1676368 0.3931904 0.8167055 1.812475 0.3931904 -0.9977992 -0.5233507 0.3931904 -0.4100134 -1.314164 0.3931904 -1.948857 0.1676368 0.3931904 -1.585585 -1.495699 0.3931904 -1.585585 1.285666 0.3931904 -1.948857 0.7856617 0.3931904 0.4534338 2.312479 0.3931904 -0.9977992 1.476649 0.3931904 1.565596 -1.005145 0.9189267 -1.260668 -0.3323622 0.9189282 -2.991831 0.4766493 0.9189262 -1.260668 1.88057 0.9189282 0.5538366 2.00346 0.9189267 -0.8353436 -0.02334594 1.243845 -0.695451 0.4766493 1.243842 -1.423122 0.1676378 1.243844 -2.566506 0.7856608 1.243844 -1.058726 1.571554 1.243845</float_array>
          <technique_common>
            <accessor source="#Icosphere_006-mesh-positions-array" count="42" stride="3">
              <param name="X" type="float"/>
              <param name="Y" type="float"/>
              <param name="Z" type="float"/>
            </accessor>
          </technique_common>
        </source>
        <source id="Icosphere_006-mesh-normals">
          <float_array id="Icosphere_006-mesh-normals-array" count="240">0.102381 -0.31509 -0.9435234 0.700224 -0.2680322 -0.6616988 -0.2680339 -0.1947367 -0.9435229 -0.2683963 -0.1879375 -0.9447979 0.1794277 0.2168051 -0.9595839 0.2233203 -0.1965519 -0.9547227 0.8770332 -0.3727455 0.3031067 -0.973432 -0.1112484 -0.2001354 -0.2063653 0.02331912 0.9781971 0.2685756 0.1742303 -0.9473706 0.2291762 -0.3462042 -0.9097368 0.7194833 -0.4349287 0.541462 -0.9920775 0 -0.1256272 -0.0519334 0.1598345 0.9857768 0.2529374 0.1837686 -0.9498693 0.01142507 -0.2888709 0.9572999 -0.4712994 -0.5831223 0.6616988 -0.7002238 0.2680314 0.6616992 0.0413891 0.736714 0.6749367 0.1608828 0.07774215 0.9839069 0.272149 0.09029293 0.9580096 0.1816284 0.06025928 0.9815193 -0.08774262 0.7870029 0.6106783 -0.07600581 0.1458208 0.9863871 -0.3062146 0.5874899 0.7490583 -0.3917183 0.6580192 0.6430922 -0.1788664 -0.3309151 0.9265539 -0.2688158 -0.4973273 0.8248659 -0.2726215 -0.7489863 0.6039016 -0.1194626 -0.3676589 0.9222558 -0.1875945 -0.5773453 0.7946577 -0.4355787 -0.2947625 0.8505212 0.2724707 -0.07622838 0.9591398 0.1204838 -0.03370422 0.992143 0.1612994 0.02982282 0.9864549 0.7750267 0.6097312 0.1660166 0.7946557 0.5773475 0.1875954 -0.0860939 0.8516339 0.517018 -0.1520426 0.7455769 -0.6488437 -0.2313857 0.7121315 -0.6628193 -0.3655798 0.7204616 -0.5893103 -0.4436736 -0.02657163 -0.8957946 -0.4501213 0 -0.8929675 -0.3839411 -0.8923812 -0.2371608 -0.3400988 -0.3067491 0.8889533 0.7286958 -0.4404975 0.5243705 -0.8596048 -0.4319992 -0.2728669 0.1510968 -0.9884309 0.01319295 0.2946514 -0.4451141 -0.8456086 0.9701309 -0.123974 0.2085105 -0.4364027 0.7577165 -0.4851995 -0.4346489 0.7546713 -0.4914792 0.6189709 0.7850379 0.02429878 -0.3704097 0.2691162 -0.8890293 -0.1439093 0.1045556 0.984052 -0.7640072 -0.572009 0.2984942 -0.9091246 -0.1985524 0.3661552 -0.9751492 -0.212972 0.06104981 -0.5746017 -0.7487838 -0.3303875 -0.6838386 -0.5082749 -0.5234706 -0.6827307 -0.5074514 -0.5257109 0.3598932 -0.345072 -0.8668347 0.8255165 0.5077845 -0.2463282 0.278283 0.1711751 -0.9451231 0.2408056 0.2000324 -0.9497367 0.4713 0.5831221 -0.6616985 0.481789 0.5821534 -0.6549632 0.541431 0.7042548 -0.4592143 -0.4089455 0.628426 -0.6616982 -0.4933604 -0.3454619 -0.7982804 -0.6380791 -0.5028024 -0.5831338 -0.7368633 -0.05957418 -0.6734118 -0.2274457 -0.165247 -0.9596676 -0.03290963 -0.2550344 -0.9663718 0.700224 0.2680322 -0.6616988 0.6070603 0 -0.7946558 0.3313047 0 -0.9435238 0.4591985 -0.2608377 -0.8491764 0.1875942 -0.5773454 -0.7946578 0.4713 -0.5831221 -0.6616985</float_array>
          <technique_common>
            <accessor source="#Icosphere_006-mesh-normals-array" count="80" stride="3">
              <param name="X" type="float"/>
              <param name="Y" type="float"/>
              <param name="Z" type="float"/>
            </accessor>
          </technique_common>
        </source>
        <vertices id="Icosphere_006-mesh-vertices">
          <input semantic="POSITION" source="#Icosphere_006-mesh-positions"/>
        </vertices>
        <polylist material="foliage-material" count="80">
          <input semantic="VERTEX" source="#Icosphere_006-mesh-vertices" offset="0"/>
          <input semantic="NORMAL" source="#Icosphere_006-mesh-normals" offset="1"/>
          <vcount>3 3 3 3 3 3 3 3 3 3 3 3 3 3 3 3 3 3 3 3 3 3 3 3 3 3 3 3 3 3 3 3 3 3 3 3 3 3 3 3 3 3 3 3 3 3 3 3 3 3 3 3 3 3 3 3 3 3 3 3 3 3 3 3 3 3 3 3 3 3 3 3 3 3 3 3 3 3 3 3 </vcount>
          <p>0 0 13 0 12 0 1 1 13 1 15 1 0 2 12 2 17 2 0 3 17 3 19 3 0 4 19 4 16 4 1 5 15 5 22 5 2 6 14 6 24 6 3 7 18 7 26 7 4 8 20 8 28 8 5 9 21 9 30 9 1 10 22 10 25 10 2 11 24 11 27 11 3 12 26 12 29 12 4 13 28 13 31 13 5 14 30 14 23 14 6 15 32 15 37 15 7 16 33 16 39 16 8 17 34 17 40 17 9 18 35 18 41 18 10 19 36 19 38 19 38 20 41 20 11 20 38 21 36 21 41 21 36 22 9 22 41 22 41 23 40 23 11 23 41 24 35 24 40 24 35 25 8 25 40 25 40 26 39 26 11 26 40 27 34 27 39 27 34 28 7 28 39 28 39 29 37 29 11 29 39 30 33 30 37 30 33 31 6 31 37 31 37 32 38 32 11 32 37 33 32 33 38 33 32 34 10 34 38 34 23 35 36 35 10 35 23 36 30 36 36 36 30 37 9 37 36 37 31 38 35 38 9 38 31 39 28 39 35 39 28 40 8 40 35 40 29 41 34 41 8 41 29 42 26 42 34 42 26 43 7 43 34 43 27 44 33 44 7 44 27 45 24 45 33 45 24 46 6 46 33 46 25 47 32 47 6 47 25 48 22 48 32 48 22 49 10 49 32 49 30 50 31 50 9 50 30 51 21 51 31 51 21 52 4 52 31 52 28 53 29 53 8 53 28 54 20 54 29 54 20 55 3 55 29 55 26 56 27 56 7 56 26 57 18 57 27 57 18 58 2 58 27 58 24 59 25 59 6 59 24 60 14 60 25 60 14 61 1 61 25 61 22 62 23 62 10 62 22 63 15 63 23 63 15 64 5 64 23 64 16 65 21 65 5 65 16 66 19 66 21 66 19 67 4 67 21 67 19 68 20 68 4 68 19 69 17 69 20 69 17 70 3 70 20 70 17 71 18 71 3 71 17 72 12 72 18 72 12 73 2 73 18 73 15 74 16 74 5 74 15 75 13 75 16 75 13 76 0 76 16 76 12 77 14 77 2 77 12 78 13 78 14 78 13 79 1 79 14 79</p>
        </polylist>
      </mesh>
    </geometry>
    <geometry id="Icosphere_007-mesh" name="Icosphere.007">
      <mesh>
        <source id="Icosphere_007-mesh-positions">
          <float_array id="Icosphere_007-mesh-positions-array" count="126">-0.996154 0.4661485 -0.9287369 -0.2741921 -0.04907608 -0.05402898 -1.274187 -1.537332 -0.05402946 -2.231102 -1.045647 0.3665164 -1.603995 1.74381 0.01059943 -0.2741921 1.002375 -0.05402898 -0.1200827 -1.07811 0.8344255 -1.721406 -0.04907608 0.8404102 -2.86479 1.002375 0.8404102 -0.4920985 2.966398 0.8075222 1.896044 -0.004612982 1.434372 -1.221181 0.4766493 1.39319 -1.160255 -0.02334594 -0.457464 1.287881 -0.6529708 -1.060159 -0.7349303 -0.3323622 -0.1325473 1.711562 -0.3334586 -0.4133135 1.287881 -0.03494793 -1.060159 -1.862406 -1.045647 -0.03691971 -2.024866 -2.708976 0.2879956 -1.490063 1.393157 -0.392835 -2.093 1.041607 -0.05684447 -0.6577267 1.637212 -0.1436199 1.828464 0.1676368 0.3931904 0.9409164 1.331213 0.9871568 -0.8782622 0.02096909 0.3760464 0.1913148 -1.036478 0.3872056 -1.948857 0.1676368 0.3931904 -1.585585 -1.495699 0.3931904 -1.585585 1.285666 0.3931904 -1.948857 0.7856617 0.3931904 0.4534338 2.312479 0.3931904 -0.9977992 1.476649 0.3931904 2.047388 -1.271778 0.930086 -1.260668 -0.3323622 0.9189282 -2.991831 0.4766493 0.9189262 -1.031355 2.924761 0.8860401 0.6780475 1.522198 1.512893 -0.8353436 -0.02334594 1.243845 -0.695451 0.4766493 1.243842 -1.423122 0.1676378 1.243844 -2.566506 0.7856608 1.243844 -0.8294131 2.615744 1.210957</float_array>
          <technique_common>
            <accessor source="#Icosphere_007-mesh-positions-array" count="42" stride="3">
              <param name="X" type="float"/>
              <param name="Y" type="float"/>
              <param name="Z" type="float"/>
            </accessor>
          </technique_common>
        </source>
        <source id="Icosphere_007-mesh-normals">
          <float_array id="Icosphere_007-mesh-normals-array" count="240">-0.3330287 -0.5936568 -0.7325733 -0.04257166 -0.8844195 0.4647471 0.6583195 -0.6248334 -0.4197603 -0.7261409 0.01053571 -0.6874653 0.06653976 0.5257121 -0.8480561 -0.02543139 -0.8474696 0.5302345 0.8191969 -0.3363435 0.4645314 0.07049733 -0.0383138 0.9967759 -0.7052295 0.4375303 0.5578697 0.3821947 0.1012766 -0.9185153 0.2281152 -0.3055573 -0.9244448 0.7546795 -0.3456533 0.5576583 -0.09408694 0 0.995564 -0.2023954 0.6229087 0.7556593 0.6642624 -0.1169002 -0.7383021 -0.07642835 -0.4054168 0.9109314 -0.4712994 -0.5831223 0.6616988 -0.7002238 0.2680314 0.6616992 0.0413891 0.7367137 0.674937 -0.09626555 -0.1275619 0.9871479 0.2731267 0.03188544 0.9614496 -0.1943643 0.002907931 0.9809252 0.2811806 0.5954106 0.7526113 -0.08697426 0.1003662 0.9911419 -0.4789407 0.4679516 0.7427228 -0.543767 0.5026543 0.6720536 -0.1788664 -0.3309151 0.9265539 -0.2688158 -0.4973273 0.8248659 -0.2726215 -0.7489863 0.6039016 -0.1194626 -0.3676589 0.9222558 -0.1875945 -0.5773453 0.7946577 -0.2660282 -0.500247 0.8240036 0.2724707 -0.07622838 0.9591398 0.09659075 -0.0270192 0.9949575 -0.1378778 -0.3804002 0.9144865 0.7750267 0.6097312 0.1660168 0.8170194 0.5354259 0.2140061 0.6321416 0.6871126 0.3581527 -0.1605139 0.3146778 -0.9355283 -0.1034269 0.3183144 -0.9423263 -0.3792175 0.3816782 -0.842921 -0.4436736 -0.02657163 -0.8957946 -0.4501213 0 -0.8929675 -0.3839411 -0.8923812 -0.2371608 -0.3400988 -0.3067491 0.8889533 0.8523857 -0.3936327 0.3442268 -0.4331953 -0.5848433 -0.6857845 -0.0815066 -0.9855478 -0.1484999 0.2306824 -0.3090568 -0.9226428 0.9899681 0.1349247 -0.04193407 -0.1849359 0.3211004 -0.9288129 -0.4982779 0.865149 -0.05688995 0.1640893 0.9117075 0.3766486 -0.3704097 0.2691162 -0.8890293 -0.6957429 0.505483 0.5103224 -0.9183711 0.1361294 0.371569 -0.9091246 -0.1985524 0.3661552 -0.1476533 -0.03224742 0.9885133 0.7618344 -0.324442 0.5606654 -0.6124393 -0.6245783 -0.4845824 -0.6759324 -0.6807057 0.28241 0.3150789 -0.2594107 -0.9129247 0.8053408 0.5910627 0.04551136 0.5485649 0.6722263 -0.4971806 0.3520206 0.6926178 -0.629573 0.6780343 0.4872907 0.5502885 0.08566111 0.5536807 -0.8283115 -0.02284324 0.7513528 -0.6595053 -0.624849 0.4932625 -0.6051908 -0.4593596 -0.0592091 -0.8862749 -0.7353332 -0.08765226 -0.6720135 -0.7368633 -0.05957424 -0.6734117 -0.3404616 -0.1481239 -0.9285178 -0.04348093 -0.254187 -0.9661773 0.5600227 0.8283333 0.01545286 0.8365294 0 -0.5479222 -0.05744439 0 -0.9983487 0.4591985 -0.2608377 -0.8491764 -0.319333 -0.859398 -0.3993265 0.247777 -0.6113082 0.7516041</float_array>
          <technique_common>
            <accessor source="#Icosphere_007-mesh-normals-array" count="80" stride="3">
              <param name="X" type="float"/>
              <param name="Y" type="float"/>
              <param name="Z" type="float"/>
            </accessor>
          </technique_common>
        </source>
        <vertices id="Icosphere_007-mesh-vertices">
          <input semantic="POSITION" source="#Icosphere_007-mesh-positions"/>
        </vertices>
        <polylist material="foliage-material" count="80">
          <input semantic="VERTEX" source="#Icosphere_007-mesh-vertices" offset="0"/>
          <input semantic="NORMAL" source="#Icosphere_007-mesh-normals" offset="1"/>
          <vcount>3 3 3 3 3 3 3 3 3 3 3 3 3 3 3 3 3 3 3 3 3 3 3 3 3 3 3 3 3 3 3 3 3 3 3 3 3 3 3 3 3 3 3 3 3 3 3 3 3 3 3 3 3 3 3 3 3 3 3 3 3 3 3 3 3 3 3 3 3 3 3 3 3 3 3 3 3 3 3 3 </vcount>
          <p>0 0 13 0 12 0 1 1 13 1 15 1 0 2 12 2 17 2 0 3 17 3 19 3 0 4 19 4 16 4 1 5 15 5 22 5 2 6 14 6 24 6 3 7 18 7 26 7 4 8 20 8 28 8 5 9 21 9 30 9 1 10 22 10 25 10 2 11 24 11 27 11 3 12 26 12 29 12 4 13 28 13 31 13 5 14 30 14 23 14 6 15 32 15 37 15 7 16 33 16 39 16 8 17 34 17 40 17 9 18 35 18 41 18 10 19 36 19 38 19 38 20 41 20 11 20 38 21 36 21 41 21 36 22 9 22 41 22 41 23 40 23 11 23 41 24 35 24 40 24 35 25 8 25 40 25 40 26 39 26 11 26 40 27 34 27 39 27 34 28 7 28 39 28 39 29 37 29 11 29 39 30 33 30 37 30 33 31 6 31 37 31 37 32 38 32 11 32 37 33 32 33 38 33 32 34 10 34 38 34 23 35 36 35 10 35 23 36 30 36 36 36 30 37 9 37 36 37 31 38 35 38 9 38 31 39 28 39 35 39 28 40 8 40 35 40 29 41 34 41 8 41 29 42 26 42 34 42 26 43 7 43 34 43 27 44 33 44 7 44 27 45 24 45 33 45 24 46 6 46 33 46 25 47 32 47 6 47 25 48 22 48 32 48 22 49 10 49 32 49 30 50 31 50 9 50 30 51 21 51 31 51 21 52 4 52 31 52 28 53 29 53 8 53 28 54 20 54 29 54 20 55 3 55 29 55 26 56 27 56 7 56 26 57 18 57 27 57 18 58 2 58 27 58 24 59 25 59 6 59 24 60 14 60 25 60 14 61 1 61 25 61 22 62 23 62 10 62 22 63 15 63 23 63 15 64 5 64 23 64 16 65 21 65 5 65 16 66 19 66 21 66 19 67 4 67 21 67 19 68 20 68 4 68 19 69 17 69 20 69 17 70 3 70 20 70 17 71 18 71 3 71 17 72 12 72 18 72 12 73 2 73 18 73 15 74 16 74 5 74 15 75 13 75 16 75 13 76 0 76 16 76 12 77 14 77 2 77 12 78 13 78 14 78 13 79 1 79 14 79</p>
        </polylist>
      </mesh>
    </geometry>
    <geometry id="Icosphere_008-mesh" name="Icosphere.008">
      <mesh>
        <source id="Icosphere_008-mesh-positions">
          <float_array id="Icosphere_008-mesh-positions-array" count="126">-0.996154 0.4661485 -0.9287369 -0.2741921 -0.04907608 -0.05402898 -1.274187 -1.537332 -0.05402946 -2.231102 -1.045647 0.3665164 -1.603995 1.74381 0.01059943 -0.2741921 1.002375 -0.05402898 -0.1200827 -1.07811 0.8344255 -1.721406 -0.04907608 0.8404102 -2.86479 1.002375 0.8404102 -0.4920985 2.966398 0.8075222 1.896044 -0.004612982 1.434372 -1.221181 0.4766493 1.39319 -1.160255 -0.02334594 -0.457464 1.287881 -0.6529708 -1.060159 -0.7349303 -0.3323622 -0.1325473 1.711562 -0.3334586 -0.4133135 1.287881 -0.03494793 -1.060159 -1.862406 -1.045647 -0.03691971 -2.024866 -2.708976 0.2879956 -1.490063 1.393157 -0.392835 -2.093 1.041607 -0.05684447 -0.6577267 1.637212 -0.1436199 1.828464 0.1676368 0.3931904 0.9409164 1.331213 0.9871568 -0.8782622 0.02096909 0.3760464 0.1913148 -1.036478 0.3872056 -1.948857 0.1676368 0.3931904 -1.585585 -1.495699 0.3931904 -1.585585 1.285666 0.3931904 -1.948857 0.7856617 0.3931904 0.4534338 2.312479 0.3931904 -0.9977992 1.476649 0.3931904 2.047388 -1.271778 0.930086 -1.260668 -0.3323622 0.9189282 -2.991831 0.4766493 0.9189262 -1.031355 2.924761 0.8860401 0.6780475 1.522198 1.512893 -0.8353436 -0.02334594 1.243845 -0.695451 0.4766493 1.243842 -1.423122 0.1676378 1.243844 -2.566506 0.7856608 1.243844 -0.8294131 2.615744 1.210957</float_array>
          <technique_common>
            <accessor source="#Icosphere_008-mesh-positions-array" count="42" stride="3">
              <param name="X" type="float"/>
              <param name="Y" type="float"/>
              <param name="Z" type="float"/>
            </accessor>
          </technique_common>
        </source>
        <source id="Icosphere_008-mesh-normals">
          <float_array id="Icosphere_008-mesh-normals-array" count="240">-0.3330287 -0.5936568 -0.7325733 -0.04257166 -0.8844195 0.4647471 0.6583195 -0.6248334 -0.4197603 -0.7261409 0.01053571 -0.6874653 0.06653976 0.5257121 -0.8480561 -0.02543139 -0.8474696 0.5302345 0.8191969 -0.3363435 0.4645314 0.07049733 -0.0383138 0.9967759 -0.7052295 0.4375303 0.5578697 0.3821947 0.1012766 -0.9185153 0.2281152 -0.3055573 -0.9244448 0.7546795 -0.3456533 0.5576583 -0.09408694 0 0.995564 -0.2023954 0.6229087 0.7556593 0.6642624 -0.1169002 -0.7383021 -0.07642835 -0.4054168 0.9109314 -0.4712994 -0.5831223 0.6616988 -0.7002238 0.2680314 0.6616992 0.0413891 0.7367137 0.674937 -0.09626555 -0.1275619 0.9871479 0.2731267 0.03188544 0.9614496 -0.1943643 0.002907931 0.9809252 0.2811806 0.5954106 0.7526113 -0.08697426 0.1003662 0.9911419 -0.4789407 0.4679516 0.7427228 -0.543767 0.5026543 0.6720536 -0.1788664 -0.3309151 0.9265539 -0.2688158 -0.4973273 0.8248659 -0.2726215 -0.7489863 0.6039016 -0.1194626 -0.3676589 0.9222558 -0.1875945 -0.5773453 0.7946577 -0.2660282 -0.500247 0.8240036 0.2724707 -0.07622838 0.9591398 0.09659075 -0.0270192 0.9949575 -0.1378778 -0.3804002 0.9144865 0.7750267 0.6097312 0.1660168 0.8170194 0.5354259 0.2140061 0.6321416 0.6871126 0.3581527 -0.1605139 0.3146778 -0.9355283 -0.1034269 0.3183144 -0.9423263 -0.3792175 0.3816782 -0.842921 -0.4436736 -0.02657163 -0.8957946 -0.4501213 0 -0.8929675 -0.3839411 -0.8923812 -0.2371608 -0.3400988 -0.3067491 0.8889533 0.8523857 -0.3936327 0.3442268 -0.4331953 -0.5848433 -0.6857845 -0.0815066 -0.9855478 -0.1484999 0.2306824 -0.3090568 -0.9226428 0.9899681 0.1349247 -0.04193407 -0.1849359 0.3211004 -0.9288129 -0.4982779 0.865149 -0.05688995 0.1640893 0.9117075 0.3766486 -0.3704097 0.2691162 -0.8890293 -0.6957429 0.505483 0.5103224 -0.9183711 0.1361294 0.371569 -0.9091246 -0.1985524 0.3661552 -0.1476533 -0.03224742 0.9885133 0.7618344 -0.324442 0.5606654 -0.6124393 -0.6245783 -0.4845824 -0.6759324 -0.6807057 0.28241 0.3150789 -0.2594107 -0.9129247 0.8053408 0.5910627 0.04551136 0.5485649 0.6722263 -0.4971806 0.3520206 0.6926178 -0.629573 0.6780343 0.4872907 0.5502885 0.08566111 0.5536807 -0.8283115 -0.02284324 0.7513528 -0.6595053 -0.624849 0.4932625 -0.6051908 -0.4593596 -0.0592091 -0.8862749 -0.7353332 -0.08765226 -0.6720135 -0.7368633 -0.05957424 -0.6734117 -0.3404616 -0.1481239 -0.9285178 -0.04348093 -0.254187 -0.9661773 0.5600227 0.8283333 0.01545286 0.8365294 0 -0.5479222 -0.05744439 0 -0.9983487 0.4591985 -0.2608377 -0.8491764 -0.319333 -0.859398 -0.3993265 0.247777 -0.6113082 0.7516041</float_array>
          <technique_common>
            <accessor source="#Icosphere_008-mesh-normals-array" count="80" stride="3">
              <param name="X" type="float"/>
              <param name="Y" type="float"/>
              <param name="Z" type="float"/>
            </accessor>
          </technique_common>
        </source>
        <vertices id="Icosphere_008-mesh-vertices">
          <input semantic="POSITION" source="#Icosphere_008-mesh-positions"/>
        </vertices>
        <polylist material="foliage-material" count="80">
          <input semantic="VERTEX" source="#Icosphere_008-mesh-vertices" offset="0"/>
          <input semantic="NORMAL" source="#Icosphere_008-mesh-normals" offset="1"/>
          <vcount>3 3 3 3 3 3 3 3 3 3 3 3 3 3 3 3 3 3 3 3 3 3 3 3 3 3 3 3 3 3 3 3 3 3 3 3 3 3 3 3 3 3 3 3 3 3 3 3 3 3 3 3 3 3 3 3 3 3 3 3 3 3 3 3 3 3 3 3 3 3 3 3 3 3 3 3 3 3 3 3 </vcount>
          <p>0 0 13 0 12 0 1 1 13 1 15 1 0 2 12 2 17 2 0 3 17 3 19 3 0 4 19 4 16 4 1 5 15 5 22 5 2 6 14 6 24 6 3 7 18 7 26 7 4 8 20 8 28 8 5 9 21 9 30 9 1 10 22 10 25 10 2 11 24 11 27 11 3 12 26 12 29 12 4 13 28 13 31 13 5 14 30 14 23 14 6 15 32 15 37 15 7 16 33 16 39 16 8 17 34 17 40 17 9 18 35 18 41 18 10 19 36 19 38 19 38 20 41 20 11 20 38 21 36 21 41 21 36 22 9 22 41 22 41 23 40 23 11 23 41 24 35 24 40 24 35 25 8 25 40 25 40 26 39 26 11 26 40 27 34 27 39 27 34 28 7 28 39 28 39 29 37 29 11 29 39 30 33 30 37 30 33 31 6 31 37 31 37 32 38 32 11 32 37 33 32 33 38 33 32 34 10 34 38 34 23 35 36 35 10 35 23 36 30 36 36 36 30 37 9 37 36 37 31 38 35 38 9 38 31 39 28 39 35 39 28 40 8 40 35 40 29 41 34 41 8 41 29 42 26 42 34 42 26 43 7 43 34 43 27 44 33 44 7 44 27 45 24 45 33 45 24 46 6 46 33 46 25 47 32 47 6 47 25 48 22 48 32 48 22 49 10 49 32 49 30 50 31 50 9 50 30 51 21 51 31 51 21 52 4 52 31 52 28 53 29 53 8 53 28 54 20 54 29 54 20 55 3 55 29 55 26 56 27 56 7 56 26 57 18 57 27 57 18 58 2 58 27 58 24 59 25 59 6 59 24 60 14 60 25 60 14 61 1 61 25 61 22 62 23 62 10 62 22 63 15 63 23 63 15 64 5 64 23 64 16 65 21 65 5 65 16 66 19 66 21 66 19 67 4 67 21 67 19 68 20 68 4 68 19 69 17 69 20 69 17 70 3 70 20 70 17 71 18 71 3 71 17 72 12 72 18 72 12 73 2 73 18 73 15 74 16 74 5 74 15 75 13 75 16 75 13 76 0 76 16 76 12 77 14 77 2 77 12 78 13 78 14 78 13 79 1 79 14 79</p>
        </polylist>
      </mesh>
    </geometry>
    <geometry id="Icosphere_009-mesh" name="Icosphere.009">
      <mesh>
        <source id="Icosphere_009-mesh-positions">
          <float_array id="Icosphere_009-mesh-positions-array" count="126">-0.996154 0.4661485 -0.9287369 -0.2741921 -0.04907608 -0.05402898 -1.274187 -1.537332 -0.05402946 -2.231102 -1.045647 0.3665164 -1.603995 1.74381 0.01059943 -0.2741921 1.002375 -0.05402898 -0.1200827 -1.07811 0.8344255 -1.721406 -0.04907608 0.8404102 -2.86479 1.002375 0.8404102 -0.4920985 2.966398 0.8075222 1.896044 -0.004612982 1.434372 -1.221181 0.4766493 1.39319 -1.160255 -0.02334594 -0.457464 1.287881 -0.6529708 -1.060159 -0.7349303 -0.3323622 -0.1325473 1.711562 -0.3334586 -0.4133135 1.287881 -0.03494793 -1.060159 -1.862406 -1.045647 -0.03691971 -2.024866 -2.708976 0.2879956 -1.490063 1.393157 -0.392835 -2.093 1.041607 -0.05684447 -0.6577267 1.637212 -0.1436199 1.828464 0.1676368 0.3931904 0.9409164 1.331213 0.9871568 -0.8782622 0.02096909 0.3760464 0.1913148 -1.036478 0.3872056 -1.948857 0.1676368 0.3931904 -1.585585 -1.495699 0.3931904 -1.585585 1.285666 0.3931904 -1.948857 0.7856617 0.3931904 0.4534338 2.312479 0.3931904 -0.9977992 1.476649 0.3931904 2.047388 -1.271778 0.930086 -1.260668 -0.3323622 0.9189282 -2.991831 0.4766493 0.9189262 -1.031355 2.924761 0.8860401 0.6780475 1.522198 1.512893 -0.8353436 -0.02334594 1.243845 -0.695451 0.4766493 1.243842 -1.423122 0.1676378 1.243844 -2.566506 0.7856608 1.243844 -0.8294131 2.615744 1.210957</float_array>
          <technique_common>
            <accessor source="#Icosphere_009-mesh-positions-array" count="42" stride="3">
              <param name="X" type="float"/>
              <param name="Y" type="float"/>
              <param name="Z" type="float"/>
            </accessor>
          </technique_common>
        </source>
        <source id="Icosphere_009-mesh-normals">
          <float_array id="Icosphere_009-mesh-normals-array" count="240">-0.3330287 -0.5936568 -0.7325733 -0.04257166 -0.8844195 0.4647471 0.6583195 -0.6248334 -0.4197603 -0.7261409 0.01053571 -0.6874653 0.06653976 0.5257121 -0.8480561 -0.02543139 -0.8474696 0.5302345 0.8191969 -0.3363435 0.4645314 0.07049733 -0.0383138 0.9967759 -0.7052295 0.4375303 0.5578697 0.3821947 0.1012766 -0.9185153 0.2281152 -0.3055573 -0.9244448 0.7546795 -0.3456533 0.5576583 -0.09408694 0 0.995564 -0.2023954 0.6229087 0.7556593 0.6642624 -0.1169002 -0.7383021 -0.07642835 -0.4054168 0.9109314 -0.4712994 -0.5831223 0.6616988 -0.7002238 0.2680314 0.6616992 0.0413891 0.7367137 0.674937 -0.09626555 -0.1275619 0.9871479 0.2731267 0.03188544 0.9614496 -0.1943643 0.002907931 0.9809252 0.2811806 0.5954106 0.7526113 -0.08697426 0.1003662 0.9911419 -0.4789407 0.4679516 0.7427228 -0.543767 0.5026543 0.6720536 -0.1788664 -0.3309151 0.9265539 -0.2688158 -0.4973273 0.8248659 -0.2726215 -0.7489863 0.6039016 -0.1194626 -0.3676589 0.9222558 -0.1875945 -0.5773453 0.7946577 -0.2660282 -0.500247 0.8240036 0.2724707 -0.07622838 0.9591398 0.09659075 -0.0270192 0.9949575 -0.1378778 -0.3804002 0.9144865 0.7750267 0.6097312 0.1660168 0.8170194 0.5354259 0.2140061 0.6321416 0.6871126 0.3581527 -0.1605139 0.3146778 -0.9355283 -0.1034269 0.3183144 -0.9423263 -0.3792175 0.3816782 -0.842921 -0.4436736 -0.02657163 -0.8957946 -0.4501213 0 -0.8929675 -0.3839411 -0.8923812 -0.2371608 -0.3400988 -0.3067491 0.8889533 0.8523857 -0.3936327 0.3442268 -0.4331953 -0.5848433 -0.6857845 -0.0815066 -0.9855478 -0.1484999 0.2306824 -0.3090568 -0.9226428 0.9899681 0.1349247 -0.04193407 -0.1849359 0.3211004 -0.9288129 -0.4982779 0.865149 -0.05688995 0.1640893 0.9117075 0.3766486 -0.3704097 0.2691162 -0.8890293 -0.6957429 0.505483 0.5103224 -0.9183711 0.1361294 0.371569 -0.9091246 -0.1985524 0.3661552 -0.1476533 -0.03224742 0.9885133 0.7618344 -0.324442 0.5606654 -0.6124393 -0.6245783 -0.4845824 -0.6759324 -0.6807057 0.28241 0.3150789 -0.2594107 -0.9129247 0.8053408 0.5910627 0.04551136 0.5485649 0.6722263 -0.4971806 0.3520206 0.6926178 -0.629573 0.6780343 0.4872907 0.5502885 0.08566111 0.5536807 -0.8283115 -0.02284324 0.7513528 -0.6595053 -0.624849 0.4932625 -0.6051908 -0.4593596 -0.0592091 -0.8862749 -0.7353332 -0.08765226 -0.6720135 -0.7368633 -0.05957424 -0.6734117 -0.3404616 -0.1481239 -0.9285178 -0.04348093 -0.254187 -0.9661773 0.5600227 0.8283333 0.01545286 0.8365294 0 -0.5479222 -0.05744439 0 -0.9983487 0.4591985 -0.2608377 -0.8491764 -0.319333 -0.859398 -0.3993265 0.247777 -0.6113082 0.7516041</float_array>
          <technique_common>
            <accessor source="#Icosphere_009-mesh-normals-array" count="80" stride="3">
              <param name="X" type="float"/>
              <param name="Y" type="float"/>
              <param name="Z" type="float"/>
            </accessor>
          </technique_common>
        </source>
        <vertices id="Icosphere_009-mesh-vertices">
          <input semantic="POSITION" source="#Icosphere_009-mesh-positions"/>
        </vertices>
        <polylist material="foliage-material" count="80">
          <input semantic="VERTEX" source="#Icosphere_009-mesh-vertices" offset="0"/>
          <input semantic="NORMAL" source="#Icosphere_009-mesh-normals" offset="1"/>
          <vcount>3 3 3 3 3 3 3 3 3 3 3 3 3 3 3 3 3 3 3 3 3 3 3 3 3 3 3 3 3 3 3 3 3 3 3 3 3 3 3 3 3 3 3 3 3 3 3 3 3 3 3 3 3 3 3 3 3 3 3 3 3 3 3 3 3 3 3 3 3 3 3 3 3 3 3 3 3 3 3 3 </vcount>
          <p>0 0 13 0 12 0 1 1 13 1 15 1 0 2 12 2 17 2 0 3 17 3 19 3 0 4 19 4 16 4 1 5 15 5 22 5 2 6 14 6 24 6 3 7 18 7 26 7 4 8 20 8 28 8 5 9 21 9 30 9 1 10 22 10 25 10 2 11 24 11 27 11 3 12 26 12 29 12 4 13 28 13 31 13 5 14 30 14 23 14 6 15 32 15 37 15 7 16 33 16 39 16 8 17 34 17 40 17 9 18 35 18 41 18 10 19 36 19 38 19 38 20 41 20 11 20 38 21 36 21 41 21 36 22 9 22 41 22 41 23 40 23 11 23 41 24 35 24 40 24 35 25 8 25 40 25 40 26 39 26 11 26 40 27 34 27 39 27 34 28 7 28 39 28 39 29 37 29 11 29 39 30 33 30 37 30 33 31 6 31 37 31 37 32 38 32 11 32 37 33 32 33 38 33 32 34 10 34 38 34 23 35 36 35 10 35 23 36 30 36 36 36 30 37 9 37 36 37 31 38 35 38 9 38 31 39 28 39 35 39 28 40 8 40 35 40 29 41 34 41 8 41 29 42 26 42 34 42 26 43 7 43 34 43 27 44 33 44 7 44 27 45 24 45 33 45 24 46 6 46 33 46 25 47 32 47 6 47 25 48 22 48 32 48 22 49 10 49 32 49 30 50 31 50 9 50 30 51 21 51 31 51 21 52 4 52 31 52 28 53 29 53 8 53 28 54 20 54 29 54 20 55 3 55 29 55 26 56 27 56 7 56 26 57 18 57 27 57 18 58 2 58 27 58 24 59 25 59 6 59 24 60 14 60 25 60 14 61 1 61 25 61 22 62 23 62 10 62 22 63 15 63 23 63 15 64 5 64 23 64 16 65 21 65 5 65 16 66 19 66 21 66 19 67 4 67 21 67 19 68 20 68 4 68 19 69 17 69 20 69 17 70 3 70 20 70 17 71 18 71 3 71 17 72 12 72 18 72 12 73 2 73 18 73 15 74 16 74 5 74 15 75 13 75 16 75 13 76 0 76 16 76 12 77 14 77 2 77 12 78 13 78 14 78 13 79 1 79 14 79</p>
        </polylist>
      </mesh>
    </geometry>
    <geometry id="Cube-mesh" name="Cube">
      <mesh>
        <source id="Cube-mesh-positions">
          <float_array id="Cube-mesh-positions-array" count="2790">-0.8886564 -1.077891 2.413107 0.7997615 -1.982505 2.073858 2.38193 -0.9943712 0.09630906 -1.042387 -2.358371 0.09630906 -1.930393 1.024321 1.942616 -1.042386 2.261448 0.09630906 0.4436621 -1.093201 10.86441 2.023044 0.8366388 2.073858 -1.775337 -0.8235734 3.180624 -0.8604506 1.948406 2.073858 -0.7437123 -0.272077 18.66721 1.114936 0.4622293 10.86441 -1.081748 -0.4240013 11.14593 -0.4861456 1.131288 10.77182 0.4269334 -0.8252083 21.23164 -0.6339858 1.154947 18.72402 0.3421962 -0.7662295 18.66721 0.7086697 0.3463928 18.66721 0.2438427 -0.5562504 23.86347 0.6228051 0.3000218 20.72039 -0.7005133 -0.2804975 20.72039 -0.338108 0.7048816 20.74417 0.1892585 -0.4154077 25.73235 0.5707975 0.3086453 24.33967 -0.5616104 -0.2565391 23.83134 -0.2670662 0.5726786 23.83134 -0.4173299 -0.1634392 26.04133 0.3861418 0.1111837 25.7357 -0.4140635 -0.2075896 25.69585 -0.3010914 0.3666675 25.7618 -0.08544391 0.1911202 27.45422 -0.1256203 0.2412787 26.45668 0.1510294 -0.3088259 26.43934 0.2956421 0.1067716 26.43934 0.04122519 -0.08637714 28.58209 -0.05281192 -0.1701821 28.068 0.1911203 0.0953629 27.45422 -0.1636279 -0.0957573 27.47713 -0.02233356 -0.02140665 29.06929 0.08637684 0.04309922 28.56192 -0.08637702 -0.04327762 28.56192 -0.04515165 0.08637672 28.56192 -0.4645534 2.119363 19.05337 0.2693817 1.133012 19.21131 0.6058309 1.143587 18.72402 -0.3369297 1.211182 18.0518 -0.2532103 3.31465 19.29314 -0.2468852 2.127112 18.65121 0.4645544 2.119362 19.05337 0.2180208 2.111613 19.33943 -0.06706637 3.983485 19.26037 -0.1345674 3.318874 19.14593 0.253212 3.31465 19.29314 0.1188356 3.310426 19.44037 0.193354 -1.326234 21.86326 -0.203087 -0.8028627 22.19359 0.2221004 -0.8882516 20.18848 -0.4094567 -0.7816309 21.23164 0.06915622 -2.092376 21.69627 0.1005869 -1.343634 21.40512 -0.1933554 -1.326234 21.86326 -0.09197688 -1.308833 22.15659 -0.06601619 -2.832517 22.18877 -0.1329385 -2.080412 21.96259 -0.06323748 -2.068449 22.17742 0.1329365 -2.080412 21.96259 0.02186304 -3.153076 22.436 -0.03140366 -2.826576 22.34211 0.06601357 -2.832517 22.18878 0.03434115 -2.838458 22.03544 0.916398 0.1461706 24.97631 0.5989524 -0.3471871 24.33967 0.5461531 -0.1610603 25.39364 0.6881973 0.1882209 23.22691 1.375877 -0.03878241 25.53078 0.8941684 -0.06209921 25.34337 0.9163978 -0.1461718 24.97631 0.9709277 0.08402609 24.51922 1.831076 -0.05827671 25.669 1.389759 -0.09128707 25.27613 1.403642 0.05247515 25.01151 1.38976 0.0912854 25.27613 2.028432 0.02138334 25.89034 1.839938 0.03349876 25.48552 1.831076 0.05827462 25.669 1.822213 -0.02475857 25.87039 0.1948807 0.625343 25.75026 0.1351295 0.3288078 26.03169 0.3105877 0.3666673 25.7618 -0.1821427 0.4625933 25.52657 0.1281859 1.089429 25.80219 -0.1142868 0.6490983 25.60267 -0.1948804 0.625343 25.75026 0.08167356 0.6015878 25.91519 -0.07518976 1.570975 25.98222 -0.07517373 1.105054 25.7051 -0.1281855 1.089429 25.80219 0.0537222 1.073803 25.89927 -0.02547568 1.75786 26.06934 0.03151202 1.56181 26.03916 0.07519036 1.570975 25.98222 -0.04409456 1.580141 25.92527 -0.5562009 -0.1153767 26.21732 -0.3060621 -0.2425725 26.46646 -0.3060621 0.1882092 26.46646 -0.2542164 0.09559518 26.84487 -0.8504753 0.06668031 26.58714 -0.4937703 0.1122341 26.50817 -0.4627159 0.05228793 26.74636 -0.4937703 -0.1665971 26.50818 -1.373184 -0.08459401 26.73228 -0.8352908 0.02632153 26.73208 -0.8504754 -0.1210432 26.58714 -0.86566 -0.08655893 26.42267 -1.758114 0.02518433 26.91826 -1.382472 -0.06350094 26.64362 -1.373184 0.03023123 26.73228 -1.363896 0.005544841 26.82093 -1.837736 -0.003400087 27.02348 -1.752574 0.01046031 26.97114 -1.758114 -0.04330259 26.91826 -1.763653 -0.03072172 26.86539 0.09195828 -0.2961933 27.75781 -0.1365894 -0.2193195 27.54479 0.106663 -0.2948242 27.06193 0.1555812 -0.2193197 27.54479 -0.03010773 -0.416666 27.92333 0.06434482 -0.337114 27.47652 -0.07296669 -0.2961932 27.75781 -0.02567577 -0.2684561 28.05055 0.02945679 -0.6060468 28.04575 -0.007395863 -0.403345 28.05423 0.0490989 -0.416666 27.92333 0.03583729 -0.4299871 27.77498 0.01669955 -0.7236294 28.12509 0.02277249 -0.6127611 27.97105 -0.01046603 -0.6060468 28.04575 9.81492e-4 -0.5993326 28.11173 0.01527231 -0.5993326 28.11173 -0.002859473 -0.612761 27.97105 0.001604795 -0.7236294 28.12509 -0.01501637 -0.429987 27.77498 0.02095705 -0.403345 28.05423 0.03336089 -0.2684561 28.05055 -0.04154336 -0.3371139 27.47652 -0.08092182 -0.2948241 27.06193 0.04026085 1.580141 25.92527 -0.03451257 1.56181 26.03916 0.02326101 1.75786 26.06934 -0.05883806 1.073803 25.89927 0.06863737 1.105054 25.7051 -0.08945173 0.6015878 25.91519 0.1043491 0.6490983 25.60267 0.1663044 0.4625932 25.52657 -0.1281023 0.3288079 26.03169 -0.03761452 -2.838458 22.03544 0.02867037 -2.826576 22.34211 -0.02394849 -3.153076 22.436 0.05773675 -2.068449 22.17742 0.08397746 -1.308833 22.15659 -0.1101681 -1.343634 21.40512 -0.07574456 -2.092376 21.69627 -0.2257762 -0.8446745 20.18848 0.1854263 -0.8028629 22.19359 -0.1301516 3.310426 19.44037 0.1228675 3.318874 19.14593 0.06123644 3.983485 19.26037 -0.2387838 2.111613 19.33943 0.2254179 2.127111 18.65121 0.3076319 1.211182 18.0518 -0.3258734 1.144371 19.21132 0.04122525 0.08637672 28.56192 0.02039128 -0.02140665 29.06929 0.0517739 -0.1701822 28.068 -0.04515165 -0.08637708 28.58209 -0.1256204 -0.3088258 26.43934 0.1510297 0.2412787 26.45668 0.09618037 0.1911202 27.45422 0.2156878 0.5613191 23.83134 -0.1806789 -0.4024025 25.73235 0.2523968 0.6821628 20.74417 -0.2603583 -0.5432451 23.86347 -0.3398318 -0.6790754 18.66721 0.443663 1.131288 10.77182 0.7997631 1.948405 2.073858 -0.4686684 -1.049623 10.86441 0.9763059 2.261448 0.09630906 0.9763047 -2.358371 0.09630906 -0.8604515 -1.982504 2.073858 1.059821 -1.077891 1.392053 1.059821 1.036278 1.392052 0.02039128 0.02131819 29.06929 -1.763653 0.005594313 26.86539 -1.752574 -0.02171051 26.97114 -1.837736 0.02147513 27.02348 -1.363896 -0.04839277 26.82093 -1.382472 -0.002613365 26.64362 -0.86566 0.01298379 26.42267 -0.8352908 -0.06185919 26.73208 -0.4627159 -0.07868945 26.74636 -0.2542164 -0.106759 26.84487 -0.5562009 0.03247708 26.21732 1.822213 0.02465462 25.87039 1.839938 -0.03363931 25.48552 2.028432 -0.02147394 25.89034 1.403642 -0.05269366 25.01151 0.9709276 -0.08437454 24.51922 0.8941684 0.06184256 25.34337 1.375877 0.03862112 25.53078 0.7163525 -0.2004058 23.22691 0.5461533 0.1061453 25.39364 -0.08637702 0.04309922 28.56192 0.08637678 -0.04327768 28.56192 -0.02233356 0.02131819 29.06929 -0.1636279 0.09536302 27.47713 0.1911202 -0.09575748 27.45422 0.295642 -0.1616889 26.43934 -0.4207717 0.111184 25.69585 0.3861417 -0.2205949 25.7357 -0.4173298 0.06498831 26.04133 -0.5683185 0.2141835 23.83134 -0.7179909 0.3227409 20.72039 0.6791154 -0.3240749 20.72039 0.7368247 -0.3592313 18.66721 -1.099225 0.4622299 11.14593 1.114936 -0.467579 10.86441 -0.7786676 0.3577526 18.66721 -1.775337 0.8366398 3.180624 2.023043 -0.8235746 2.073858 -1.930393 -0.9943701 1.942616 2.381931 1.02432 0.09630906 -0.888656 1.036278 2.413107 1.949948 -0.9738294 0.2007457 -0.9603218 1.85863 0.4560094 1.855325 1.839316 0.09630906 -0.9603224 -1.939037 0.4560094 1.855324 -1.839004 0.09630906 -1.56373 0.983201 1.938641 -1.746121 -1.839002 0.5578859 -1.746121 1.839316 0.5578859 2.393664 -0.9930939 0.8101955 -1.040533 2.279714 0.8101955 -1.040534 -2.363618 0.8101955 -1.997858 1.02151 2.373716 1.515117 -0.6077556 5.040771 -0.6322753 1.491079 5.017624 -0.6279066 -1.462137 5.040771 -1.422552 0.6050872 5.669356 1.539501 -1.527505 2.073858 -1.48536 -1.527504 2.350549 1.539503 1.530489 2.073858 -1.48536 1.53049 2.350549 0.8472532 -0.3893144 16.44111 -0.3962881 0.9957494 16.17152 -0.3751668 -0.7776924 16.44111 -0.864787 0.3868559 16.51149 0.8544985 -0.8559572 10.86441 -0.8350855 -0.7905911 10.93479 0.8544993 0.8624252 10.84126 -0.8613016 0.8624258 10.91164 0.7064966 -0.347446 19.4559 -0.3502628 0.8148249 19.62166 -0.308192 -0.7144951 19.32292 -0.7575184 0.3460158 19.4559 -0.5944225 -0.509126 18.66721 -0.7116551 0.7366666 18.68141 0.6589617 0.7196272 18.68141 0.6282467 -0.6398571 18.66721 0.6754707 -0.2785757 22.09822 -0.3051341 0.67176 22.25527 -0.269702 -0.6469058 22.65778 -0.6562145 0.2810795 22.24932 0.5999197 -0.6107288 20.8482 -0.5834227 -0.5453628 20.8482 0.4858976 0.546235 20.72634 -0.5874324 0.5803133 20.72634 0.4496792 -0.2175028 25.50563 -0.2255279 0.4791266 25.05943 -0.2167769 -0.4692782 25.1189 -0.4809539 0.1486769 25.10175 0.4661532 -0.4813142 23.96645 -0.4542387 -0.4423957 23.83937 0.4239207 0.4344046 23.95842 -0.4643008 0.4249885 23.83134 0.339982 -0.1940768 26.05616 -0.1375918 0.2576946 26.15183 -0.1507362 -0.3473434 26.05533 -0.3966156 0.08789193 25.91019 0.3369208 -0.3520718 25.73319 -0.3255523 -0.332564 25.72323 0.3672534 0.2581703 25.74055 -0.3640406 0.2581705 25.73059 0.2477964 -0.1275447 26.90033 -0.104225 0.2342056 26.90467 -0.1030946 -0.290202 26.80226 -0.2030744 0.1106624 27.03035 -0.2367495 -0.2856707 26.44612 -0.2367494 0.2280114 26.45046 0.2594891 0.2076519 26.44367 0.2594888 -0.2654499 26.43934 0.1343886 -0.06733316 28.03131 -0.06663376 0.1343886 28.03131 -0.05847579 -0.1291543 28.20997 -0.1275157 0.0670557 28.03704 -0.1483321 0.1671809 27.45995 0.1673853 0.1671808 27.45422 0.1822354 -0.1743296 27.47686 -0.1611185 -0.1743295 27.48259 0.04805439 -0.02687442 28.94244 -0.02803808 0.04828608 28.94244 -0.02803808 -0.04830843 28.94749 -0.04854011 0.02676349 28.94244 0.07508891 -0.07560229 28.56696 -0.07607072 -0.07560223 28.56696 0.07508897 0.07555735 28.56192 -0.07607066 0.07555735 28.56192 -0.2923641 1.635624 18.26194 -0.2827703 1.605856 19.21622 -0.5501288 1.615032 18.83476 0.5430907 1.612192 18.83476 -0.5516699 1.147015 19.06571 -0.5650096 1.174293 18.3361 0.5023531 1.129976 19.06571 0.5506467 1.171453 18.3361 -0.195838 2.687557 19.01431 -0.1894117 2.675263 19.45585 -0.3685004 2.681411 19.24959 0.3685016 2.68141 19.24959 -0.4042364 2.113551 19.25603 -0.414011 2.125174 18.82169 0.4086449 2.125174 18.82169 0.3990464 2.11355 19.25603 -0.08450102 3.818402 19.18248 -0.08227831 3.81415 19.35465 -0.1442201 3.816276 19.26856 0.142764 3.816276 19.26856 -0.2203337 3.311482 19.40356 -0.2256615 3.317818 19.18273 0.2227377 3.317817 19.18273 0.2175059 3.311482 19.40356 -0.1429724 -1.058194 20.97789 -0.1230123 -1.020408 22.13762 0.2585978 -1.039661 21.64517 -0.2542296 -1.028766 21.64517 0.3473464 -0.8004117 21.92098 0.3949354 -0.8601794 20.522 -0.3473929 -0.7895171 21.92098 -0.374008 -0.7948136 20.522 -0.09766 -1.69152 21.60098 -0.08153414 -1.66067 22.19001 0.1714007 -1.676095 21.94828 -0.1714023 -1.676095 21.94828 0.1573097 -1.313184 22.06719 0.1788623 -1.339284 21.61812 -0.1812587 -1.339284 21.61812 -0.1593106 -1.313184 22.06719 -0.05290251 -2.492567 21.80357 -0.04416722 -2.475856 22.20079 0.09284609 -2.484211 22.00862 -0.0928483 -2.484211 22.00862 0.1229732 -2.089385 21.7886 -0.1246216 -2.089385 21.7886 -0.1095316 -2.07144 22.12371 0.108155 -2.07144 22.12371 -0.0284425 -3.076483 22.28265 -0.02473473 -3.06939 22.46573 0.04487413 -3.072936 22.37419 -0.04539769 -3.072936 22.37419 -0.06188619 -2.836972 22.07377 -0.05439263 -2.828061 22.30378 0.05370736 -2.828061 22.30378 0.06106585 -2.836972 22.07377 0.8115687 -0.1241455 24.05205 0.689628 -0.09476107 25.35461 0.7223356 -0.215072 24.753 0.715297 0.2054358 24.753 0.5523144 0.2237095 25.11709 0.6124696 0.3128501 23.54757 0.6547022 -0.3368915 23.54757 0.5593529 -0.2742556 25.11709 1.174821 -0.06569117 24.78638 1.132132 -0.04834842 25.39156 1.149439 -0.1138043 25.11542 1.149439 0.1138029 25.11541 0.8997259 0.1139739 25.23292 0.9411452 0.1417492 24.69719 0.8997257 -0.114039 25.23292 0.941145 -0.1418372 24.69719 1.633358 -0.04285281 25.23207 1.610778 -0.03153961 25.70805 1.622068 -0.07423847 25.4601 1.622068 0.07423651 25.4601 1.379347 -0.07121956 25.45087 1.379348 0.07117801 25.45087 1.400171 -0.08858007 25.0989 1.400171 0.08852416 25.0989 1.984568 -0.02614808 25.72167 1.973619 -0.02066236 25.95282 1.979093 -0.04136687 25.83501 1.979093 0.04134255 25.835 1.837723 -0.05654859 25.53139 1.824429 -0.04546594 25.81108 1.837723 0.05651187 25.53139 1.824429 0.0454384 25.81108 -0.1430245 0.5202075 25.58893 -0.1083295 0.4462339 25.98867 0.2438837 0.4759624 25.77364 -0.2415094 0.4759625 25.77364 -0.2341663 0.3382728 25.94688 -0.295032 0.4095787 25.58538 0.2477933 0.3382727 25.94688 0.2934466 0.4095786 25.58538 -0.09273481 0.8453517 25.62299 -0.07258307 0.8068006 25.86685 0.1581308 0.826076 25.74275 -0.1581304 0.8260762 25.74275 0.1841255 0.6431594 25.63957 0.1547013 0.6075266 25.86529 -0.1866096 0.6431595 25.63957 -0.1566456 0.6075266 25.86529 -0.05962109 1.369539 25.81665 -0.04666513 1.344754 25.97064 0.1016659 1.357146 25.89365 -0.1016654 1.357146 25.89365 0.1211115 1.101148 25.72937 0.1017573 1.077709 25.875 -0.1227452 1.101148 25.72937 -0.1030359 1.077709 25.875 -0.03168314 1.716401 26.01487 -0.02618217 1.705877 26.08025 0.04898136 1.711139 26.04756 -0.04953455 1.711139 26.04756 -0.06043773 1.564101 26.02493 -0.07199865 1.577849 25.93951 0.05968809 1.564101 26.02493 0.07104068 1.577849 25.93951 -0.4736222 0.04550576 26.13009 -0.3348361 0.06964302 26.79283 -0.3771913 -0.1970438 26.49045 -0.3771912 0.1426807 26.49045 -0.3513015 -0.2402116 26.19388 -0.3513014 0.1530181 26.19388 -0.2756782 -0.1911966 26.72736 -0.2756782 0.1694415 26.72736 -0.6814265 0.02270293 26.31189 -0.6316146 0.03926801 26.72095 -0.6525986 -0.1437558 26.53521 -0.6525985 0.08939284 26.53521 -0.520655 -0.165069 26.32782 -0.5206549 0.08945602 26.32782 -0.4747297 0.1000863 26.67536 -0.4747297 -0.1333432 26.67536 -1.101732 0.004238724 26.53735 -1.077975 0.01467239 26.76899 -1.089853 -0.1006068 26.65561 -1.089853 0.04624396 26.65561 -0.8618637 0.05134499 26.47355 -0.8390869 0.05850183 26.69584 -0.839087 -0.09865492 26.69584 -0.8618638 -0.1200144 26.47356 -1.629305 -0.003514289 26.7501 -1.614836 0.00284034 26.88821 -1.62207 -0.06737065 26.81916 -1.62207 0.02206903 26.81916 -1.366218 -0.07089972 26.79877 -1.38015 -0.0839647 26.66579 -1.38015 0.02085101 26.66579 -1.366218 0.02522867 26.79877 -1.821227 0.01662123 26.96475 -1.814433 0.0196051 27.0296 -1.81783 -0.01958173 26.99718 -1.81783 0.02863407 26.99718 -1.762268 0.01958954 26.87861 -1.753959 0.02220058 26.95792 -1.753959 -0.03513467 26.95792 -1.762268 -0.04292726 26.87861 -0.06007903 -0.3135191 27.26959 -0.03844892 -0.2148271 28.05018 0.1219061 -0.2526376 27.64333 -0.1029143 -0.2526375 27.64333 -0.09871429 -0.1824665 27.91703 0.1050606 -0.1824665 27.91703 -0.1396033 -0.2627645 27.18264 0.1679204 -0.2627646 27.18264 -0.02622056 -0.3733546 27.6544 -0.01511669 -0.3312388 28.05619 0.06720143 -0.3506488 27.86041 -0.04820996 -0.3506487 27.86041 0.06344032 -0.2753904 27.96728 0.0989235 -0.3202921 27.5512 -0.07466793 -0.320292 27.5512 -0.05158686 -0.2753903 27.96728 -0.007404744 -0.5090947 27.86996 -0.002150654 -0.4907259 28.06573 0.03680074 -0.4999103 27.97548 -0.01780974 -0.4999102 27.97548 -0.03092479 -0.4266567 27.82079 -0.01983988 -0.4066752 28.02151 0.03540295 -0.4066752 28.02151 0.05244404 -0.4266568 27.82079 -2.37381e-4 -0.6984509 28.06163 0.002175092 -0.6900165 28.14669 0.02383404 -0.6942338 28.10525 -0.005015015 -0.6942338 28.10525 0.02255356 -0.6010112 28.09523 0.03114289 -0.6110825 27.99409 -0.01087784 -0.6110824 27.99409 -0.005290687 -0.6010112 28.09523 0.9552848 1.858629 0.2007457 0.9552845 -1.939037 0.2007457 0.9740701 2.279713 0.8101955 0.9740683 -2.363619 0.8101955 0.5805669 1.491079 5.017624 0.5805657 -1.473032 5.040771 0.3617763 0.9957492 16.17152 0.3704168 -0.8539523 16.44111 0.2705336 0.7949459 19.62165 0.3093182 -0.790755 19.32292 0.229329 0.651881 22.25527 0.2477802 -0.6501574 22.65778 0.1988781 0.4762867 25.05943 0.2116551 -0.4887859 25.11891 0.1574187 0.2576946 26.15182 0.1709507 -0.3505947 26.05533 0.1269533 0.2342055 26.90467 0.1295738 -0.290202 26.80226 0.06538099 0.1343886 28.03131 0.05427932 -0.1291544 28.20997 0.02559977 0.04828608 28.94244 0.02559977 -0.04830849 28.94749 0.2669419 1.635624 18.26194 0.2511433 1.603016 19.21622 0.1788099 2.687557 19.01431 0.1729422 2.675263 19.45585 0.07715493 3.818402 19.18248 0.07512551 3.81415 19.35465 0.1345283 -1.069088 20.97789 0.1123144 -1.020408 22.13762 0.08916622 -1.69152 21.60098 0.07444262 -1.66067 22.19001 0.04830014 -2.492567 21.80357 0.04032444 -2.475856 22.20079 0.0259664 -3.076483 22.28265 0.02258104 -3.06939 22.46573 0.1305878 0.5202075 25.58893 0.1034514 0.4462338 25.98867 0.08467131 0.8453517 25.62299 0.06627184 0.8068006 25.86685 0.05443722 1.369539 25.81665 0.04260778 1.344754 25.97064 0.02892869 1.716401 26.01487 0.02390605 1.705877 26.08025 0.08426427 -0.3135192 27.26959 0.04202806 -0.2148271 28.05018 0.04787802 -0.3733546 27.6544 0.02619606 -0.3312388 28.05619 0.02765727 -0.5090948 27.86996 0.01739782 -0.4907259 28.06573 0.01963567 -0.698451 28.06163 0.01492482 -0.6900166 28.14669 0.007964491 -0.5993326 28.11173 0.009665191 -0.612761 27.96669 0.008980631 -0.7236294 28.12509 0.009832561 -0.429987 27.76626 0.006458342 -0.4033449 28.05423 0.003171682 -0.2684561 28.06063 0.01019746 -0.3437057 27.47215 0.0107389 -0.3080077 27.06193 -0.002875387 1.580141 25.92527 -0.002250492 1.56181 26.03916 -0.001661121 1.75786 26.06934 -0.003837049 1.073803 25.89927 -0.004902362 1.105054 25.7051 -0.005833625 0.6015878 25.92386 -0.007453322 0.6490983 25.60267 -0.01187878 0.4916264 25.52657 5.22353e-4 0.3288078 26.04902 -0.00245434 -2.838458 22.03544 -0.002049267 -2.826576 22.34211 -0.001563251 -3.153076 22.436 -0.004125058 -2.068449 22.17742 -0.005999147 -1.308833 22.17265 -0.007185518 -1.343634 21.30665 -0.004940748 -2.092376 21.67053 -0.01149541 -0.8896687 20.11576 -0.01324522 -0.8109004 22.22572 -0.008487403 3.310426 19.44037 -0.008775353 3.318874 19.14593 -0.004372894 3.983485 19.26037 -0.01557242 2.111613 19.35132 -0.0161007 2.127111 18.58126 -0.02197343 1.234012 17.93556 -0.02829122 1.141531 19.2351 -0.002944707 0.08637672 28.56192 -0.001456618 -0.02140665 29.06929 -0.001707434 -0.1701821 28.08816 -0.002944767 -0.08637708 28.59218 0.009560704 -0.3154176 26.43934 0.009560942 0.2412787 26.46534 0.003304302 0.1911202 27.45422 -0.02445608 0.627905 23.83134 -0.001667261 -0.4267891 25.73235 -0.03612804 0.728235 20.75606 -0.01574057 -0.5756694 23.87953 -0.01570415 -0.7690638 18.66721 -0.0318073 1.232885 10.72553 -0.04920977 2.08838 2.073858 -0.02743858 -1.163144 10.86441 -0.05597954 2.374298 0.09630906 -0.05598056 -2.536738 0.09630906 -0.04921102 -2.147773 2.073858 0.01310271 1.086366 2.514687 1.949948 0.9832004 0.2007457 -1.56373 -0.9738288 1.938641 2.393665 1.021509 0.8101955 -1.997858 -0.9930925 2.373716 1.515118 0.6050864 5.040771 -1.418183 -0.5968604 5.669355 0.8402147 0.3840155 16.44111 -0.8342012 -0.3130542 16.51149 0.6572251 0.3261365 19.4559 -0.7269325 -0.2711859 19.4559 0.6261992 0.2575496 22.09822 -0.6501681 -0.2817143 22.24933 0.4496794 0.1216672 25.50563 -0.4708917 -0.2251161 25.10175 0.3399822 0.09833765 26.05616 -0.3949387 -0.1912629 25.91019 0.2477965 0.1134564 26.90033 -0.2030745 -0.1138121 27.03035 0.1343887 0.06705564 28.03131 -0.1275158 -0.0673331 28.03704 0.04805445 0.02676343 28.94244 -0.04854011 -0.02687436 28.94244 0.80453 0.1207938 24.05205 0.6896281 0.08080738 25.3546 1.174821 0.06541943 24.78639 1.132132 0.04814809 25.39156 1.633358 0.04267454 25.23207 1.610778 0.03140795 25.70805 1.984568 0.02603822 25.72167 1.973619 0.0205751 25.95282 -0.4736222 -0.1346374 26.13009 -0.3348361 -0.08993816 26.79283 -0.6814265 -0.1009271 26.31189 -0.6316145 -0.07025057 26.72095 -1.101732 -0.07363075 26.53735 -1.077975 -0.05430883 26.76899 -1.629305 -0.05094087 26.7501 -1.614836 -0.03917282 26.88821 -1.821227 -0.01186698 26.96475 -1.814433 -0.006341218 27.0296 -0.001456618 0.02131819 29.06929 0.01310253 -1.161073 2.514687 1.143479 -0.008323192 2.259423 0.02039128 -6.6245e-5 29.06929 -1.763653 -0.01258242 26.86539 -1.752574 -0.005641698 26.97114 -1.837736 0.009024679 27.02348 -1.363896 -0.02145177 26.82093 -1.382472 -0.03308856 26.64362 -0.8656599 -0.03683882 26.4129 -0.8352908 -0.01781427 26.73208 -0.4584657 -0.01326823 26.75782 -0.245716 -0.005686223 26.86778 -0.5761392 -0.04152595 26.17953 1.822213 -7.74632e-5 25.87935 1.839938 -1.04886e-4 25.48552 2.028432 -6.74105e-5 25.89034 1.403642 -1.63483e-4 24.99028 0.9870777 -2.61009e-4 24.45553 0.8941684 -1.92228e-4 25.36206 1.375877 -1.2053e-4 25.54703 0.741614 -0.003458797 23.18445 0.5461532 -0.02759516 25.40671 -0.08637702 -1.33729e-4 28.56192 0.08637684 -1.33768e-4 28.56192 -0.02233356 -6.62375e-5 29.06929 -0.1593777 -2.95667e-4 27.48858 0.1911203 -2.95784e-4 27.45422 0.295642 -0.02759701 26.43934 -0.4459056 -0.05162507 25.6776 0.3861418 -0.05487656 25.73737 -0.4555412 -0.04934316 25.99505 -0.595346 -0.0246784 23.83134 -0.7492092 0.009894013 20.72039 0.681188 -0.00668025 20.72039 0.7397068 -0.003948926 18.66721 -1.17951 0.007740795 11.28668 1.207554 -0.003154098 10.86441 -0.8007708 0.02067977 18.66721 -1.836593 0.005677402 3.734007 2.200764 0.005676269 2.073858 -1.892663 0.01393496 2.86577 2.557131 0.01393383 0.09630906 -0.8554229 -0.008322894 3.791006 1.624908 1.600282 0.04517006 1.624907 -1.61965 0.04517012 -1.468807 -1.619649 0.8175682 -1.468806 1.600282 0.8175682 1.855513 1.840749 0.8101955 1.855511 -1.838337 0.8101955 -1.760623 -1.838336 1.201076 -1.760622 1.84075 1.201076 1.131197 1.13042 5.034985 1.131196 -1.12666 5.040771 -1.119273 1.130421 5.192131 -1.112719 -1.110318 5.197917 0.6869241 0.7811134 17.03882 0.6924884 -0.6991162 16.44111 -0.7020259 0.78384 17.05008 -0.6598547 -0.5847263 16.45871 0.550593 0.6823345 19.37268 0.6079491 -0.6753244 19.5188 -0.6435906 0.7145954 19.37268 -0.5711899 -0.5515654 19.5188 0.4768496 0.4881202 22.38834 0.5474942 -0.560313 22.34976 -0.5322046 0.5232818 22.25081 -0.51883 -0.5617952 22.258 0.4095584 0.3227621 25.31099 0.4185122 -0.3954935 25.24397 -0.3964858 0.3359882 25.23944 -0.3799151 -0.3745253 25.1106 0.3039976 0.2315703 26.04717 0.2977242 -0.3061591 26.05554 -0.2945131 0.2260369 26.04245 -0.2961696 -0.3061642 26.04751 0.2175857 0.2040182 26.90142 0.2228056 -0.2369147 26.9122 -0.2031816 0.2139423 26.88522 -0.2018426 -0.2373238 26.89502 0.1171368 0.1175554 28.03131 0.1191369 -0.1280369 28.04572 -0.1133578 0.1175554 28.03274 -0.1161325 -0.1280367 28.04664 0.04966437 0.0501815 28.84379 0.04966431 -0.05023103 28.84604 -0.05074816 0.0501815 28.84379 -0.05074816 -0.05023097 28.84604 0.4821613 1.624058 18.52163 -0.490276 1.624769 18.52164 0.461996 1.60389 19.10004 -0.4787009 1.60815 19.10004 0.3241522 2.68602 19.09061 -0.3284083 2.686021 19.09061 0.3165383 2.6768 19.40131 -0.3206547 2.6768 19.40131 0.1481457 3.688108 19.20396 -0.1514096 3.688108 19.20396 0.1453664 3.684341 19.34592 -0.1485444 3.684341 19.34591 0.2392163 -1.058654 21.26023 -0.2358664 -1.042312 21.26023 0.2103911 -1.023212 21.9864 -0.2119741 -1.020488 21.9864 0.1585544 -1.687664 21.7446 -0.1606791 -1.687664 21.7446 0.1394488 -1.664527 22.12556 -0.1412229 -1.664526 22.12556 0.08588737 -2.490478 21.86127 -0.08703964 -2.490478 21.86127 0.07553791 -2.477945 22.15275 -0.07650029 -2.477945 22.15275 0.04504531 -3.013502 22.25136 -0.04614734 -3.013502 22.25136 0.04090034 -3.007709 22.40088 -0.04185914 -3.007709 22.40088 0.7504397 0.2026069 24.29629 0.7609977 -0.2086942 24.29629 0.6960453 0.1559471 25.18487 0.6978048 -0.1686404 25.18487 1.164438 0.1103605 24.91111 1.164438 -0.1104295 24.9111 1.136459 0.08873564 25.3065 1.136459 -0.08878678 25.3065 1.630536 0.07199096 25.29439 1.630536 -0.07203698 25.29439 1.613601 0.05788445 25.6308 1.613601 -0.05791878 25.6308 1.945121 0.04249042 25.70082 1.945121 -0.04254049 25.70082 1.936316 0.03612351 25.8851 1.936316 -0.0361635 25.8851 0.2304241 0.5018879 25.6351 -0.2329395 0.501888 25.63511 0.1939114 0.453666 25.91975 -0.1921632 0.453666 25.91975 0.1494037 0.8405328 25.65293 -0.1514193 0.8405328 25.65293 0.1255282 0.8116194 25.83366 -0.1271058 0.8116195 25.83366 0.09605509 1.366441 25.8359 -0.09735065 1.366441 25.8359 0.08070504 1.347852 25.95139 -0.08171898 1.347852 25.95139 0.05078786 1.679176 26.00344 -0.05201172 1.679176 26.00344 0.04448205 1.670425 26.05781 -0.04549336 1.670425 26.05781 -0.4150388 -0.195182 26.26922 -0.4150387 0.1149281 26.26922 -0.3528627 -0.1565276 26.69719 -0.3528627 0.12788 26.69719 -0.669235 -0.1424781 26.38938 -0.6692349 0.07034665 26.38938 -0.6379231 -0.1159501 26.67165 -0.6379231 0.07923531 26.67165 -1.098762 -0.09980201 26.56936 -1.098762 0.03424757 26.56936 -1.080944 -0.0830931 26.74065 -1.080944 0.03984618 26.74065 -1.627496 -0.06688052 26.76737 -1.627496 0.01476258 26.76737 -1.616644 -0.05670392 26.87095 -1.616644 0.01817244 26.87095 -1.805089 -0.02445328 26.95056 -1.805089 0.02301394 26.95056 -1.799607 -0.01953524 27.00288 -1.799607 0.02495992 27.00288 0.1314008 -0.2867633 27.36412 -0.1052334 -0.2867631 27.36412 0.08303129 -0.2242798 27.93082 -0.07376998 -0.2242797 27.93082 0.07207554 -0.3660302 27.71354 -0.0494005 -0.3660301 27.71354 0.04724508 -0.3360912 28.00472 -0.03324878 -0.3360912 28.00472 0.03910714 -0.5067986 27.90397 -0.01837313 -0.5067986 27.90397 0.02735781 -0.493022 28.04317 -0.01073038 -0.493022 28.04317 0.02550238 -0.6747369 28.05578 -0.005866706 -0.6747369 28.05578 0.0204246 -0.6680042 28.12291 -0.002738058 -0.6680042 28.12291 -0.03687119 1.951008 0.4814044 -0.03687173 -2.086051 0.4814044 -0.05612486 2.404126 0.8101955 -0.05612629 -2.546268 0.8101955 -0.03963649 1.63024 5.00605 -0.03854507 -1.600361 5.040771 -0.02587026 1.049686 16.0846 -0.01884162 -0.8735639 16.44111 -0.03516101 0.8171133 19.64246 -0.0144481 -0.793235 19.30474 -0.03221786 0.7175982 22.25824 -0.01727968 -0.6650591 22.68589 -0.01646798 0.5292246 25.05943 -0.01005929 -0.5078675 25.12292 0.006560981 0.2576946 26.16699 0.006013393 -0.355088 26.05533 0.008737027 0.2342055 26.90683 0.01059556 -0.3017376 26.80226 -0.002126514 0.1343886 28.03131 -0.003379523 -0.1291544 28.22762 -0.00182861 0.04828608 28.94244 -0.00182867 -0.04830843 28.95001 -0.01906687 1.641332 18.14545 -0.02020096 1.605146 19.23703 -0.01277142 2.687557 18.99682 -0.01235234 2.675263 19.45882 -0.005509972 3.818402 19.18248 -0.005365073 3.81415 19.35465 -0.008517444 -1.069443 20.86236 -0.008023083 -1.022417 22.16573 -0.006369888 -1.69152 21.54418 -0.005318164 -1.66067 22.19403 -0.003451168 -2.492567 21.79714 -0.002881467 -2.475856 22.20079 -0.001856327 -3.076483 22.28265 -0.001614511 -3.06939 22.46573 -0.00932753 0.5274658 25.58893 -0.004845619 0.4462338 26.00384 -0.006047725 0.8453517 25.62299 -0.004733502 0.8068006 25.86901 -0.00388801 1.369539 25.81665 -0.003043115 1.344754 25.97064 -0.002065956 1.716401 26.01487 -0.001707196 1.705877 26.08025 0.01045233 -0.3250548 27.26851 8.7505e-4 -0.2148271 28.06783 0.009986698 -0.3750025 27.64677 0.005070209 -0.3312387 28.05871 0.009727776 -0.5090947 27.86232 0.007401406 -0.4907259 28.06573 0.009473323 -0.6984509 28.06054 0.008405089 -0.6900165 28.14669 2.094839 0.007070004 0.4175884 -1.516237 0.00707066 3.024432 2.576918 0.01316905 0.8101955 -1.995762 0.01317042 3.155476 1.6654 -0.001959741 5.040771 -1.52717 7.64695e-4 5.983648 0.8810492 -0.002339541 16.44111 -0.9014356 0.01743578 16.54668 0.7006965 -0.00604242 19.4559 -0.7819004 0.01799255 19.4559 0.6914156 -0.00582987 22.0876 -0.6909426 -0.004151165 22.24932 0.4496793 -0.0480926 25.51098 -0.5008551 -0.04329913 25.09719 0.3399822 -0.0480203 26.05658 -0.4307251 -0.05264383 25.87581 0.2477964 -0.007168292 26.90033 -0.1956366 -0.001690506 27.0504 0.1343887 -2.08031e-4 28.03131 -0.1264532 -2.07961e-4 28.0399 0.04805439 -8.31274e-5 28.94244 -0.04854011 -8.31082e-5 28.94244 0.8380717 -0.001093566 23.98305 0.689628 -0.007067322 25.37394 1.178859 -2.03467e-4 24.74392 1.132132 -1.49921e-4 25.40759 1.633358 -1.33233e-4 25.22676 1.610778 -9.8297e-5 25.72331 1.984568 -8.18208e-5 25.72167 1.973619 -6.48824e-5 25.95506 -0.5080979 -0.04465866 26.08105 -0.3273983 -0.01022982 26.81288 -0.6864112 -0.0391758 26.29023 -0.6305519 -0.01554769 26.72381 -1.101732 -0.03473609 26.53491 -1.077975 -0.01985371 26.76899 -1.629305 -0.02725201 26.7501 -1.614836 -0.01818788 26.88821 -1.821227 0.00236243 26.96475 -1.814433 0.006618559 27.0296 -0.001456618 -6.62409e-5 29.06929 0.04580605 -0.01815205 3.943376</float_array>
          <technique_common>
            <accessor source="#Cube-mesh-positions-array" count="930" stride="3">
              <param name="X" type="float"/>
              <param name="Y" type="float"/>
              <param name="Z" type="float"/>
            </accessor>
          </technique_common>
        </source>
        <source id="Cube-mesh-normals">
          <float_array id="Cube-mesh-normals-array" count="5553">0.1136464 0.7745469 -0.6222231 0.1296924 0.9013456 -0.4132263 0.2696768 0.8777205 -0.3960823 0.5103689 0.6268981 -0.5886616 0.18259 -0.9379568 0.2947848 0.4847766 -0.8134747 0.3213267 0.5149669 -0.8372331 0.1839838 0.1981548 -0.963485 0.1800875 -0.2172038 0.2411808 -0.9458618 0.983448 -0.1790992 -0.02745014 0.8434692 -0.5370227 -0.01290225 0.2908001 0.08325207 -0.9531551 0.1217172 0.632404 -0.7650164 -0.1824138 -0.9831337 -0.01316213 -0.5937232 -0.8045715 -0.01255238 0.01183891 0.7576124 -0.6525976 0.2616481 -0.7120377 -0.6515695 -0.9110644 -0.2537823 -0.3248943 -0.9859337 0.06526333 -0.1538681 -0.2281551 -0.8255068 -0.5162207 -0.1252776 0.9912558 -0.04144257 0.0871647 -0.6682294 -0.7388315 -0.06386768 -0.7673074 -0.6380913 -0.5258909 0.8504409 -0.01375269 0.2009115 -0.9768888 0.07295799 0.5313507 -0.8446924 0.06451016 0.4996966 -0.8653287 0.03885358 0.05025088 -0.9973969 0.05171418 0.9386029 0.2007424 0.2805834 0.7903912 0.5192012 0.3251334 0.805952 0.5616641 0.1870163 0.9560393 0.2366809 0.1731215 -0.936978 -0.2391757 0.2546905 -0.671633 -0.6587882 0.3389798 -0.810568 -0.5548599 0.1873768 -0.9606999 -0.2444101 0.131604 -0.1650636 0.9566524 0.2399379 -0.3814191 0.8793988 0.2849166 -0.5411254 0.8202943 0.1852045 -0.2231701 0.9629833 0.1511899 -0.9804542 -0.1910915 0.04683601 -0.8369444 -0.5455588 0.04347181 -0.8741559 -0.4856454 -3.54365e-4 -0.9821907 -0.1866978 0.02110743 0.9678785 0.2396115 0.07614225 0.8052927 0.5892401 0.06557315 0.9467436 0.3206064 0.02980524 0.9931973 0.1049724 0.05039942 -0.968638 -0.240141 0.06381851 -0.8271995 -0.5573924 0.07109647 -0.8158956 -0.5762566 0.04735785 -0.9775018 -0.2044035 0.05205309 -0.2268159 0.9715743 0.06780952 -0.5785931 0.81298 0.0655266 -0.5210881 0.8531528 0.02444303 -0.137797 0.9900885 0.02714544 0.7480013 -0.6626809 0.03671735 0.7230275 -0.6891229 0.04838168 0.861343 -0.4868463 0.1451511 0.7787812 -0.6272414 -0.008263587 -0.947299 0.32033 0.003671348 -0.9555798 0.2761836 0.1029077 -0.9563108 0.1318973 0.2609075 -0.9599298 0.2174949 -0.1767224 0.007910072 -0.9988693 0.04687905 0.4329929 -0.9006592 0.03647112 0.3771872 -0.9256652 -0.02956199 0.009725511 -0.9992722 -0.0368877 0.9941085 0.08806914 0.06318312 0.9586942 0.2777451 0.06134551 0.9792219 0.124318 0.1602178 0.9903383 0.1296031 0.04932808 0.07896804 -0.9941011 0.07434469 0.3455512 -0.9362736 0.06313592 0.3713809 -0.925364 0.07601332 0.08658903 -0.9947878 0.05384987 0.9822458 0.1869781 0.01524841 0.950235 0.302173 0.07579571 0.8520058 0.5230302 0.02292692 0.9707201 0.2401616 0.005011796 -0.982122 -0.1866846 0.02419543 -0.8754935 -0.4830052 0.01473504 -0.9052262 -0.4233562 0.03654021 -0.9888607 -0.1452648 0.03244578 -0.07996314 0.9936437 0.07923477 -0.4015316 0.9095864 0.1068885 -0.4492331 0.8920341 0.04964613 -0.1657113 0.9861465 0.007414162 0.05899739 -0.9896454 0.1308491 0.3447432 -0.9304859 0.1238878 0.3872017 -0.9050428 0.1759901 0.02658569 -0.9760206 0.2160487 0.6124956 0.7890371 0.04764229 0.5283384 0.8456781 0.07541376 0.3755886 0.9187189 0.1220199 0.5141475 0.8570175 0.03425443 -0.9877274 -0.1450986 0.05780279 -0.9045882 -0.4224103 0.05735868 -0.8535859 -0.5151687 0.07741022 -0.9842645 -0.1603441 0.07425117 -0.221601 0.9734935 0.05659878 -0.5467526 0.8338969 0.07534992 -0.5896039 0.8038001 0.07920056 -0.2323015 0.9693972 0.07940477 -0.9388496 -0.2888682 -0.1873947 -0.7624899 -0.6469615 0.007078051 -0.6302255 -0.7731518 -0.07107901 -0.7977946 -0.4940258 -0.3456331 0.9627735 0.002719104 0.2702957 0.9358997 0.3229354 0.1407282 0.9704907 0.1177604 0.2104293 0.9897072 4.075e-4 0.1431068 -0.9829803 -0.1597194 0.09077173 -0.8526501 -0.5134548 0.09670639 -0.8191659 -0.5608873 0.1198863 -0.968967 -0.2244563 0.1035493 -0.8447557 0.5171228 0.1377388 -0.7604947 0.6064698 0.2320392 -0.8437944 0.3930531 0.3654044 -0.879052 0.4754685 0.03460121 0 0.9969166 0.07846826 -0.2183869 0.9707431 0.09982538 -0.3344356 0.9369268 0.1015931 0 0.9952027 0.09783416 -0.003523111 0.9984817 0.05497354 -0.2148736 0.9763038 0.02569586 -0.1207284 0.9918212 0.04141646 -3.07104e-4 0.9998717 0.0160185 0.04630404 -0.9936833 0.102223 0.3276977 -0.9355338 0.1318745 0.4151729 -0.9055867 0.08685714 0.09643727 -0.9946431 0.03721779 0.9933591 3.27529e-4 0.1150547 0.9559038 0.2665061 0.1233792 0.9451624 0.3142351 0.08901846 0.9946572 1.21652e-6 0.1032343 0.02660006 -0.9928383 0.1164677 0.32457 -0.9379886 0.1217853 0.3479408 -0.9302785 0.1162724 0.009707212 -0.9943449 0.1057544 -0.08974248 -0.9557621 0.2801164 -0.5890312 -0.7823068 0.2025792 -0.8602067 -0.415696 0.2953668 -0.3749189 -0.402077 0.8353264 0.9948056 -2.79777e-7 0.1017929 0.9435884 0.3134996 0.1065786 0.9438327 0.3119263 0.1090047 0.9952028 -3.82036e-7 0.09783405 -0.9960107 0.03446787 0.08230823 -0.9921744 -0.09659051 0.07912248 -0.9812241 -0.1694261 0.09216326 -0.9981341 0.01325553 0.05960559 0 0 1 -0.9793152 0 0.2023406 -0.7317189 -0.6584194 0.1762709 -0.02081036 -0.9760486 0.2165554 0.9959313 -3.23466e-7 0.09011602 0.9415532 0.3216569 0.1000722 0.938355 0.3263283 0.1140164 0.9949671 -3.62826e-7 0.1002029 -0.9970661 3.29844e-7 0.07654631 -0.9816747 -0.1706767 0.08476108 -0.9516524 -0.2858965 0.112343 -0.9950929 0 0.09894567 0 0.9959313 0.09011632 -0.3346575 0.937234 0.0979638 -0.3281441 0.9377357 0.1138998 0 0.9950274 0.09960281 -0.952508 0.2496907 -0.174308 -0.9640492 0.05049747 0.2608814 -0.9512352 0.0632866 0.3019048 -0.9425511 0.241617 -0.230692 0.09865331 0.7776195 0.6209474 0.6584207 0.5818027 0.4774807 0.5297755 -0.01632738 0.8479807 0.07642251 -0.005484759 0.9970605 0.9629319 0.2152524 0.1625691 0.9674555 0.2517131 0.02589154 0.9723168 0.1979923 -0.1240934 0.9540666 0.05997878 0.2935296 -0.1657474 0.9813489 -0.0973773 -0.6825595 0.7282052 -0.06188631 -0.7508877 0.3541651 -0.5574361 -0.359163 0.444096 -0.8208414 -0.9533982 0.1893001 -0.2349412 -0.9414922 0.150675 0.3014789 -0.9324145 0.2234402 0.2840384 -0.9423267 0.1912911 -0.2746417 -0.3140723 0.6350597 -0.7057321 -0.7084034 0.4773371 -0.5199173 -0.4515844 0.4408635 -0.7757003 -0.07958793 0.5471048 -0.833272 0.9510731 0.02317595 0.3080956 0.9532867 0.245356 -0.1761963 0.9430756 0.2482122 -0.2213578 0.9441362 0.05447036 0.3250231 0.04959809 -0.220297 0.9741711 0.4730817 -0.2038838 0.8571028 0.4138702 -0.1700542 0.8943116 0.01574826 -0.1874047 0.9821566 0 0.4267216 -0.904383 -0.7836923 0.3140759 -0.5358943 -0.7565683 0.3489997 0.5529952 -2.06436e-5 0.4864463 0.8737105 0 0.2298603 -0.9732237 -0.4901903 0.2033013 -0.8475744 -0.372824 0.1274605 -0.9191061 0 0.07297861 -0.9973335 0.9401192 0.1455961 0.3081848 0.9471364 0.1897467 -0.2587062 0.9449856 0.2049732 -0.2549278 0.9143829 0.21803 0.3411257 0 0.02904409 0.9995782 0.3540965 0.05193972 0.9337655 0.3399271 0.207578 0.9172573 0 0.1677499 0.9858297 0.9665415 -0.2539523 -0.0361346 0.9829454 -0.1139289 0.1443555 0.9837083 -0.02033257 0.1786189 0.9953446 -0.07665401 -0.05842375 -0.101598 -0.9485946 0.2997437 -0.5719224 -0.7988663 0.1863259 -0.8294429 -0.3670318 0.4210845 -0.2330652 -0.2706395 0.9340423 0.01423811 -0.9928983 -0.1181122 0.3956815 -0.9162017 -0.06333017 0.4608386 -0.8766147 -0.1384728 0.1660503 -0.9650685 -0.2026576 -0.7525756 -0.6557434 0.0602554 -0.7685113 -0.6398233 -0.004086434 -0.8303577 -0.5563597 -0.03114384 -0.8708767 -0.476776 0.1194093 0.4934834 -0.2598664 -0.8300263 0.8922958 -0.1460915 -0.4271599 0.8280998 -0.1731663 -0.5331645 0.119126 -0.26291 -0.9574379 0.3926964 -0.7820971 -0.483853 0.8009346 -0.5306344 -0.2773644 0.8835384 -0.2044845 -0.4213622 0.4569517 -0.4477249 -0.7685945 -0.976808 -0.1284733 0.1712916 -0.9735015 -0.2254154 -0.03850769 -0.9961429 -0.07523828 -0.04515123 -0.9853208 -0.02261441 0.1692091 -0.1835598 0.02243953 0.9827525 -0.8618184 -0.01511454 0.5069918 -0.7987643 0.05836087 0.5988069 -0.05253678 0.06046837 0.9967866 -0.9946748 -0.01912164 0.1012742 -0.994964 -0.09383744 -0.03523254 -0.9923311 -0.1196583 -0.03100049 -0.9915809 8.10256e-4 0.1294869 -0.9820245 -0.07726639 0.1722143 -0.9944241 -0.09440493 -0.04699373 -0.9940059 -0.1008053 -0.04231601 -0.9906755 -0.0722478 0.1155098 0 -0.04070174 0.9991713 -0.731029 -0.05380362 0.6802219 -0.7569566 -0.01484096 0.6532967 0 0.05727523 0.9983584 0.9938908 -0.09431105 -0.0573306 0.9804011 -0.07622396 0.1816689 0.9900118 -0.07072466 0.1219628 0.9937193 -0.1035056 -0.04252767 0 -0.8946133 -0.4468412 0.914832 -0.3640133 -0.174862 0.9705546 -0.03817766 0.237837 -1.10951e-4 -0.3348131 0.9422847 0 0.3737493 0.9275298 -0.8193204 0.1826966 0.5434484 -0.842101 0.2098047 0.4968379 0 0.4536913 0.8911589 0.9943158 -0.09748554 -0.04281246 0.9926874 -0.01448881 0.1198413 0.9904411 0.003923714 0.1378808 0.9884486 -0.1369601 -0.06489419 0.1019693 -0.5641838 -0.8193283 0.7857601 -0.3659749 -0.4986419 0.7023741 -0.5355061 -0.4689391 0 -0.7203706 -0.6935895 0.2748495 0.9613673 0.01519441 0.1564366 0.9804536 0.1193251 0.06376218 0.98892 0.1340581 0.1412615 0.9899522 -0.006308913 0.7001639 -0.7066647 0.1019591 0.6998737 -0.7108336 0.06994706 0.6548691 -0.754871 0.03627902 0.5643702 -0.8167726 0.1198703 0.7388343 -0.06567454 0.6706793 0.7287675 -0.6034336 0.3236758 0.4500012 -0.8187445 0.35659 0.2460305 -0.2086916 0.9465289 0.9692831 0.2418181 -0.04488307 0.8324692 0.5539479 -0.01170134 0.7643566 0.6431399 -0.04615443 0.9415737 0.3194788 -0.1066414 -0.4664574 -0.3427149 0.8154533 -0.1819466 -0.8916164 0.4146272 -0.2236843 -0.9064429 0.358227 -0.5595335 -0.3619391 0.745602 0.06518089 -0.2883528 0.9553031 0.1491034 -0.9040142 0.4006578 -0.03519493 -0.9050587 0.4238279 -0.1785803 -0.3104026 0.9336805 0.2284294 -0.9640763 0.1355612 0.3205473 -0.9471305 0.01390933 0.1419079 -0.9898759 -0.002790689 0.06389451 -0.9889445 0.1338145 0.8749601 0.397386 -0.2766391 0.5763385 0.8047897 -0.1419425 0.3935772 0.8748219 -0.2824604 0.7433482 0.3950395 -0.5397938 -0.01726812 -0.9958835 0.08898288 0.08467566 -0.9963688 -0.008909463 0.1382642 -0.9903787 -0.005759 0.00916028 -0.9937735 0.1110432 0.003902196 -0.9934361 0.114322 0.09949749 -0.994996 -0.009130597 0.08048182 -0.9967008 -0.0104953 -0.01597291 -0.9954085 0.09437638 0.6655111 0.4339271 -0.6072911 0.3395205 0.8935648 -0.293714 0.3822233 0.8427112 -0.3791349 0.6918001 0.08888673 -0.7165974 0.09969282 0.9949735 -0.009445488 0.005662143 0.9914398 0.1304421 -0.01614105 0.9953889 0.09455394 0.08058303 0.9967038 -0.009388625 0.9678102 0 -0.2516816 0.4278249 0.8982424 -0.1006318 0.1417904 0.9647815 0.2215676 0.7611874 0.07000774 0.6447424 0.7791622 0.07716214 -0.6220551 0.4739516 0.8048589 -0.3571723 0.6141801 0.7168631 -0.329985 0.8527786 0 -0.5222728 0.08491754 0.9963459 -0.009162127 -0.01837247 0.995361 0.09444057 0.009099066 0.9937456 0.1112967 0.1447528 0.9890663 -0.02818846 -0.5699705 -0.2804105 0.7723366 -0.2095426 -0.9276515 0.3091192 -0.1351794 -0.937008 0.322091 -0.445151 -0.09678632 0.8902095 0.8703821 0.3458582 0.3504529 0.9512098 0.3065478 -0.03504842 0.9818897 0.1772599 -0.06687027 0.9162234 0.1811117 0.357398 0.06598907 0.8560525 0.5126595 0.4296357 0.8097621 0.3996232 0.523334 0.4188706 0.7420707 0.1292969 0.3612163 0.9234746 0.7690305 0.6033841 0.2109975 0.8097525 0.5632585 0.1644415 0.8373916 0.544218 0.05101221 0.8161439 0.4602748 0.3493658 -0.1675422 0.9825542 0.08072769 -0.5869141 0.8053824 0.08301359 -0.5678448 0.652377 -0.5019528 -0.04705166 0.8668785 -0.4962942 0.9380081 0.03014367 0.3453005 0.9887339 0.129402 -0.07523697 0.9893517 0.1240255 -0.07616382 0.9409072 -0.02224195 0.3379333 0 0.1122383 -0.9936813 -0.4784707 0.1840061 -0.8586079 -0.4590938 0.1412482 -0.8770872 0 0.1030032 -0.9946811 -0.9498103 0.3121392 -0.02072679 -0.8795629 0.3257765 0.3467547 -0.9234816 0.185694 0.3357076 -0.9829607 0.1782864 -0.04474854 0.08770453 0.4564248 0.885429 0.527041 0.422639 0.7372952 0.4663551 0.2002153 0.861642 0.02945363 0.2579243 0.9657161 -0.9883614 0.1434034 -0.05076557 -0.9459121 -0.0170778 0.3239734 -0.943263 0.03030765 0.3306607 -0.9669939 0.2290442 -0.1116313 0 0.3014656 -0.9534772 -0.4531875 0.2964495 -0.8406776 -0.4461396 0.3699305 -0.8149299 -5.96125e-5 0.3885997 -0.9214068 -0.9907122 0.1248228 -0.05393302 -0.9442335 0.03343904 0.3275742 -0.9459043 -0.01698267 0.3240011 -0.9915828 0.1170988 -0.05523973 0 -0.1125977 0.9936407 0.4922459 -0.09053122 0.8657357 0.4544882 -0.209424 0.8657841 0 -0.2547341 0.9670112 0 0.7957432 -0.6056342 -0.7777377 0.5289928 -0.339545 -0.8066689 0.06765836 0.5871183 0 0.2054017 0.9786778 -1.24098e-4 -0.3010256 0.9536162 0.4528542 -0.2472588 0.8566132 0.4546351 -0.2031469 0.8672014 0 -0.2742884 0.9616476 0.9409326 -0.02340883 0.3377838 0.9858561 0.1516325 -0.07138246 0.9714154 0.2303621 -0.0573197 0.923794 -0.005751848 0.3828468 -9.76378e-5 0.4583962 -0.8887479 -0.4368588 0.4375736 -0.7859286 -0.416769 0.5424274 -0.7294356 0 0.5494242 -0.8355435 -0.7066026 -0.5276827 -0.4714485 -0.4231867 -0.8823628 -0.205789 -0.3018282 -0.8591662 -0.4131988 -0.5956988 -0.3082059 -0.7417224 -0.5995895 -0.7896826 0.1299767 -0.7198877 -0.6819175 0.1294232 -0.4706121 -0.8537167 0.2229174 -0.5177004 -0.8516812 0.08139771 -0.6335387 0.7701797 0.07383793 -0.6829952 0.7244539 0.09318947 -0.5312008 0.8469811 -0.02118587 -0.50598 0.8540609 0.1206833 -0.9641701 -0.01659095 0.2647656 -0.9199613 0.3190681 0.2277428 -0.5538314 0.6607051 0.5066949 -0.5698662 0.1497271 0.8079816 -0.09211796 0.9921731 0.08430188 -0.1458032 0.9829819 -0.1117501 -0.1200472 0.985367 -0.1209986 -0.06167161 0.9947794 0.08130669 -0.2378173 0.966437 0.09717297 -0.2723093 0.9593783 -0.07376277 -0.1671667 0.9809483 -0.09897351 -0.1272361 0.9880282 0.08724308 -0.383948 0.190976 0.9033892 -0.3019534 0.7879104 0.5366764 -0.1121562 0.7648254 0.6343999 -0.1522963 0.04860478 0.987139 -0.2556895 -0.9661029 0.0356118 -0.219203 -0.9522754 0.2124187 -0.1083301 -0.9725816 0.2057899 -0.1411048 -0.9899669 0.007423043 -0.05735057 -0.9983484 -0.003391206 -7.46942e-4 -0.9794259 0.2018035 0.002538681 -0.9794915 0.2014699 -0.0697773 -0.9975603 -0.002131104 0.04032385 0 0.9991868 -0.004265367 0.7765205 0.6300777 0.06424516 0.7494967 0.6588835 0.1503635 0 0.9886308 -0.1139737 -0.9934746 0.004297852 -0.05824398 -0.9769505 0.205367 -0.02514296 -0.9786082 0.2041909 -0.08520478 -0.9963634 -4.96396e-4 -0.5383905 -0.3172481 -0.7806979 -0.3133431 -0.8565735 -0.4099977 -0.3013734 -0.7516715 -0.586655 -0.4387387 -0.0563392 -0.8968469 0.07184964 0.9951392 0.06734782 -0.07336592 0.9885601 -0.1317821 -0.1313664 0.9834246 -0.1249766 0.1643565 0.9806175 0.1066606 -0.3611295 0 -0.9325157 -0.2538177 -0.7602079 -0.5980472 -0.3072836 -0.7149611 -0.6280187 -0.3960997 0 -0.9182076 -0.03502714 0.9962885 0.078628 -0.09087133 0.9876064 -0.1279697 -0.07821696 0.988262 -0.1312261 -0.006282925 0.9971125 0.07567888 0.1787312 0 0.9838979 0.09514755 0.7492319 0.6554377 0.1649516 0.7459681 0.6452307 0.2589653 0 0.9658867 -0.9626904 0 -0.2706054 -0.667537 -0.7370738 -0.1054353 -0.1185066 -0.9148597 0.3859899 -0.253898 0 0.9672311 0.5157909 0 0.8567146 0.3927626 0.7076509 0.5873396 0.5521303 0.6512878 0.520554 0.6868794 0 0.7267714 -0.1683332 -0.9856952 0.008306324 -0.02442961 -0.9786406 0.2041218 -0.07758104 -0.9636602 0.2556174 -0.3758829 -0.9266484 -0.005896985 -0.6512081 0 -0.7588993 -0.5536067 -0.6399318 -0.5329231 -0.8037869 -0.4766762 -0.3559585 -0.8652543 0 -0.5013334 0.9043692 -0.4188101 0.08194178 0.9553807 -0.2520254 0.1540485 0.9743349 -0.1664705 0.1515224 0.9483911 -0.3105775 0.06399959 -0.8394565 -0.5320494 0.1106177 -0.7936645 -0.5966091 0.1189723 -0.8099504 -0.581488 0.07649785 -0.8698977 -0.4744034 0.1349794 0.1361173 -0.9904023 -0.02399003 0.4727366 -0.8808192 0.02603179 0.5102592 -0.8599499 -0.01103734 0.1550691 -0.9845747 -0.08103245 0.8381227 -0.5322951 0.1192162 0.8325501 -0.536984 0.1360462 0.8940726 -0.4175664 0.162088 0.8275246 -0.5532038 0.09575426 -0.9802846 -0.1580311 0.1186107 -0.9707487 -0.2378501 0.03277832 -0.9908295 -0.1334916 0.02090191 -0.9908179 -0.07658588 0.1114209 0.1275134 -0.9877178 -0.09029984 0.5546813 -0.8310341 -0.04136514 0.571519 -0.8096418 -0.1335904 0.08118355 -0.9780809 -0.1917475 -0.9398176 -0.3170323 0.1274099 -0.8874521 -0.4565504 0.06317162 -0.9367685 -0.3466226 0.04814356 -0.9684528 -0.2171217 0.1223013 -0.3268487 -0.1395546 0.9347164 -0.9356501 -0.1974694 0.2925148 -0.9477458 -0.09928536 0.303184 -0.1235076 -0.0340265 0.9917601 0.9983334 -0.04469841 0.03650516 0.9904782 0.02150058 0.1359804 0.9886637 0.02940148 0.1472405 0.9983753 -0.05576932 0.0116887 0 -0.06198966 0.9980768 -0.9358091 -0.09719771 0.3388424 -0.9343672 -0.009215116 0.3561925 0 0.1304547 0.9914544 0.9744016 -0.217942 0.05516219 0.9806772 -0.1274042 0.1484606 0.9880558 -0.0560525 0.1435406 0.9919051 -0.1193043 0.04348528 0.122803 -0.9016141 -0.4147427 0.73977 -0.6344383 -0.2241169 0.8687806 -0.4188184 -0.264219 0.2577757 -0.7532153 -0.6051599 0.03889465 -0.9310243 -0.3628791 0.9644249 -0.2554259 -0.06813484 0.9772284 -0.01542842 0.2116288 -4.57584e-4 -0.540727 0.8411981 0.2874169 -0.6796197 -0.6749138 0.9046291 -0.3186419 -0.2830434 0.8836507 -0.3638283 -0.2946025 0.07340693 -0.7257604 -0.68402 -0.9945764 5.03828e-5 0.1040094 -0.998108 -0.05995452 0.01363945 -0.9978011 -0.06472724 0.01426231 -0.9934084 0.009338915 0.1142485 0 0.3899896 0.9208192 -0.9321026 0.1181314 0.3423883 -0.9329488 0.1065021 0.3438954 0 0.3597422 0.9330517 0.9104253 0.1460953 0.387017 0 0.38999 0.9208192 0 0.3597425 0.9330516 0.9353891 0.1240914 0.3311325 -0.9027879 -0.3165162 -0.2911897 -0.2996867 -0.6767705 -0.6724357 -0.2287238 -0.7186906 -0.6566349 -0.9303608 -0.2794134 -0.2373961 -0.9649994 -0.2492325 -0.08160406 -0.04074919 -0.9307495 -0.3633797 0 -0.5407262 0.8411988 -0.9842388 -0.03166782 0.1739861 -0.7567807 -0.6162505 -0.2179871 -0.1284664 -0.9008395 -0.4147103 -0.217819 -0.7532989 -0.6205608 -0.8784829 -0.4033604 -0.2560629 0.921595 -0.06356304 0.3829129 0.1188066 -0.0355156 0.992282 0 0.1304546 0.9914544 0.915319 0.01566869 0.4024248 0.935616 -0.1224734 0.3310936 0.3934614 -0.05742603 0.9175459 0.1183015 -0.02672129 0.9926182 0.9209307 -0.07063311 0.3832724 -0.5536175 -0.8307185 -0.05843281 -0.1620991 -0.9819508 -0.0974493 -0.1389266 -0.9747408 -0.1748706 -0.5899161 -0.796504 -0.1325912 -0.4499533 -0.8928627 0.01839351 -0.1009428 -0.9948507 -0.009088933 -0.162101 -0.9834131 -0.08137661 -0.5284618 -0.8488699 -0.01216894 0.4036669 0.4406961 -0.801773 0 0.4583976 -0.8887473 0 0.5494246 -0.8355433 0.492388 0.5064073 -0.7078882 -0.4835068 -0.2387678 0.8421468 -4.87296e-5 -0.3010334 0.9536136 0 -0.2742888 0.9616475 -0.5702388 -0.1946455 0.7980857 0.7472964 0.5522916 -0.369489 0 0.7957428 -0.6056347 0 0.2054023 0.9786776 0.786337 0.0676068 0.6140877 -0.5234971 -0.08436381 0.8478405 -0.03172349 -0.1188666 0.9924034 -3.844e-5 -0.2547339 0.9670112 -0.4850538 -0.2023219 0.8507577 0.4189113 0.2971541 -0.8580284 0 0.3014659 -0.9534771 5.69631e-5 0.3885996 -0.9214068 0.4122669 0.3727436 -0.8313233 -0.5267652 0.3891015 0.7557238 -0.129278 0.4532569 0.8819555 -0.03080433 0.2582154 0.9655961 -0.4960482 0.2026724 0.8443105 0.4393489 0.1718394 -0.8817278 0.00556457 0.1071075 -0.9942319 0 0.103003 -0.9946811 0.4242277 0.1352581 -0.8953973 0.4238152 0.8996078 -0.1052921 0.238478 0.9701018 0.04506605 0.0448836 0.8653392 -0.4991731 0.3756822 0.7779725 -0.5036085 -0.4005451 0.7092658 0.5800912 -0.05444246 0.8539246 0.5175412 -0.1357958 0.3503462 0.9267238 -0.567534 0.3785164 0.7311844 -0.7951117 -0.3579579 -0.4895546 -0.1066232 -0.564315 -0.8186454 0 -0.7203705 -0.6935896 -0.8293054 -0.4175954 -0.371304 0.7946674 0.197995 0.5738482 0 0.3737489 0.9275299 0 0.4536917 0.8911588 0.8755693 0.2015586 0.439036 -0.9271705 -0.3394227 -0.1585786 0 -0.894609 -0.4468498 -1.19925e-4 -0.3347747 0.9422982 -0.9744466 -0.03773897 0.2214263 0.7261402 -0.05896651 0.6850136 0.05023807 -0.03288495 0.9981958 0 0.05727511 0.9983585 0.8065301 -5.54666e-4 0.5911929 0.8389855 -0.001965105 0.5441502 0.226588 0.04172092 0.9730968 0.05022573 0.06067371 0.9968932 0.7046623 0.04815012 0.7079073 -0.8359627 -0.4781984 -0.2692448 -0.4624093 -0.7551586 -0.4646648 -0.6193449 -0.4437071 -0.6477159 -0.900125 -0.1946644 -0.3897187 -0.8781088 -0.1292666 -0.4606682 -0.5100738 -0.2602277 -0.8198209 -0.327398 -0.2861167 -0.9005265 -0.8508332 -0.1698123 -0.4972391 -0.5188735 -0.8485307 -0.1037594 -0.2637733 -0.9579496 -0.1129441 -0.2725591 -0.9356508 -0.2242079 -0.5972986 -0.78744 -0.1522263 0.456008 -0.8501653 0.2632027 0.08538216 -0.9495741 0.3016934 0.2237055 -0.260801 0.939116 0.7696245 -0.3889364 0.5063662 -0.3825043 0.05719506 0.9221818 -0.01679933 0.02592927 0.9995226 7.83023e-6 0.1677503 0.9858296 -0.4870616 0.1912982 0.8521596 0.4570974 0.1997465 -0.8666968 0.08884388 0.2108296 -0.9734771 0 0.07297867 -0.9973335 0.4622789 0.1067173 -0.8802896 0.757607 0.3188728 -0.569519 0 0.4267227 -0.9043826 0 0.4864524 0.8737071 0.7305089 0.3560552 0.5827363 -0.502676 -0.1864564 0.8441273 -0.07749247 -0.2296173 0.9701912 -0.01649987 -0.1872248 0.9821786 -0.3806394 -0.1549512 0.911649 0.6027977 0.4731391 -0.6424753 0.3020668 0.6355715 -0.710496 0.2267561 0.5792236 -0.7829954 0.4203886 0.4430111 -0.7918425 0.4066222 0.8857599 -0.2238031 0.1587094 0.9824329 -0.09816837 0.3265052 0.4311037 -0.8411564 0.7285041 0.3513141 -0.5880988 -0.436414 0.5806685 0.6872896 -0.04673379 0.781776 0.6218057 -0.07900953 -0.002771615 0.9968701 -0.5092965 0.03843802 0.8597323 0.3077665 0.9462674 0.09928619 -3.34039e-6 0.9959313 0.09011608 -2.17178e-6 0.9950273 0.09960275 0.3682136 0.9234983 0.1075626 0.9770332 -5.35541e-7 0.2130874 -4.46236e-5 -0.9754971 0.2200126 0.7000507 -0.6912537 0.1791579 0.5729125 -0.7754866 0.2653151 0.08638793 -0.955475 0.282143 0.3270019 -0.3759183 0.8670383 0.8861523 -0.3251588 0.3301606 -0.360584 -0.9248499 0.120962 -0.03697448 -0.9926272 0.1154309 -0.010185 -0.9943337 0.1058153 -0.4310209 -0.8951815 0.1134512 -0.2758163 -0.9569581 0.09031391 -0.04908418 -0.9934843 0.1028586 -0.1008759 -0.9941821 0.03776276 -0.3720963 -0.9193333 0.1279481 0.2330656 0.9687741 0.08460134 0.005417048 0.9985327 0.05388307 2.94047e-4 0.9998717 0.01601946 0.3168766 0.947927 0.0319963 0.3176348 0.9437654 0.09173458 0.001435637 0.9969335 0.07824063 3.06909e-6 0.9952028 0.09783416 0.3074353 0.945267 0.1093334 0.4990648 0.86532 0.0464282 0.2439112 0.9682927 0.0540055 0.2664315 0.9608941 0.07547754 0.5268194 0.8466197 0.07547539 -0.5034866 -0.8577898 0.1034308 -0.1844395 -0.9758269 0.1172344 -0.04815644 -0.9748565 0.217568 -0.2769263 -0.9426441 0.1863712 0.4538456 0.8841914 0.1105892 0.07878822 0.9917701 0.1009194 0.2437507 0.9698179 0.006232678 0.5393253 0.8414757 0.03235965 -0.4421854 -0.8928418 0.08547413 -0.08098888 -0.9929977 0.08600211 -0.1842548 -0.9813743 0.05435609 -0.5036678 -0.8611994 0.06822389 -0.5546432 -0.8308774 0.04487478 -0.2595458 -0.9646513 0.04564958 -0.2608302 -0.964711 -0.03606158 -0.5409687 -0.840605 -0.02713352 0.5388017 0.839964 0.06444603 0.2172415 0.9737913 0.06735569 0.2057529 0.9780405 0.03320622 0.5035438 0.8636096 0.02494579 0.4231716 0.8497319 0.3144543 0.1155494 0.9568019 0.2667931 0.1607921 0.975237 0.1518507 0.536373 0.8270063 0.1684178 -0.5663015 -0.8209449 0.07315868 -0.2277213 -0.9709613 0.07333052 -0.2488487 -0.9672194 0.05060821 -0.5583524 -0.8281806 0.04857671 0.4456821 0.8949331 -0.0215013 -0.1034577 0.3024442 -0.9475359 -0.2845948 -0.226646 -0.9314706 0.1197922 0.9919347 -0.04142069 -0.07668304 -0.3020732 -0.9501955 0.5086911 -0.860949 6.69336e-4 0.1745586 -0.9845595 -0.01310783 -0.1120135 0.6482685 -0.7531275 -0.4545639 -0.8263979 0.3323224 -0.1736223 -0.9357514 0.3069601 -0.2247067 -0.9581081 0.1775838 -0.5353381 -0.8228468 0.1906213 -0.814775 0.4022958 -0.4174923 -0.3820294 0.393688 -0.8361001 -0.2722001 0.7910156 -0.5479065 -0.6868558 0.5751248 -0.4443655 -0.3506122 -0.3983658 -0.8475707 -0.7821385 -0.2435083 -0.5735529 -0.6734399 -0.5922255 -0.4424339 -0.4132307 -0.8416174 -0.3477365 0.6807035 0.7101789 0.1796913 6.40468e-6 0.9781372 0.2079609 -9.61448e-6 0 1 0.9770341 -3.35467e-7 0.213083 -0.4829396 0.6260314 -0.6122533 -0.6511906 -6.38283e-5 -0.7589143 -0.8652507 0 -0.5013397 -0.6373564 0.6329211 -0.4395313 0.3113356 -0.6828502 0.6608978 0.5157943 0 0.8567126 0.6868864 0 0.7267648 0.3447722 -0.7515718 0.5623806 -0.5348575 0.8090316 -0.2437123 -0.9626877 0 -0.2706151 -0.2539436 0 0.9672191 0.1136289 0.9601221 0.2554489 0.1129888 -0.7030518 0.7021052 0.1787304 0 0.9838981 0.2589743 0 0.9658842 0.1605694 -0.700864 0.6949872 -0.2676179 0.6754841 -0.6870968 -0.3602216 0.05832022 -0.9310421 -0.3961038 0 -0.9182057 -0.2956554 0.6713008 -0.6796641 -0.3184519 0.7682043 -0.5553833 -0.5327073 0.3174891 -0.7844895 -0.4510882 0.1717302 -0.8758015 -0.3080213 0.7081561 -0.6353251 0.01845008 -0.7343993 0.6784669 0.05232423 -0.05324059 0.99721 0.1503741 -8.80906e-7 0.9886292 0.08543497 -0.7035453 0.7054961 -0.25235 -0.7456616 0.6166914 -0.3762434 -0.1928256 0.9062335 -0.1894469 -0.157403 0.9691926 -0.09273236 -0.7242446 0.6832793 -0.9115499 -0.2364631 0.3363959 -0.9643517 0.01675921 0.2640926 -0.5468257 -0.1410633 0.8252775 -0.5115614 -0.6569492 0.5538256 -0.3867581 0.8643968 -0.3213042 -0.6889176 0.5314738 -0.4928774 -0.6149011 0.4837263 -0.6228207 -0.2997874 0.8330085 -0.4649996 -0.2104198 0.9271306 0.3100843 -0.5606598 0.3610373 0.7451931 -0.4451125 0.09666895 0.8902416 -0.1327143 0.9475736 0.2906738 0.4846764 -0.7916585 -0.3719756 0.7791616 -0.07731598 -0.6220366 0.8527766 0 -0.5222761 0.4886347 -0.828687 -0.272973 0.4264637 -0.8989475 -0.1001107 0.9678072 0 -0.2516927 0.7612274 -0.07008451 0.6446867 0.1479482 -0.9786731 0.1425146 0.3540503 -0.8699771 -0.343203 0.6653444 -0.4346021 -0.606991 0.6904585 -0.2710608 -0.6706663 0.3812453 -0.8437243 -0.3778644 0.6150439 -0.774633 -0.1471899 0.8935101 -0.3501162 -0.2811735 0.7206138 -0.5011708 -0.4791071 0.3927147 -0.8755589 -0.2813748 0.09158706 0.9092786 0.4059854 0.07330745 0.2143287 0.9740069 -0.178689 0.3098205 0.9338531 -0.03490775 0.9026582 0.4289401 -0.1827511 0.8909009 0.4158096 -0.4681686 0.2782477 0.8386874 -0.559709 0.3613215 0.7457699 -0.2058566 0.9279995 0.310548 0.908391 -0.4181086 -0.003316223 0.9971566 -0.06006532 -0.04550606 0.9814028 -0.1513398 -0.1180884 0.8288104 -0.5590996 -0.02193534 0.7665152 0.5847148 0.2656372 0.7317454 0.02149206 0.6812391 0.2087279 0.09511476 0.9733375 0.2636225 0.8783333 0.3987905 -0.9570241 0.2759073 0.0893315 -0.9969095 -0.0124439 0.07756698 -0.9950928 7.25752e-7 0.09894698 -0.9242746 0.366242 0.1076255 0.9435153 -0.3121361 0.1111305 0.9959312 -2.87647e-6 0.09011656 0.9949671 -7.27145e-7 0.1002022 0.9159014 -0.3863504 0.1088943 0 0.9781371 0.2079609 -0.7126194 0.6788316 0.1770913 -0.9793171 0 0.2023315 -8.77585e-5 0 1 -0.9833431 0.1477442 0.105868 -0.9950038 -0.05050528 0.08612072 -0.9981341 -0.01322823 0.05961036 -0.9584174 0.2751401 0.07572472 0.9927304 -0.08886468 0.0811764 0.9948056 -4.44659e-7 0.1017931 0.9952028 -3.29095e-6 0.09783399 0.9688683 -0.2137828 0.1248648 0.927578 -0.3504417 0.1295754 0.9933682 -3.28238e-4 0.1149772 0.9946572 0 0.1032332 0.9731017 -0.2127695 0.0883314 -0.9355726 0.3339808 0.1147208 -0.9903813 0.1004057 0.09520423 -0.9866661 0.1437628 0.07630407 -0.8760343 0.4191469 0.2384951 0.8847154 -0.4276276 0.1855083 0.9628306 -0.008532404 0.2699715 0.9897047 -4.08163e-4 0.1431242 0.9230694 -0.3489313 0.161833 -0.7951363 0.6064034 -0.005776166 -0.938983 0.2775987 -0.203101 -0.7521238 0.4472611 -0.4840117 -0.6161119 0.7771316 -0.1283466 -0.8883108 0.4544138 0.06642395 -0.9908719 0.1206429 0.06015348 -0.9920105 0.1010418 0.07553637 -0.9272577 0.3682103 0.06793016 -0.9484881 0.3089829 0.07000023 -0.9967215 0.07408648 0.03252077 -0.9919177 0.1207701 0.03891074 -0.8891534 0.4549533 0.04923188 0.9658027 -0.2586243 0.01839983 0.9996282 0.01698273 0.02133196 0.9999508 -0.006529808 -0.00747621 0.9240688 -0.379567 0.0450074 0.8939493 -0.446581 0.03768593 0.9949355 -0.08689165 0.05052936 0.9986331 0.01696592 0.04943931 0.9581972 -0.2858997 0.01093131 -0.8383859 0.5414029 0.06318241 -0.97737 0.2019471 0.06296992 -0.9932504 0.1035198 0.05231815 -0.9379636 0.345539 0.02876126 0.8287807 -0.5557608 0.06521141 0.9677708 -0.2400799 0.07603543 0.9790745 -0.1952534 0.05735146 0.8939201 -0.4465675 0.03852885 -0.9847137 0.1741797 -7.75697e-4 -0.9938828 0.1025127 0.04108887 -0.9969592 0.07410389 0.02410578 -0.9530351 0.3013665 0.0300408 -0.6551514 0.6751149 0.3391115 -0.921221 0.2371737 0.3083836 -0.9626719 0.235784 0.1329239 -0.7807641 0.6021775 0.1667023 0.7978943 -0.5080062 0.3244913 0.939014 -0.1710066 0.2983447 0.9630119 -0.2063887 0.1732393 0.7896203 -0.5842148 0.1875973 -0.05380314 0.863272 -0.5018635 -0.9836847 -0.1785517 -0.02199327 -0.9115796 0.2534095 -0.3237379 0.2864561 0.7046769 -0.6491328 0.2973672 -0.08316135 -0.9511346 0.8399189 0.5427104 -0.001311361 0.9835235 0.1787427 -0.02706885 -0.5669385 -0.09830653 -0.8178732 0.1022912 -0.9157407 -0.3885301 0.09459501 -0.786546 -0.6102436 0.5705509 -0.6477695 -0.5048429 0.3640502 -0.8286172 -0.4252778 0.1406158 0.7804494 -0.6092011 0.154702 0.9021911 -0.4026396 0.4223403 0.8004403 -0.4253518 0.5960898 0.6272325 -0.5012549 0.1662178 -0.9375144 0.3056771 0.497645 -0.8090712 0.3126553 0.5236043 -0.8323782 0.1816183 0.1880447 -0.9659785 0.1775522 -0.5688819 0.09884732 -0.8164575 0.9851135 -0.1711707 -0.01588481 0.8485795 -0.5290681 2.70775e-4 -0.2262969 0.1410905 -0.963786 0.1161566 0.642367 -0.7575436 -0.1779361 -0.9840188 -0.006770551 -0.595655 -0.8032286 -0.004359066 -0.01511186 0.6527028 -0.7574634 -0.08352988 -0.6738603 -0.734122 -0.9723089 -0.1763831 -0.1533115 -0.9826956 0.1838482 -0.02256602 -0.1025862 -0.8677369 -0.4863217 -0.1136279 0.9932059 -0.02511769 0.07500821 -0.6556369 -0.7513417 -0.07882362 -0.6728723 -0.7355474 -0.5241082 0.8514069 -0.02042448 0.1465204 -0.9868807 0.06781119 0.4989139 -0.8639735 0.06807905 0.4328549 -0.9003739 0.04431247 0.1467141 -0.9881855 0.04432147 0.9385015 0.1705603 0.3002067 0.7804213 0.5438718 0.3084576 0.7930641 0.5815762 0.181159 0.9617859 0.2056998 0.1807085 -0.923495 -0.2341463 0.3038628 -0.6754109 -0.6618178 0.3252959 -0.7725731 -0.6126567 0.1666812 -0.9721071 -0.1755779 0.1555001 -0.1208047 0.9558641 0.2678248 -0.4200319 0.8458185 0.3288835 -0.4943952 0.8523054 0.1707305 -0.1677278 0.9720931 0.1640196 -0.9779929 -0.2037444 0.04492539 -0.8452934 -0.5323529 0.04560154 -0.8460268 -0.5328158 0.01860153 -0.9812756 -0.1912516 0.02282655 0.9782209 0.1946808 0.07199573 0.8341727 0.5469479 0.07073855 0.8358532 0.5467758 0.04884463 0.9791547 0.1948664 0.05729913 -0.9748231 -0.2128005 0.06660175 -0.8091302 -0.5836668 0.06812876 -0.8361213 -0.5462729 0.04987096 -0.9704974 -0.2359437 0.04965376 -0.2113035 0.9751666 0.0663402 -0.5654466 0.8222956 0.06403344 -0.5748217 0.8177253 0.03009146 -0.2148413 0.9760707 0.03360486 0.7750372 -0.6319043 -0.003806352 0.8650371 -0.4877746 0.1174173 0.8788945 -0.4621666 0.1180961 0.779042 -0.6269577 -0.004230618 -0.9670812 0.1960937 -0.1621769 -0.9597232 0.1542937 0.2347868 -0.9646189 0.1192165 0.235155 -0.9611366 0.2252163 -0.1596686 0.05027794 -0.9979354 0.03996258 0.4037627 -0.9139387 0.04113376 0.4040672 -0.914623 -0.01394909 0.007913291 -0.9992502 -0.03790056 0.9926437 0.1049135 0.06043058 0.9911206 0.13117 0.02178221 0.9510647 0.3010128 0.06976658 0.9938547 0.08804631 0.06708812 0.06417262 -0.9949094 0.07769984 0.2870075 -0.9549629 0.07531636 0.2942991 -0.9539026 0.05880588 0.07789909 -0.9954159 0.05548876 0.9911093 0.1297033 0.02965706 0.8738196 0.4850739 0.03380376 0.8740332 0.485697 0.01281875 0.9823327 0.1869944 -0.007464766 -0.9860444 -0.1653501 0.01938402 -0.9134296 -0.4069447 -0.006506323 -0.9194702 -0.3920163 0.02996456 -0.985589 -0.1652737 0.03604185 -0.01367205 0.9951304 0.0976147 -0.450304 0.8881371 0.09186333 -0.547438 0.8362984 0.03027647 -0.07800447 0.9966749 0.02354812 0.08729475 -0.9887505 0.1214579 0.3892911 -0.9095261 0.1456533 0.323533 -0.9240157 0.2037678 0.05831319 -0.9781419 0.1995949 0.5951006 0.8028637 0.0355696 0.6533908 0.7507091 0.09755283 0.3499429 0.9302952 0.109959 0.5137178 0.857378 0.03157734 -0.9879376 -0.1437451 0.05759006 -0.8649503 -0.4965463 0.07282018 -0.8648951 -0.4964618 0.0740413 -0.9870427 -0.1436146 0.07156664 -0.1659739 0.9839281 0.0658645 -0.5981321 0.7987844 0.06466346 -0.5974189 0.7978298 0.08098298 -0.2212179 0.971812 0.08151197 -0.9337596 -0.3474856 -0.08571285 -0.7624273 -0.6470592 0.004371762 -0.6076466 -0.7832967 -0.1311941 -0.7757833 -0.4423202 -0.4500147 0.9637834 0.008408904 0.2665541 0.9562889 0.1139906 0.2692911 0.9522368 0.2671691 0.1478703 0.9897758 0.001434803 0.1426245 -0.9771815 -0.187916 0.09901511 -0.8223271 -0.5580448 0.111194 -0.8223619 -0.5570547 0.1158064 -0.9787651 -0.1911707 0.07397866 -0.8723421 0.4810835 0.087053 -0.8469056 0.3862272 0.3654853 -0.8386608 0.419591 0.347263 -0.8492612 0.5189744 0.09706157 -0.001501858 0.9969357 0.07821166 -0.347693 0.9337396 0.08508825 -0.3456618 0.932694 0.102956 0 0.9952028 0.09783416 -0.00567919 0.9985252 0.05399262 -0.121553 0.9908813 0.05813127 -0.2053013 0.978373 0.02525216 -0.001014709 0.9998742 0.0158351 0.02706748 -0.9936206 0.1094784 0.368681 -0.9218565 0.1193939 0.3704337 -0.9262603 0.06943315 0.04647749 -0.9974623 0.05393445 0.9933716 -5.74985e-7 0.114948 0.9379122 0.3317741 0.1012271 0.9385859 0.3323897 0.09259462 0.994657 -9.57122e-7 0.1032351 0.03531342 -0.9926966 0.1153537 0.3489556 -0.9295408 0.1190963 0.3989694 -0.9101135 0.1118795 0.02387911 -0.9942272 0.1046039 -0.1073524 -0.9562709 0.2720686 -0.5929114 -0.7678066 0.2427535 -0.8715899 -0.3958017 0.2892612 -0.3297843 -0.4394243 0.835553 0.9948056 1.10935e-6 0.1017929 0.9440609 0.3120006 0.1067926 0.9407444 0.3213775 0.1082437 0.9952027 -2.68637e-7 0.09783512 -0.9950228 0.05066776 0.08580464 -0.9957069 -0.02561879 0.08894658 -0.997465 -0.02729028 0.06571906 -0.9973652 0.0369113 0.06245243 -0.9793169 0 0.2023326 -0.731662 -0.6576062 0.1795128 0 -0.9754971 0.2200124 0.9959314 -4.15806e-7 0.09011554 0.9397997 0.3268301 0.09979289 0.9118881 0.395749 0.1088244 0.9949672 -4.50609e-7 0.1002024 -0.9969095 0.01247018 0.07756334 -0.9522511 -0.2876646 0.1023084 -0.9280296 -0.3566129 0.1076493 -0.9950928 0 0.09894591 0 0.9959313 0.09011626 -0.3286777 0.9393125 0.09830051 -0.3978083 0.9109613 0.1090785 0 0.9950274 0.09960281 -0.9478338 0.247764 -0.2005595 -0.956709 0.05260968 0.2862519 -0.9560202 0.06340968 0.2863642 -0.9493912 0.2413108 -0.2010613 0.07269579 0.7698596 0.6340597 0.4520967 0.5370787 0.7121483 0.4825126 0.009585857 0.8758366 0.07943725 -0.0073179 0.9968131 0.9521917 0.08998906 0.2919471 0.9821318 0.1361395 -0.1299356 0.9680666 0.1725825 -0.1818305 0.9547567 0.05894446 0.2914878 -0.1120488 0.9876378 -0.1096215 -0.4196342 0.880007 -0.2224742 -0.7512586 0.3545047 -0.55672 -0.3395754 0.4327449 -0.8351171 -0.9539062 0.189673 -0.2325664 -0.9466025 0.1486079 0.2861111 -0.9234264 0.2161713 0.317102 -0.9512105 0.2040083 -0.2314717 -0.2281748 0.6173827 -0.7528447 -0.6343379 0.4663698 -0.6165344 -0.6369791 0.4591817 -0.6192011 -0.2363589 0.579637 -0.7798432 0.955899 0.02177488 0.2928877 0.9445877 0.2419129 -0.2218835 0.9348951 0.248307 -0.2536037 0.9496449 0.05457812 0.3085381 0.07259434 -0.230359 0.9703942 0.4125794 -0.1890078 0.8910973 0.351875 -0.1622669 0.9218751 0.04983073 -0.1981996 0.9788942 -3.30708e-5 0.4267233 -0.9043822 -0.7785351 0.3331768 -0.5318613 -0.7489343 0.3724284 0.5480827 0 0.4864502 0.8737083 -0.0929147 0.2118495 -0.9728755 -0.3673341 0.2238597 -0.9027472 -0.4959713 0.1127098 -0.8609931 0 0.07297867 -0.9973335 0.9342799 0.1477796 0.3244724 0.9477513 0.1901724 -0.2561287 0.9342868 0.1909786 -0.3010572 0.9249014 0.2262022 0.3055977 0.0160368 0.0257321 0.9995402 0.3484934 0.05250155 0.9358397 0.4549501 0.1876109 0.87053 0 0.1677498 0.9858297 0.9664188 -0.2532384 -0.04364871 0.9751723 -0.1282052 0.1805615 0.9843453 -0.0191887 0.1752033 0.9954603 -0.07788825 -0.05470144 -0.09178692 -0.9478295 0.3052776 -0.5536062 -0.7930258 0.2542248 -0.7865816 -0.4086293 0.4629381 -0.1714301 -0.3041882 0.93706 0.03961759 -0.993372 -0.1079007 0.3431918 -0.9340086 -0.0992344 0.4403975 -0.8845357 -0.1537746 0.07862716 -0.9691314 -0.2336707 -0.8285484 -0.5590338 0.0314455 -0.7830657 -0.6213275 -0.02757424 -0.8311573 -0.5556742 -0.02009522 -0.8965522 -0.4364169 0.07572746 0.3190366 -0.2342473 -0.9183377 0.8584061 -0.1303644 -0.4961292 0.8528876 -0.1762175 -0.4914572 0.3145304 -0.28526 -0.9053714 0.4250431 -0.7764781 -0.46521 0.7982695 -0.5319449 -0.28249 0.9175922 -0.2174713 -0.3327626 0.6027213 -0.4489895 -0.6596481 -0.9860348 -0.1103 0.1247779 -0.9735444 -0.2256401 -0.0360282 -0.9960751 -0.07422065 -0.04822552 -0.9858971 -0.02153128 0.1659614 -0.236644 0.03837138 0.9708385 -0.7968374 -0.04613023 0.6024303 -0.7342696 0.04256665 0.6775223 -0.1829712 0.08758968 0.9792087 -0.9933832 -0.01784563 0.113452 -0.9951224 -0.09327179 -0.03212237 -0.9901901 -0.1280505 -0.05591678 -0.9948741 -0.007546722 0.1008399 -0.9850184 -0.08846801 0.1480279 -0.9944593 -0.09611284 -0.04257881 -0.9941061 -0.1026664 -0.0348224 -0.9857061 -0.08102506 0.1477105 -0.05255407 -0.03318184 0.9980667 -0.7542722 -0.06172436 0.653654 -0.8294479 -0.006783604 0.5585431 0 0.05727511 0.9983584 0.9939864 -0.09639757 -0.05194664 0.9837888 -0.08806163 0.1562205 0.9845325 -0.07997864 0.1558822 0.9935204 -0.1012287 -0.0516743 0 -0.8946091 -0.4468497 0.903905 -0.3918338 -0.1715284 0.9665365 -0.09321206 0.2389953 1.14596e-4 -0.3347774 0.9422973 0 0.3737488 0.92753 -0.847841 0.1713475 0.5018024 -0.8923232 0.18509 0.4117051 0 0.4536918 0.8911587 0.9945375 -0.09680533 -0.03903567 0.9941338 -0.01583266 0.1069933 0.9942885 -0.005214214 0.1065993 0.9910765 -0.1278567 -0.03768533 0 -0.5568149 -0.8306366 0.7674682 -0.3742144 -0.5205347 0.8045264 -0.4412227 -0.3975674 0 -0.7203697 -0.6935904 0.2734589 0.9618415 0.009008705 0.169707 0.9764062 0.1335315 0.06098592 0.9898769 0.1281583 0.1420994 0.9898476 -0.003081321 0.59483 -0.8002563 0.07594174 0.6575153 -0.7525568 0.03649544 0.6559744 -0.75344 0.04501008 0.5397156 -0.8351676 0.1058413 0.7625341 -0.02043569 0.6466254 0.7581083 -0.5900504 0.2776914 0.4708233 -0.8004009 0.3710579 0.3011924 -0.09293061 0.9490243 0.960595 0.2756326 -0.03583413 0.8367563 0.5473664 -0.01513332 0.77884 0.6244628 -0.05877572 0.9499202 0.2903267 -0.1155937 -0.4680175 -0.2787908 0.8385913 -0.1720269 -0.9153413 0.3640837 -0.2049958 -0.9285136 0.3095793 -0.5644265 -0.3198348 0.7610049 0.08765476 -0.214481 0.9727871 0.1654151 -0.8892413 0.4264832 -0.03441035 -0.903277 0.427676 -0.1744536 -0.2845367 0.9426585 0.2107445 -0.9705957 0.1163218 0.3205062 -0.9471473 0.01370751 0.1410779 -0.9899804 -0.005995035 0.06112819 -0.9898983 0.1279247 0.8794978 0.3824996 -0.2831568 0.5875055 0.7934397 -0.1590307 0.3796932 0.8967496 -0.2273175 0.7208593 0.5004649 -0.4794757 -0.01819163 -0.9953812 0.09426331 0.08451735 -0.9963864 -0.00843048 0.1442621 -0.989147 -0.02787309 0.01241576 -0.9958311 0.09036701 0.005826115 -0.9914706 0.1302005 0.09948438 -0.9949952 -0.009353101 0.08038145 -0.9967224 -0.009133756 -0.01666104 -0.9934443 0.1130976 0.6824303 0.2734122 -0.6778899 0.3549123 0.869136 -0.3444412 0.3657382 0.8654165 -0.3424761 0.6905212 0.2705582 -0.6708046 0.09967732 0.9949731 -0.009645998 0.003734648 0.9934122 0.1145349 -0.01682901 0.9934172 0.11331 0.0806871 0.9966811 -0.0107882 0.9678071 0 -0.2516936 0.4643252 0.8803966 -0.0964576 0.1484541 0.9785404 0.142899 0.7517262 0 0.6594753 0.7751352 0 -0.6317955 0.4858359 0.7904217 -0.3730915 0.4899336 0.827609 -0.2739136 0.8527747 0 -0.5222789 0.08475792 0.9963639 -0.008669435 -0.01744532 0.9958654 0.08915156 0.01236933 0.9958159 0.09054183 0.1387335 0.9903117 -0.005984783 -0.5604509 -0.3616631 0.7450468 -0.2122248 -0.9250477 0.3150357 -0.132101 -0.9479418 0.2897511 -0.449023 -0.3049238 0.8398808 0.869743 0.341113 0.356636 0.9490416 0.3123485 -0.04193556 0.9818902 0.1772576 -0.06686884 0.9183931 0.1854511 0.3495172 0.05045121 0.8635137 0.5017957 0.3692229 0.732281 0.572223 0.5298991 0.4140567 0.7401109 0.118658 0.3695958 0.9215852 0.8569781 0.3792533 0.3489351 0.8881295 0.4588948 0.02532684 0.8541831 0.5197764 0.01428055 0.8155815 0.4625591 0.3476577 -0.2326729 0.9709431 0.05597341 -0.4489575 0.8916678 -0.05801481 -0.4023374 0.7842916 -0.4722408 -0.1309228 0.76776 -0.6272192 0.9393674 0.02971374 0.3416227 0.9887343 0.1294003 -0.07523459 0.9893526 0.1240193 -0.07616198 0.9409003 -0.0222432 0.3379526 -0.005820214 0.1072728 -0.9942126 -0.4583724 0.1946405 -0.8671851 -0.4590833 0.1412437 -0.8770934 0 0.103003 -0.9946811 -0.9547181 0.2974926 -0.003388702 -0.8799306 0.3283914 0.3433385 -0.9214876 0.1815506 0.3433659 -0.9829614 0.1782826 -0.04474681 0.1246659 0.4384877 0.890049 0.4948442 0.3993021 0.7718078 0.5359282 0.231482 0.8119096 0.09580093 0.2350444 0.9672519 -0.9883595 0.1434162 -0.05076843 -0.9459163 -0.01707774 0.3239611 -0.9306272 -2.83509e-4 0.3659687 -0.9755464 0.2164742 -0.03805691 0 0.3014655 -0.9534771 -0.4533073 0.2964303 -0.8406198 -0.4461491 0.3699328 -0.8149238 0 0.3886054 -0.9214044 -0.9907138 0.1248117 -0.05392742 -0.9429762 0.03384757 0.3311349 -0.9459098 -0.0169816 0.3239852 -0.9915828 0.1170986 -0.05524021 0.03030246 -0.1190826 0.9924219 0.4548221 -0.08625251 0.8863957 0.4544951 -0.209425 0.8657803 0 -0.2547328 0.9670115 0 0.7957437 -0.6056336 -0.7674146 0.5493217 -0.3306365 -0.7959246 0.1346911 0.5902225 0 0.2054008 0.978678 1.83561e-4 -0.3010395 0.9536117 0.4528227 -0.2472683 0.8566271 0.5388089 -0.2046225 0.8171993 0 -0.2742793 0.9616501 0.9409368 -0.0234068 0.3377726 0.9858538 0.1516463 -0.07138472 0.960186 0.2434412 -0.1370384 0.9382206 0.0274893 0.3449442 0 0.4583973 -0.8887474 -0.4369156 0.4375522 -0.7859089 -0.5288476 0.4993873 -0.6862453 0 0.5494182 -0.8355475 -0.6909455 -0.4683178 -0.5507022 -0.3981866 -0.8777064 -0.2666062 -0.3281722 -0.8965186 -0.297586 -0.6256669 -0.4825274 -0.6129506 -0.5100164 -0.8566909 0.07722771 -0.4667577 -0.8558383 0.2228857 -0.4711904 -0.8534536 0.2227026 -0.5124357 -0.8552086 0.07763999 -0.4738802 0.8726529 0.1179597 -0.5026593 0.864027 -0.0281248 -0.5420866 0.8402273 -0.01266443 -0.50674 0.8536474 0.1204199 -0.9633973 -0.02039605 0.2673007 -0.9009745 0.2737702 0.3365932 -0.5453715 0.6612208 0.5151281 -0.5577812 0.1382988 0.8183848 -0.09190779 0.9922388 0.08375674 -0.143805 0.9825178 -0.1182325 -0.1197367 0.9849534 -0.1246199 -0.06166934 0.9947794 0.08130735 -0.2376219 0.9664736 0.09728682 -0.2635126 0.9611549 -0.08211266 -0.1597895 0.9810148 -0.1098968 -0.1281945 0.9879795 0.08638727 -0.3548141 0.138566 0.9246116 -0.2784422 0.7742503 0.5683365 -0.1480067 0.8086193 0.5694112 -0.1934655 0.1566992 0.9685125 -0.2484803 -0.9682076 0.02883684 -0.2162334 -0.9525781 0.2140986 -0.1041765 -0.9722745 0.2093556 -0.1449482 -0.9893509 0.0132246 -0.05735361 -0.9983481 -0.003440022 -7.49589e-4 -0.9794265 0.2018007 0.002547502 -0.9794917 0.2014691 -0.06977927 -0.9975602 -0.002130627 0.05113416 0.05307698 0.9972804 -0.01117044 0.7470808 0.6646394 0.06425529 0.7494836 0.6588973 0.1503888 0 0.988627 -0.1134158 -0.9935448 0.002372562 -0.05902534 -0.9764944 0.2073032 -0.02514052 -0.9786086 0.2041889 -0.08521056 -0.9963629 -4.81343e-4 -0.5176743 -0.164958 -0.839525 -0.3144157 -0.8038067 -0.5050126 -0.2920932 -0.8090028 -0.5100944 -0.4534981 -0.1718359 -0.8745353 0.0718494 0.9951394 0.06734478 -0.07335752 0.9885614 -0.1317772 -0.1549533 0.9748991 -0.1598787 0.1365351 0.9888108 0.06009435 -0.3552824 -0.0586043 -0.9329201 -0.2600846 -0.7228604 -0.6401789 -0.3072848 -0.7149991 -0.6279748 -0.3960957 0 -0.9182093 -0.03503233 0.9962883 0.07862925 -0.09091681 0.9873673 -0.1297693 -0.07821631 0.9882614 -0.1312316 -0.006284058 0.9971125 0.07567828 0.1787421 0 0.983896 0.09515047 0.7492297 0.6554397 0.164944 0.7459669 0.6452341 0.2589578 0 0.9658886 -0.9626873 0 -0.2706163 -0.7004814 -0.7073311 -0.0949136 -0.2150702 -0.8960322 0.3884216 -0.2540664 0 0.9671868 0.5158113 0 0.8567022 0.3927508 0.7076717 0.5873224 0.5205258 0.7341809 0.4359259 0.6868897 0 0.7267618 -0.168317 -0.9856979 0.00830686 -0.02444094 -0.9786388 0.2041297 -0.1066726 -0.9715835 0.211297 -0.3554066 -0.9342807 0.02838861 -0.6512036 0 -0.7589031 -0.5536195 -0.6399279 -0.5329144 -0.740758 -0.5924178 -0.3167315 -0.8652442 0 -0.5013508 0.9061919 -0.4154211 0.07900398 0.9543746 -0.2550745 0.1552624 0.9753542 -0.1627752 0.1489582 0.9472587 -0.3130742 0.0684511 -0.9343861 -0.332476 0.1279929 -0.9077588 -0.4155462 0.05740493 -0.8073914 -0.5848134 0.07818305 -0.8684853 -0.476815 0.1355761 0.09649872 -0.9952906 -0.009202301 0.4531791 -0.8913938 0.006768345 0.5002259 -0.8655633 -0.02396708 0.1357789 -0.9879497 -0.07429379 0.9062074 -0.4150672 0.08066916 0.9356624 -0.315439 0.1582222 0.8925076 -0.4206354 0.1627767 0.8298256 -0.5500051 0.09425461 -0.9806004 -0.1569064 0.1174876 -0.9710482 -0.2368879 0.03081804 -0.9908415 -0.1334407 0.02066105 -0.9908195 -0.07657879 0.1114116 0.1550722 -0.9831124 -0.09717392 0.5353704 -0.8426183 -0.05807793 0.6078202 -0.7872201 -0.1041115 0.1328332 -0.9756205 -0.1747003 -0.9407627 -0.3146229 0.126404 -0.8893378 -0.4532717 0.06019264 -0.9378972 -0.3441572 0.0436452 -0.9693633 -0.2142032 0.1202158 -0.4076859 -0.09101384 0.9085752 -0.926438 -0.2185917 0.3064806 -0.9318703 -0.1261247 0.3401622 -0.3299044 0.02937614 0.9435572 0.9983208 -0.04462915 0.03693211 0.990478 0.02150076 0.1359821 0.9904046 0.02814352 0.1353023 0.9979402 -0.05195575 0.03763067 -0.1237496 -0.04016995 0.9915001 -0.9254075 -0.1089427 0.3629771 -0.9343504 -0.00921601 0.3562365 3.90519e-4 0.1304545 0.9914543 0.9747714 -0.2168402 0.05292677 0.980277 -0.1288312 0.1498652 0.9880558 -0.05605232 0.1435404 0.9918709 -0.1194022 0.04399061 0.1374019 -0.9017595 -0.4098178 0.7409406 -0.6336274 -0.2225385 0.8600361 -0.4260321 -0.2807748 0.2084796 -0.7550995 -0.6215797 0 -0.9295027 -0.3688151 0.9586799 -0.2768453 -0.06549483 0.9719053 -0.08881181 0.2179738 0 -0.5407614 0.8411762 0.2302144 -0.6849437 -0.6912695 0.8951104 -0.3286752 -0.3012475 0.9265927 -0.2886855 -0.2410121 0.2188984 -0.7208122 -0.6576574 -0.9945761 5.0311e-5 0.1040121 -0.998108 -0.05991953 0.01379549 -0.9976233 -0.06821632 -0.009708762 -0.9946277 0.008147597 0.1031954 0 0.38999 0.9208191 -0.9320983 0.1181343 0.3423991 -0.952591 0.09845554 0.2878839 0 0.3597422 0.9330518 0.9104306 0.1460901 0.3870063 0 0.3899894 0.9208194 0 0.3597605 0.9330447 0.9117544 0.1317226 0.3890412 -0.911788 -0.3065 -0.2733138 -0.2403632 -0.6830712 -0.6896661 -0.07682615 -0.7254136 -0.6840125 -0.8932391 -0.3471708 -0.2856513 -0.9597619 -0.2694575 -0.07905763 0 -0.929503 -0.3688147 0 -0.5407263 0.8411986 -0.9786882 -0.09903067 0.1798952 -0.755483 -0.6172338 -0.2196995 -0.1437601 -0.9008099 -0.4097252 -0.2690531 -0.7505354 -0.6035785 -0.8701558 -0.4106884 -0.2723309 0.9091495 -0.07716792 0.4092583 0 -0.06198966 0.9980769 -3.73163e-4 0.1304547 0.9914543 0.9153268 0.01566749 0.4024072 0.9262599 -0.1473693 0.3468788 0.3148787 -0.1131093 0.9423682 0.3163931 0.04904931 0.9473593 0.938743 -0.03924846 0.3423758 -0.5729504 -0.8185128 -0.04200947 -0.1333642 -0.9869215 -0.0905534 -0.08495694 -0.9777358 -0.1918725 -0.6259758 -0.7729377 -0.1035463 -0.4550647 -0.8901611 0.0230112 -0.1423247 -0.9895336 -0.02381581 -0.1419672 -0.9870557 -0.07460904 -0.5183091 -0.8548299 -0.02493381 0.403594 0.4407191 -0.8017971 9.32982e-5 0.4583953 -0.8887485 0 0.5494175 -0.8355481 0.3848328 0.546297 -0.7439512 -0.4835616 -0.2387609 0.8421172 1.2987e-4 -0.3010264 0.9536159 0 -0.2742795 0.96165 -0.4852291 -0.1953524 0.8522854 0.736467 0.5730361 -0.3595083 0 0.7957487 -0.605627 0 0.2054033 0.9786775 0.7748306 0.1390434 0.6166883 -0.4851908 -0.08073747 0.8706731 0 -0.1125975 0.9936408 0 -0.2547389 0.96701 -0.4850648 -0.2023152 0.850753 0.4190357 0.2971364 -0.8579739 0 0.3014656 -0.9534771 0 0.3886051 -0.9214044 0.4122604 0.3727483 -0.8313243 -0.5575068 0.4093695 0.7222208 -0.0927788 0.4349513 0.8956615 -0.1001884 0.2359255 0.9665927 -0.5664641 0.2327784 0.7905268 0.4239003 0.1809002 -0.8874592 0 0.1122384 -0.9936813 0 0.103003 -0.9946811 0.4241794 0.1352627 -0.8954194 0.5382447 0.8404925 0.06216919 0.1603325 0.9840061 0.07762354 0.1243749 0.7632853 -0.6339768 0.5248565 0.6526792 -0.5463843 -0.4550844 0.7815599 0.4266876 -0.06793594 0.8608928 0.5042304 -0.1245979 0.3597105 0.9247075 -0.5608912 0.3663956 0.7423985 -0.8118833 -0.3494125 -0.4677141 0 -0.5568105 -0.8306396 0 -0.7203699 -0.6935901 -0.7340513 -0.513045 -0.4449197 0.8257875 0.1869662 0.532089 0 0.3737488 0.9275299 0 0.453698 0.8911556 0.8195298 0.2261572 0.5265207 -0.9175878 -0.3657357 -0.1557889 0 -0.8946135 -0.446841 0 -0.3347961 0.9422906 -0.9709141 -0.08820772 0.2225877 0.7016258 -0.05069202 0.7107402 0 -0.0407018 0.9991713 0 0.05727517 0.9983584 0.7287817 -0.009567201 0.6846793 0.7718869 -0.03409242 0.6348453 0.1756485 0.02501171 0.9841352 0.1750548 0.08840584 0.9805817 0.7730448 0.06552547 0.6309581 -0.8444509 -0.4730643 -0.2512226 -0.4509633 -0.7577524 -0.4716393 -0.4730594 -0.4450844 -0.7603387 -0.9295278 -0.2057207 -0.3060345 -0.9076787 -0.1433879 -0.39441 -0.3320897 -0.2353101 -0.9134252 -0.1245528 -0.2635823 -0.9565621 -0.8728764 -0.1722298 -0.4565343 -0.5626543 -0.8236971 -0.07030922 -0.2433173 -0.9622992 -0.1215607 -0.2713448 -0.9358904 -0.2246804 -0.6005276 -0.7855089 -0.1494746 0.4773747 -0.8517206 0.216068 0.08705085 -0.9497248 0.3007407 0.1641227 -0.2971535 0.9406188 0.8050479 -0.3553981 0.4749633 -0.3766592 0.05767637 0.9245547 0 0.02904409 0.9995782 0 0.1677536 0.9858291 -0.3672364 0.210775 0.9059312 0.33932 0.220709 -0.9144122 0 0.2298603 -0.9732236 0 0.07297867 -0.9973335 0.34432 0.1227315 -0.9307957 0.7522427 0.3390926 -0.5649312 0 0.4267235 -0.9043822 0 0.4864526 0.873707 0.7225616 0.3805826 0.5771149 -0.4448072 -0.1752876 0.8783057 -0.05192589 -0.2193883 0.9742549 -0.05214834 -0.197613 0.9788921 -0.4457806 -0.1609803 0.8805482 0.6824474 0.4883817 -0.543828 0.2188937 0.6171146 -0.7558143 0.07612848 0.5466063 -0.8339222 0.6046853 0.4678758 -0.6445526 0.6662145 0.7428405 -0.06592661 0.1072788 0.9881113 -0.1101238 0.3457971 0.4427299 -0.8272936 0.734221 0.3564519 -0.5778076 -0.6156051 0.6318962 0.4708902 -0.04242825 0.7802134 0.6240729 -0.07970148 -0.003145098 0.9968138 -0.5416155 0.02313381 0.840308 0.3028302 0.9478311 0.09954988 0 0.9959313 0.09011626 0 0.9950273 0.09960287 0.3024044 0.9465188 0.1124888 0.9770346 -3.36155e-7 0.2130808 0.01993143 -0.9760925 0.2164402 0.7000225 -0.6904262 0.1824289 0.5685333 -0.7929421 0.2191182 0.1034799 -0.9560166 0.2744524 0.3590813 -0.4123973 0.837251 0.8742689 -0.3493967 0.3370103 -0.3781726 -0.9180451 0.1190742 -0.02785164 -0.9927969 0.1165277 -0.02502477 -0.9941837 0.1047502 -0.3776751 -0.9184187 0.117765 -0.1962611 -0.9742987 0.1105604 -0.04844838 -0.9934926 0.1030789 -0.04863381 -0.9973451 0.05419957 -0.1999192 -0.9778114 0.06258755 0.3019339 0.9515891 0.0575695 0.003360867 0.998486 0.0549044 9.69887e-4 0.9998742 0.01583886 0.2997772 0.9533666 0.03501087 0.3173303 0.9438645 0.09176886 0 0.9969166 0.07846838 0 0.9952028 0.09783446 0.3167935 0.9422558 0.10861 0.5309454 0.845735 0.05319172 0.2667503 0.9620436 0.05758816 0.2381301 0.9686835 0.07033079 0.4891804 0.8696126 0.0669074 -0.43722 -0.8909242 0.1228532 -0.1337971 -0.9821109 0.1325014 -0.1328164 -0.974932 0.1785147 -0.4372277 -0.8923169 0.1122604 0.5062218 0.8572313 0.09430801 0.1603562 0.9839195 0.07866746 0.1585375 0.9871034 0.02220124 0.504364 0.8631293 0.02499616 -0.4677546 -0.880293 0.07930952 -0.1358239 -0.9879534 0.07416135 -0.1352025 -0.9888162 0.06295168 -0.4674468 -0.8808884 0.07436001 -0.5585606 -0.8282119 0.04555624 -0.2672195 -0.9624947 0.04688054 -0.2673088 -0.962817 -0.03911012 -0.5551123 -0.8315778 -0.01813387 0.5453142 0.8356901 0.06522709 0.2023654 0.9770898 0.06590884 0.131848 0.9909057 0.02687227 0.5438827 0.8386496 0.02929896 0.4716371 0.8348298 0.2839328 0.1579819 0.9581927 0.2385554 0.2129772 0.962946 0.1654563 0.4836342 0.856065 0.182348 -0.5700119 -0.8183377 0.07355254 -0.2484625 -0.9657181 0.0751999 -0.2594733 -0.9643828 0.05137562 -0.5701837 -0.8200218 0.04954576 0.4328997 0.9014402 -0.001924753 -0.116947 -0.2435222 -0.962819 -0.07356607 -0.6729382 -0.7360314 0.1086391 0.9937648 -0.0250861 -0.1375927 0.2328729 -0.9627245 0.5119192 -0.8590208 -0.004710257 0.1702619 -0.9853761 -0.006710648 -0.2953435 0.2169244 -0.9304387 -0.4410762 -0.8399314 0.3161756 -0.190666 -0.9359076 0.2961817 -0.1962033 -0.9630887 0.1842944 -0.5228363 -0.8317022 0.1868518 -0.787338 0.2416825 -0.5671759 -0.6332367 0.6525614 -0.4161429 -0.4513109 0.8163956 -0.3603009 -0.6477394 0.5097966 -0.5661636 -0.6001758 -0.68192 -0.4180601 -0.8074139 -0.4138278 -0.4205109 -0.6349095 -0.5230096 -0.5686396 -0.2280738 -0.810519 -0.5394826 0.680798 0.7102715 0.1789653 0 0.9781371 0.2079609 0.9770334 -2.67218e-7 0.2130863 -0.4828713 0.6261214 -0.6122152 -0.6512193 0 -0.7588897 -0.8652527 0 -0.5013361 -0.7305865 0.5056601 -0.4588587 0.3112992 -0.6829121 0.660851 0.5158012 0 0.8567084 0.6868903 0 0.7267612 0.3967 -0.6645432 0.6332548 -0.5821714 0.7804015 -0.2281448 -0.9626922 0 -0.2705988 -0.2539498 0 0.9672175 0.007073283 0.9635155 0.2675592 0.1130036 -0.7030485 0.7021061 0.178743 0 0.9838958 0.2589558 0 0.9658892 0.1605689 -0.700904 0.694947 -0.2623787 0.7160014 -0.6469154 -0.3540505 0 -0.9352263 -0.3961011 -7.93958e-5 -0.918207 -0.2956557 0.6712677 -0.6796966 -0.3198358 0.8287457 -0.459223 -0.5146142 0.1649844 -0.8413991 -0.4379373 0.05620396 -0.8972469 -0.3005272 0.7722374 -0.5597614 0.00998044 -0.7021151 0.7119936 0.040313 0 0.9991872 0.1503795 0 0.9886284 0.08542448 -0.7035236 0.7055192 -0.2791207 -0.7625891 0.5835662 -0.349024 -0.1395871 0.9266594 -0.1509895 -0.04877465 0.9873314 -0.131781 -0.7746 0.6185699 -0.9286215 -0.2782223 0.2454683 -0.9636189 0.02064073 0.2664821 -0.5583094 -0.1529924 0.8154042 -0.5008746 -0.6569432 0.5635159 -0.4134711 0.8722643 -0.2611447 -0.6744309 0.4717463 -0.5679776 -0.5884187 0.3089268 -0.7472133 -0.3302158 0.8780011 -0.3465136 -0.2131057 0.9245139 0.3160066 -0.5700952 0.2798705 0.7724403 -0.449139 0.3043488 0.8400274 -0.1357961 0.9365652 0.3231177 0.4727935 -0.8060308 -0.3560631 0.7751317 0 -0.6317998 0.8527752 0 -0.5222783 0.6129503 -0.7183025 -0.3291407 0.4629173 -0.8811913 -0.0959661 0.9678093 0 -0.251685 0.7517308 0 0.6594702 0.1413345 -0.9650002 0.2209057 0.3386537 -0.8942641 -0.2925842 0.6823663 -0.2739198 -0.6777495 0.6918069 -0.08906549 -0.7165687 0.3647734 -0.866301 -0.3412669 0.6120321 -0.7778785 -0.1425543 0.8866403 -0.3750882 -0.2705142 0.7432043 -0.3956636 -0.5395349 0.378813 -0.8973663 -0.2263505 0.1067118 0.8970836 0.4287818 0.04588371 0.2881178 0.9564951 -0.1745771 0.2839931 0.9427995 -0.03570359 0.9044463 0.4250909 -0.1728114 0.9147619 0.3651671 -0.4666379 0.342045 0.8156312 -0.5645895 0.3191955 0.7611525 -0.2245571 0.9058127 0.3592735 0.9090881 -0.4165842 -0.004076182 0.9907788 -0.1328359 -0.02668648 0.962629 -0.2563365 -0.08739078 0.8586535 -0.5099166 -0.05195623 0.6494731 0.5917574 0.4775018 0.7604236 0.06316095 0.6463487 0.2905912 0.2056327 0.9344902 0.2391251 0.8916702 0.3843742 -0.9493937 0.3014594 0.08816981 -0.9970661 0 0.07654625 -0.9950929 0 0.09894609 -0.9470927 0.3007263 0.1121569 0.9704468 -0.2206035 0.09781175 0.9959312 -9.72407e-7 0.09011667 0.9949671 -6.77313e-7 0.1002029 0.9433226 -0.3115854 0.1142675 0 0.9781372 0.207961 -0.712715 0.6789123 0.1763958 -0.979317 3.36245e-7 0.2023319 -0.969003 0.2287188 0.09338641 -0.9959961 -0.03436976 0.08252608 -0.9973673 -0.03683304 0.06246405 -0.971009 0.2256673 0.07883989 0.9713598 -0.2098615 0.1114373 0.9948055 -2.8036e-7 0.1017946 0.9952028 -2.69188e-7 0.09783393 0.9913765 -0.08284193 0.1015381 0.9355709 -0.3259785 0.1358133 0.9933573 -2.88396e-7 0.1150719 0.9946571 -9.59086e-7 0.1032338 0.937328 -0.3265891 0.1214733 -0.9346083 0.3362664 0.1158975 -0.9842185 0.139775 0.1085221 -0.9702476 0.2033305 0.1314398 -0.9343488 0.3273346 0.1408707 0.9062773 -0.3439639 0.2456632 0.9639228 -0.002684235 0.2661686 0.9897669 -0.001439511 0.1426864 0.9231479 -0.3486845 0.1619172 -0.7949336 0.6063778 -0.01966428 -0.9337562 0.3472129 -0.08684825 -0.7752541 0.5037203 -0.3811131 -0.5862116 0.7852365 -0.1993983 -0.8946719 0.4414602 0.06837487 -0.9917853 0.1122218 0.06138682 -0.9909402 0.1121259 0.07392734 -0.8935881 0.4409231 0.08418643 -0.8917109 0.4511572 0.03617888 -0.9947125 0.09926009 0.02635228 -0.9941433 0.09920352 0.04287147 -0.8913674 0.4507014 0.04829657 0.9587181 -0.2831676 0.02599376 0.9998598 -0.00652951 0.01542252 0.9982956 -0.05818355 0.004562079 0.9650999 -0.2616428 0.01119297 0.9314084 -0.3603748 0.05107384 0.9979581 -0.008095264 0.06335788 0.9992241 -0.008106231 0.03854489 0.9318327 -0.3605397 0.04121989 -0.841007 0.5372652 0.06366616 -0.9791591 0.1927682 0.06393879 -0.9812245 0.1874241 0.04550564 -0.8470692 0.5296207 0.04445105 0.8019551 -0.5933408 0.06938958 0.9781498 -0.1950692 0.07191061 0.9950124 -0.0868985 0.04898023 0.829606 -0.5563144 0.04762864 -0.9431983 0.3295482 0.04212903 -0.996744 0.0653609 0.04721707 -0.9974735 0.06540793 0.02772104 -0.9802381 0.1695384 0.1019304 -0.6560708 0.6758882 0.3357771 -0.9346509 0.2422378 0.2602856 -0.9725621 0.1743049 0.1540808 -0.809998 0.5572125 0.1828043 0.7855725 -0.5396232 0.3027914 0.93915 -0.2012754 0.2783625 0.9546114 -0.2368158 0.1806527 0.8109021 -0.5570226 0.1793426 -0.1627299 0.8325638 -0.5294871 -0.9860454 -0.06293094 -0.1541242 -0.9724386 0.1761957 -0.1527035 -0.04582107 0.6755 -0.7359349 -0.219815 -0.1420325 -0.9651467 0.8357461 0.5489941 -0.01157528 0.9851785 0.1708291 -0.01552051 -0.2062898 -0.2412756 -0.9482777 0.09494274 -0.9152506 -0.3915383 0.111733 -0.7905973 -0.6020563 0.4727447 -0.6449343 -0.6004767 0.1843402 -0.9036915 -0.3864717</float_array>
          <technique_common>
            <accessor source="#Cube-mesh-normals-array" count="1851" stride="3">
              <param name="X" type="float"/>
              <param name="Y" type="float"/>
              <param name="Z" type="float"/>
            </accessor>
          </technique_common>
        </source>
        <vertices id="Cube-mesh-vertices">
          <input semantic="POSITION" source="#Cube-mesh-positions"/>
        </vertices>
        <polylist material="bark-material" count="1856">
          <input semantic="VERTEX" source="#Cube-mesh-vertices" offset="0"/>
          <input semantic="NORMAL" source="#Cube-mesh-normals" offset="1"/>
          <vcount>3 3 3 3 3 3 3 3 3 3 3 3 3 3 3 3 3 3 3 3 3 3 3 3 3 3 3 3 3 3 3 3 3 3 3 3 3 3 3 3 3 3 3 3 3 3 3 3 3 3 3 3 3 3 3 3 3 3 3 3 3 3 3 3 3 3 3 3 3 3 3 3 3 3 3 3 3 3 3 3 3 3 3 3 3 3 3 3 3 3 3 3 3 3 3 3 3 3 3 3 3 3 3 3 3 3 3 3 3 3 3 3 3 3 3 3 3 3 3 3 3 3 3 3 3 3 3 3 3 3 3 3 3 3 3 3 3 3 3 3 3 3 3 3 3 3 3 3 3 3 3 3 3 3 3 3 3 3 3 3 3 3 3 3 3 3 3 3 3 3 3 3 3 3 3 3 3 3 3 3 3 3 3 3 3 3 3 3 3 3 3 3 3 3 3 3 3 3 3 3 3 3 3 3 3 3 3 3 3 3 3 3 3 3 3 3 3 3 3 3 3 3 3 3 3 3 3 3 3 3 3 3 3 3 3 3 3 3 3 3 3 3 3 3 3 3 3 3 3 3 3 3 3 3 3 3 3 3 3 3 3 3 3 3 3 3 3 3 3 3 3 3 3 3 3 3 3 3 3 3 3 3 3 3 3 3 3 3 3 3 3 3 3 3 3 3 3 3 3 3 3 3 3 3 3 3 3 3 3 3 3 3 3 3 3 3 3 3 3 3 3 3 3 3 3 3 3 3 3 3 3 3 3 3 3 3 3 3 3 3 3 3 3 3 3 3 3 3 3 3 3 3 3 3 3 3 3 3 3 3 3 3 3 3 3 3 3 3 3 3 3 3 3 3 3 3 3 3 3 3 3 3 3 3 3 3 3 3 3 3 3 3 3 3 3 3 3 3 3 3 3 3 3 3 3 3 3 3 3 3 3 3 3 3 3 3 3 3 3 3 3 3 3 3 3 3 3 3 3 3 3 3 3 3 3 3 3 3 3 3 3 3 3 3 3 3 3 3 3 3 3 3 3 3 3 3 3 3 3 3 3 3 3 3 3 3 3 3 3 3 3 3 3 3 3 3 3 3 3 3 3 3 3 3 3 3 3 3 3 3 3 3 3 3 3 3 3 3 3 3 3 3 3 3 3 3 3 3 3 3 3 3 3 3 3 3 3 3 3 3 3 3 3 3 3 3 3 3 3 3 3 3 3 3 3 3 3 3 3 3 3 3 3 3 3 3 3 3 3 3 3 3 3 3 3 3 3 3 3 3 3 3 3 3 3 3 3 3 3 3 3 3 3 3 3 3 3 3 3 3 3 3 3 3 3 3 3 3 3 3 3 3 3 3 3 3 3 3 3 3 3 3 3 3 3 3 3 3 3 3 3 3 3 3 3 3 3 3 3 3 3 3 3 3 3 3 3 3 3 3 3 3 3 3 3 3 3 3 3 3 3 3 3 3 3 3 3 3 3 3 3 3 3 3 3 3 3 3 3 3 3 3 3 3 3 3 3 3 3 3 3 3 3 3 3 3 3 3 3 3 3 3 3 3 3 3 3 3 3 3 3 3 3 3 3 3 3 3 3 3 3 3 3 3 3 3 3 3 3 3 3 3 3 3 3 3 3 3 3 3 3 3 3 3 3 3 3 3 3 3 3 3 3 3 3 3 3 3 3 3 3 3 3 3 3 3 3 3 3 3 3 3 3 3 3 3 3 3 3 3 3 3 3 3 3 3 3 3 3 3 3 3 3 3 3 3 3 3 3 3 3 3 3 3 3 3 3 3 3 3 3 3 3 3 3 3 3 3 3 3 3 3 3 3 3 3 3 3 3 3 3 3 3 3 3 3 3 3 3 3 3 3 3 3 3 3 3 3 3 3 3 3 3 3 3 3 3 3 3 3 3 3 3 3 3 3 3 3 3 3 3 3 3 3 3 3 3 3 3 3 3 3 3 3 3 3 3 3 3 3 3 3 3 3 3 3 3 3 3 3 3 3 3 3 3 3 3 3 3 3 3 3 3 3 3 3 3 3 3 3 3 3 3 3 3 3 3 3 3 3 3 3 3 3 3 3 3 3 3 3 3 3 3 3 3 3 3 3 3 3 3 3 3 3 3 3 3 3 3 3 3 3 3 3 3 3 3 3 3 3 3 3 3 3 3 3 3 3 3 3 3 3 3 3 3 3 3 3 3 3 3 3 3 3 3 3 3 3 3 3 3 3 3 3 3 3 3 3 3 3 3 3 3 3 3 3 3 3 3 3 3 3 3 3 3 3 3 3 3 3 3 3 3 3 3 3 3 3 3 3 3 3 3 3 3 3 3 3 3 3 3 3 3 3 3 3 3 3 3 3 3 3 3 3 3 3 3 3 3 3 3 3 3 3 3 3 3 3 3 3 3 3 3 3 3 3 3 3 3 3 3 3 3 3 3 3 3 3 3 3 3 3 3 3 3 3 3 3 3 3 3 3 3 3 3 3 3 3 3 3 3 3 3 3 3 3 3 3 3 3 3 3 3 3 3 3 3 3 3 3 3 3 3 3 3 3 3 3 3 3 3 3 3 3 3 3 3 3 3 3 3 3 3 3 3 3 3 3 3 3 3 3 3 3 3 3 3 3 3 3 3 3 3 3 3 3 3 3 3 3 3 3 3 3 3 3 3 3 3 3 3 3 3 3 3 3 3 3 3 3 3 3 3 3 3 3 3 3 3 3 3 3 3 3 3 3 3 3 3 3 3 3 3 3 3 3 3 3 3 3 3 3 3 3 3 3 3 3 3 3 3 3 3 3 3 3 3 3 3 3 3 3 3 3 3 3 3 3 3 3 3 3 3 3 3 3 3 3 3 3 3 3 3 3 3 3 3 3 3 3 3 3 3 3 3 3 3 3 3 3 3 3 3 3 3 3 3 3 3 3 3 3 3 3 3 3 3 3 3 3 3 3 3 3 3 3 3 3 3 3 3 3 3 3 3 3 3 3 3 3 3 3 3 3 3 3 3 3 3 3 3 3 3 3 3 3 3 3 3 3 3 3 3 3 3 3 3 3 3 3 3 3 3 3 3 3 3 3 3 3 3 3 3 3 3 3 3 3 3 3 3 3 3 3 3 3 3 3 3 3 3 3 3 3 3 3 3 3 3 3 3 3 3 3 3 3 3 3 3 3 3 3 3 3 3 3 3 3 3 3 3 3 3 3 3 3 3 3 3 3 3 3 3 3 3 3 3 3 3 3 3 3 3 3 3 3 3 3 3 3 3 3 3 3 3 3 3 3 3 3 3 3 3 3 3 3 3 3 3 3 3 3 3 3 3 3 3 3 3 3 3 3 3 3 3 3 3 3 3 3 3 3 3 3 3 3 3 3 3 3 3 3 3 3 3 3 3 3 3 3 3 3 3 3 3 3 3 3 3 3 3 3 3 3 3 3 3 3 3 3 3 3 3 3 3 3 3 3 3 3 3 3 3 3 3 3 3 3 3 3 3 3 3 3 3 3 3 3 3 3 3 3 3 3 3 3 3 3 3 3 3 3 3 3 3 3 3 3 3 3 3 3 3 3 3 3 3 3 3 3 3 3 3 3 3 3 3 3 3 3 3 3 3 3 3 3 3 3 3 3 3 3 3 3 3 3 3 3 3 3 3 3 3 3 3 3 3 3 3 3 3 3 3 3 3 3 3 3 3 3 3 3 3 3 3 3 3 3 3 3 3 3 3 3 3 3 3 3 3 3 3 3 3 3 3 3 3 3 3 3 3 3 3 3 3 3 3 3 3 3 3 3 3 3 3 3 3 3 3 3 3 3 3 3 3 3 3 3 3 3 3 3 3 3 3 3 3 3 3 3 3 3 3 3 3 3 3 3 3 3 3 3 3 3 3 3 3 3 3 3 3 3 3 3 3 3 3 3 3 3 3 3 3 3 3 3 3 3 3 3 3 3 3 3 3 3 3 3 3 3 3 3 3 3 3 3 3 3 3 3 3 3 3 3 3 3 3 3 3 3 3 3 3 3 3 3 3 3 3 3 3 3 3 3 3 3 3 3 3 3 3 3 3 3 3 3 3 3 3 3 3 3 3 3 3 3 3 3 3 3 3 3 3 3 3 3 3 3 3 3 3 3 3 3 3 3 3 3 3 3 3 3 3 3 3 3 3 3 3 3 3 3 3 3 3 3 3 3 3 3 3 3 3 3 3 3 </vcount>
          <p>695 0 929 0 653 0 0 1 653 1 837 1 0 2 235 2 698 2 0 3 613 3 889 3 1 4 610 4 839 4 511 5 701 5 248 5 1 6 248 6 705 6 1 7 513 7 841 7 2 8 232 8 888 8 694 9 890 9 240 9 2 10 240 10 701 10 236 11 697 11 232 11 3 12 235 12 837 12 609 13 839 13 242 13 242 14 702 14 238 14 238 15 698 15 235 15 237 16 889 16 693 16 693 17 891 17 243 17 4 18 243 18 703 18 4 19 239 19 699 19 241 20 838 20 608 20 608 21 836 21 233 21 233 22 699 22 239 22 239 23 703 23 241 23 607 24 841 24 513 24 513 25 705 25 256 25 6 26 256 26 709 26 515 27 843 27 607 27 7 28 692 28 890 28 614 29 700 29 250 29 7 30 250 30 704 30 616 31 892 31 692 31 8 32 691 32 891 32 615 33 702 33 249 33 8 34 249 34 707 34 617 35 893 35 691 35 9 36 606 36 838 36 9 37 241 37 703 37 251 38 706 38 245 38 245 39 840 39 606 39 10 40 690 40 895 40 619 41 711 41 264 41 264 42 715 42 621 42 10 43 621 43 897 43 689 44 892 44 616 44 616 45 704 45 258 45 258 46 708 46 618 46 11 47 618 47 894 47 12 48 688 48 893 48 617 49 707 49 257 49 12 50 257 50 711 50 619 51 895 51 688 51 605 52 840 52 245 52 13 53 245 53 706 53 259 54 710 54 253 54 13 55 253 55 842 55 345 56 713 56 272 56 272 57 717 57 344 57 344 58 754 58 342 58 14 59 342 59 752 59 321 60 710 60 265 60 265 61 714 61 320 61 320 62 743 62 318 62 15 63 318 63 741 63 16 64 604 64 843 64 515 65 709 65 267 65 267 66 713 66 517 66 16 67 517 67 845 67 17 68 687 68 894 68 17 69 618 69 708 69 17 70 266 70 712 70 620 71 896 71 687 71 18 72 603 72 847 72 519 73 717 73 280 73 280 74 721 74 521 74 521 75 849 75 603 75 19 76 686 76 896 76 620 77 712 77 274 77 274 78 716 78 622 78 19 79 622 79 898 79 685 80 897 80 621 80 20 81 621 81 715 81 273 82 719 82 623 82 20 83 623 83 899 83 21 84 602 84 844 84 261 85 714 85 275 85 21 86 275 86 718 86 269 87 846 87 602 87 22 88 601 88 849 88 22 89 521 89 721 89 22 90 288 90 725 90 523 91 851 91 601 91 377 92 716 92 282 92 23 93 282 93 720 93 376 94 770 94 375 94 23 95 375 95 768 95 684 96 899 96 623 96 24 97 623 97 719 97 281 98 723 98 625 98 24 99 625 99 901 99 25 100 600 100 846 100 269 101 718 101 283 101 283 102 722 102 277 102 277 103 848 103 600 103 683 104 903 104 627 104 26 105 627 105 727 105 440 106 800 106 642 106 26 107 642 107 918 107 27 108 682 108 900 108 624 109 720 109 290 109 27 110 290 110 724 110 626 111 902 111 682 111 681 112 901 112 625 112 28 113 625 113 723 113 289 114 727 114 627 114 28 115 627 115 903 115 409 116 722 116 291 116 291 117 726 117 408 117 29 118 408 118 787 118 29 119 407 119 785 119 30 120 599 120 852 120 293 121 730 121 304 121 304 122 734 122 301 122 301 123 854 123 599 123 31 124 598 124 850 124 285 125 726 125 297 125 31 126 297 126 730 126 293 127 852 127 598 127 32 128 597 128 851 128 523 129 725 129 299 129 299 130 729 130 525 130 525 131 853 131 597 131 680 132 902 132 626 132 626 133 724 133 298 133 298 134 728 134 628 134 33 135 628 135 904 135 34 136 596 136 855 136 527 137 733 137 312 137 34 138 312 138 737 138 529 139 857 139 596 139 595 140 855 140 302 140 35 141 302 141 735 141 35 142 480 142 823 142 477 143 881 143 595 143 36 144 679 144 904 144 628 145 728 145 305 145 36 146 305 146 732 146 630 147 906 147 679 147 37 148 678 148 905 148 629 149 731 149 307 149 307 150 735 150 631 150 631 151 907 151 678 151 38 152 594 152 928 152 38 153 677 153 909 153 633 154 739 154 310 154 38 155 310 155 857 155 39 156 676 156 906 156 630 157 732 157 314 157 39 158 314 158 736 158 632 159 908 159 676 159 40 160 675 160 907 160 40 161 631 161 735 161 40 162 313 162 739 162 633 163 909 163 675 163 41 164 593 164 854 164 301 165 734 165 315 165 41 166 315 166 738 166 309 167 856 167 593 167 329 168 741 168 318 168 42 169 318 169 743 169 328 170 747 170 326 170 42 171 326 171 745 171 592 172 844 172 516 172 43 173 516 173 712 173 43 174 322 174 742 174 531 175 859 175 592 175 322 176 712 176 266 176 266 177 708 177 323 177 44 178 323 178 740 178 319 179 742 179 322 179 591 180 842 180 253 180 45 181 253 181 710 181 321 182 741 182 316 182 45 183 316 183 858 183 337 184 745 184 326 184 46 185 326 185 747 185 46 186 336 186 751 186 46 187 334 187 749 187 590 188 858 188 316 188 47 189 316 189 741 189 329 190 745 190 324 190 47 191 324 191 860 191 48 192 331 192 742 192 319 193 740 193 330 193 48 194 330 194 744 194 327 195 746 195 331 195 49 196 589 196 859 196 531 197 742 197 331 197 49 198 331 198 746 198 533 199 861 199 589 199 50 200 588 200 862 200 332 201 749 201 334 201 334 202 751 202 333 202 50 203 333 203 863 203 51 204 587 204 860 204 324 205 745 205 337 205 51 206 337 206 749 206 332 207 862 207 587 207 52 208 339 208 746 208 327 209 744 209 338 209 52 210 338 210 748 210 52 211 335 211 750 211 53 212 586 212 861 212 533 213 746 213 339 213 53 214 339 214 750 214 535 215 863 215 586 215 353 216 752 216 342 216 54 217 342 217 754 217 352 218 758 218 350 218 54 219 350 219 756 219 585 220 847 220 270 220 55 221 270 221 719 221 55 222 346 222 755 222 341 223 865 223 585 223 584 224 845 224 517 224 56 225 517 225 713 225 345 226 752 226 536 226 56 227 536 227 864 227 57 228 346 228 719 228 273 229 715 229 347 229 57 230 347 230 753 230 343 231 755 231 346 231 583 232 866 232 538 232 58 233 538 233 756 233 360 234 760 234 540 234 58 235 540 235 868 235 582 236 864 236 536 236 59 237 536 237 752 237 353 238 756 238 538 238 59 239 538 239 866 239 60 240 355 240 755 240 343 241 753 241 354 241 60 242 354 242 757 242 351 243 759 243 355 243 61 244 581 244 865 244 341 245 755 245 355 245 61 246 355 246 759 246 349 247 867 247 581 247 62 248 369 248 763 248 359 249 761 249 368 249 62 250 368 250 765 250 367 251 767 251 369 251 362 252 759 252 351 252 351 253 757 253 361 253 63 254 361 254 761 254 359 255 763 255 362 255 64 256 580 256 867 256 64 257 349 257 759 257 64 258 362 258 763 258 357 259 869 259 580 259 360 260 756 260 350 260 350 261 758 261 363 261 363 262 762 262 358 262 65 263 358 263 760 263 66 264 579 264 870 264 542 265 764 265 366 265 366 266 766 266 543 266 66 267 543 267 871 267 67 268 578 268 869 268 357 269 763 269 369 269 67 270 369 270 767 270 365 271 871 271 578 271 371 272 760 272 358 272 68 273 358 273 762 273 370 274 766 274 366 274 68 275 366 275 764 275 577 276 868 276 540 276 69 277 540 277 760 277 69 278 371 278 764 278 542 279 870 279 577 279 385 280 768 280 375 280 70 281 375 281 770 281 384 282 774 282 383 282 70 283 383 283 772 283 71 284 379 284 721 284 280 285 717 285 378 285 71 286 378 286 769 286 374 287 771 287 379 287 72 288 674 288 900 288 72 289 276 289 721 289 72 290 379 290 771 290 373 291 911 291 674 291 673 292 898 292 622 292 73 293 622 293 716 293 377 294 768 294 634 294 73 295 634 295 910 295 74 296 672 296 913 296 381 297 775 297 392 297 74 298 392 298 779 298 389 299 915 299 672 299 75 300 671 300 911 300 373 301 771 301 386 301 75 302 386 302 775 302 381 303 913 303 671 303 76 304 386 304 771 304 374 305 769 305 387 305 76 306 387 306 773 306 382 307 775 307 386 307 670 308 910 308 634 308 77 309 634 309 768 309 385 310 772 310 636 310 77 311 636 311 912 311 78 312 401 312 779 312 390 313 777 313 400 313 78 314 400 314 781 314 398 315 783 315 401 315 79 316 392 316 775 316 382 317 773 317 394 317 79 318 394 318 777 318 390 319 779 319 392 319 669 320 912 320 636 320 80 321 636 321 772 321 395 322 776 322 638 322 80 323 638 323 914 323 395 324 772 324 383 324 81 325 383 325 774 325 393 326 778 326 391 326 81 327 391 327 776 327 82 328 668 328 916 328 640 329 780 329 399 329 82 330 399 330 782 330 641 331 917 331 668 331 667 332 914 332 638 332 83 333 638 333 776 333 83 334 402 334 780 334 640 335 916 335 667 335 402 336 776 336 391 336 84 337 391 337 778 337 403 338 782 338 399 338 84 339 399 339 780 339 85 340 666 340 915 340 389 341 779 341 401 341 85 342 401 342 783 342 397 343 917 343 666 343 417 344 786 344 406 344 86 345 406 345 784 345 416 346 788 346 414 346 86 347 414 347 790 347 87 348 576 348 850 348 87 349 522 349 724 349 87 350 410 350 786 350 545 351 873 351 576 351 410 352 724 352 290 352 290 353 720 353 411 353 88 354 411 354 784 354 88 355 406 355 786 355 89 356 575 356 848 356 89 357 277 357 722 357 89 358 409 358 785 358 404 359 872 359 575 359 90 360 425 360 790 360 414 361 788 361 424 361 90 362 424 362 792 362 422 363 794 363 425 363 91 364 574 364 872 364 404 365 785 365 418 365 91 366 418 366 789 366 412 367 874 367 574 367 92 368 418 368 785 368 407 369 787 369 419 369 92 370 419 370 791 370 415 371 789 371 418 371 93 372 573 372 873 372 93 373 545 373 786 373 417 374 790 374 547 374 547 375 875 375 573 375 433 376 793 376 423 376 94 377 423 377 795 377 94 378 432 378 799 378 94 379 431 379 797 379 95 380 572 380 874 380 412 381 789 381 426 381 426 382 793 382 420 382 420 383 876 383 572 383 426 384 789 384 415 384 96 385 415 385 791 385 427 386 795 386 423 386 96 387 423 387 793 387 97 388 571 388 875 388 547 389 790 389 425 389 97 390 425 390 794 390 549 391 877 391 571 391 98 392 570 392 878 392 428 393 797 393 431 393 431 394 799 394 429 394 98 395 429 395 879 395 99 396 569 396 877 396 549 397 794 397 434 397 99 398 434 398 798 398 551 399 879 399 569 399 100 400 434 400 794 400 422 401 792 401 435 401 100 402 435 402 796 402 100 403 430 403 798 403 101 404 568 404 876 404 101 405 420 405 793 405 101 406 433 406 797 406 428 407 878 407 568 407 665 408 918 408 642 408 102 409 642 409 800 409 448 410 804 410 644 410 102 411 644 411 920 411 440 412 727 412 296 412 296 413 731 413 442 413 103 414 442 414 802 414 103 415 438 415 800 415 443 416 730 416 297 416 297 417 726 417 441 417 104 418 441 418 801 418 104 419 439 419 803 419 664 420 905 420 295 420 105 421 295 421 730 421 443 422 803 422 437 422 105 423 437 423 919 423 106 424 457 424 807 424 447 425 805 425 456 425 106 426 456 426 809 426 455 427 811 427 457 427 450 428 803 428 439 428 439 429 801 429 449 429 107 430 449 430 805 430 107 431 447 431 807 431 663 432 919 432 437 432 108 433 437 433 803 433 450 434 807 434 445 434 108 435 445 435 921 435 448 436 800 436 438 436 438 437 802 437 451 437 109 438 451 438 806 438 109 439 446 439 804 439 465 440 808 440 454 440 110 441 454 441 810 441 464 442 814 442 462 442 110 443 462 443 812 443 111 444 662 444 921 444 445 445 807 445 457 445 111 446 457 446 811 446 453 447 923 447 662 447 459 448 804 448 446 448 112 449 446 449 806 449 458 450 810 450 454 450 112 451 454 451 808 451 661 452 920 452 644 452 113 453 644 453 804 453 459 454 808 454 646 454 113 455 646 455 922 455 114 456 473 456 815 456 463 457 813 457 472 457 114 458 472 458 817 458 471 459 819 459 473 459 115 460 660 460 922 460 115 461 646 461 808 461 465 462 812 462 648 462 648 463 924 463 660 463 116 464 467 464 811 464 455 465 809 465 466 465 116 466 466 466 813 466 463 467 815 467 467 467 117 468 659 468 923 468 453 469 811 469 467 469 117 470 467 470 815 470 117 471 461 471 925 471 118 472 658 472 926 472 650 473 816 473 470 473 470 474 818 474 651 474 118 475 651 475 927 475 657 476 925 476 461 476 461 477 815 477 473 477 119 478 473 478 819 478 119 479 469 479 927 479 475 480 812 480 462 480 120 481 462 481 814 481 474 482 818 482 470 482 120 483 470 483 816 483 121 484 656 484 924 484 121 485 648 485 812 485 121 486 475 486 816 486 650 487 926 487 656 487 489 488 820 488 478 488 122 489 478 489 822 489 488 490 826 490 486 490 122 491 486 491 824 491 480 492 735 492 307 492 307 493 731 493 482 493 123 494 482 494 821 494 479 495 823 495 480 495 124 496 567 496 853 496 124 497 525 497 729 497 483 498 820 498 552 498 552 499 880 499 567 499 483 500 729 500 306 500 306 501 733 501 481 501 481 502 822 502 478 502 125 503 478 503 820 503 126 504 497 504 827 504 487 505 825 505 496 505 126 506 496 506 829 506 495 507 831 507 497 507 127 508 566 508 880 508 127 509 552 509 820 509 489 510 824 510 554 510 127 511 554 511 882 511 128 512 491 512 823 512 479 513 821 513 490 513 128 514 490 514 825 514 487 515 827 515 491 515 129 516 565 516 881 516 477 517 823 517 491 517 129 518 491 518 827 518 485 519 883 519 565 519 505 520 828 520 494 520 130 521 494 521 830 521 504 522 834 522 502 522 130 523 502 523 832 523 131 524 564 524 883 524 485 525 827 525 497 525 131 526 497 526 831 526 493 527 885 527 564 527 499 528 824 528 486 528 132 529 486 529 826 529 498 530 830 530 494 530 132 531 494 531 828 531 563 532 882 532 554 532 133 533 554 533 824 533 499 534 828 534 556 534 133 535 556 535 884 535 562 536 886 536 558 536 558 537 832 537 502 537 502 538 834 538 559 538 559 539 887 539 562 539 561 540 884 540 556 540 135 541 556 541 828 541 135 542 505 542 832 542 135 543 558 543 886 543 136 544 507 544 831 544 495 545 829 545 506 545 136 546 506 546 833 546 503 547 835 547 507 547 137 548 560 548 885 548 493 549 831 549 507 549 137 550 507 550 835 550 501 551 887 551 560 551 504 552 830 552 557 552 138 553 557 553 885 553 138 554 560 554 887 554 138 555 559 555 834 555 139 556 506 556 829 556 492 557 884 557 561 557 139 558 561 558 886 558 139 559 500 559 833 559 503 560 833 560 500 560 500 561 886 561 562 561 140 562 562 562 887 562 501 563 835 563 503 563 141 564 496 564 825 564 484 565 882 565 563 565 141 566 563 566 884 566 492 567 829 567 496 567 498 568 826 568 555 568 142 569 555 569 883 569 564 570 885 570 557 570 142 571 557 571 830 571 488 572 822 572 553 572 143 573 553 573 881 573 565 574 883 574 555 574 143 575 555 575 826 575 144 576 490 576 821 576 144 577 476 577 880 577 144 578 566 578 882 578 484 579 825 579 490 579 145 580 482 580 731 580 145 581 294 581 853 581 567 582 880 582 476 582 476 583 821 583 482 583 146 584 435 584 792 584 146 585 548 585 876 585 568 586 878 586 550 586 146 587 550 587 796 587 432 588 795 588 421 588 147 589 421 589 877 589 569 590 879 590 429 590 147 591 429 591 799 591 430 592 796 592 550 592 148 593 550 593 878 593 148 594 570 594 879 594 551 595 798 595 430 595 427 596 791 596 413 596 149 597 413 597 875 597 571 598 877 598 421 598 149 599 421 599 795 599 424 600 788 600 546 600 150 601 546 601 874 601 572 602 876 602 548 602 548 603 792 603 424 603 151 604 419 604 787 604 405 605 873 605 573 605 573 606 875 606 413 606 413 607 791 607 419 607 416 608 784 608 544 608 152 609 544 609 872 609 574 610 874 610 546 610 152 611 546 611 788 611 153 612 411 612 720 612 153 613 520 613 848 613 575 614 872 614 544 614 153 615 544 615 784 615 154 616 408 616 726 616 285 617 850 617 576 617 576 618 873 618 405 618 405 619 787 619 408 619 155 620 368 620 761 620 356 621 868 621 577 621 577 622 870 622 364 622 155 623 364 623 765 623 370 624 762 624 541 624 156 625 541 625 869 625 578 626 871 626 543 626 156 627 543 627 766 627 367 628 765 628 364 628 157 629 364 629 870 629 157 630 579 630 871 630 365 631 767 631 367 631 158 632 363 632 758 632 158 633 539 633 867 633 580 634 869 634 541 634 158 635 541 635 762 635 352 636 754 636 537 636 159 637 537 637 865 637 581 638 867 638 539 638 159 639 539 639 758 639 160 640 354 640 753 640 340 641 864 641 582 641 160 642 582 642 866 642 348 643 757 643 354 643 161 644 361 644 757 644 348 645 866 645 583 645 161 646 583 646 868 646 356 647 761 647 361 647 162 648 347 648 715 648 262 649 845 649 584 649 162 650 584 650 864 650 340 651 753 651 347 651 163 652 344 652 717 652 519 653 847 653 585 653 585 654 865 654 537 654 163 655 537 655 754 655 336 656 747 656 325 656 164 657 325 657 861 657 586 658 863 658 333 658 164 659 333 659 751 659 338 660 744 660 532 660 165 661 532 661 860 661 587 662 862 662 534 662 165 663 534 663 748 663 335 664 748 664 534 664 166 665 534 665 862 665 166 666 588 666 863 666 535 667 750 667 335 667 328 668 743 668 317 668 167 669 317 669 859 669 589 670 861 670 325 670 167 671 325 671 747 671 168 672 330 672 740 672 530 673 858 673 590 673 168 674 590 674 860 674 532 675 744 675 330 675 169 676 323 676 708 676 514 677 842 677 591 677 169 678 591 678 858 678 530 679 740 679 323 679 170 680 320 680 714 680 261 681 844 681 592 681 592 682 859 682 317 682 170 683 317 683 743 683 314 684 732 684 526 684 171 685 526 685 854 685 593 686 856 686 528 686 171 687 528 687 736 687 172 688 308 688 908 688 655 152 928 152 594 152 172 689 594 689 857 689 529 690 737 690 308 690 173 691 481 691 733 691 527 692 855 692 595 692 173 693 595 693 881 693 173 694 553 694 822 694 313 695 735 695 302 695 174 696 302 696 855 696 596 697 857 697 310 697 174 698 310 698 739 698 296 699 727 699 286 699 175 700 286 700 851 700 597 701 853 701 294 701 294 702 731 702 296 702 298 703 724 703 522 703 176 704 522 704 850 704 598 705 852 705 524 705 176 706 524 706 728 706 305 707 728 707 524 707 177 708 524 708 852 708 599 709 854 709 526 709 177 710 526 710 732 710 178 711 282 711 716 711 518 712 846 712 600 712 178 713 600 713 848 713 520 714 720 714 282 714 289 715 723 715 278 715 179 716 278 716 849 716 601 717 851 717 286 717 179 718 286 718 727 718 274 719 712 719 516 719 180 720 516 720 844 720 602 721 846 721 518 721 518 722 716 722 274 722 281 723 719 723 270 723 181 724 270 724 847 724 603 725 849 725 278 725 181 726 278 726 723 726 182 727 264 727 711 727 254 728 843 728 604 728 604 729 845 729 262 729 262 730 715 730 264 730 183 731 258 731 704 731 512 732 840 732 605 732 183 733 605 733 842 733 514 734 708 734 258 734 250 735 700 735 510 735 184 736 510 736 838 736 184 737 606 737 840 737 184 738 512 738 704 738 185 739 257 739 707 739 246 740 841 740 607 740 185 741 607 741 843 741 254 742 711 742 257 742 186 743 510 743 700 743 234 744 696 744 508 744 186 745 508 745 836 745 608 746 838 746 510 746 509 747 697 747 236 747 187 748 236 748 701 748 511 749 839 749 609 749 187 750 609 750 837 750 188 751 249 751 702 751 188 752 242 752 839 752 610 753 841 753 246 753 246 754 707 754 249 754 189 755 654 755 888 755 232 756 697 756 509 756 189 757 509 757 837 757 653 758 929 758 654 758 508 759 696 759 612 759 190 760 612 760 888 760 654 761 929 761 611 761 190 762 611 762 836 762 632 763 736 763 528 763 191 764 528 764 856 764 652 765 928 765 655 765 191 766 655 766 908 766 192 767 472 767 813 767 460 768 924 768 656 768 192 769 656 769 926 769 192 770 468 770 817 770 474 771 814 771 649 771 193 772 649 772 925 772 657 773 927 773 651 773 193 774 651 774 818 774 471 775 817 775 468 775 468 776 926 776 658 776 658 777 927 777 469 777 469 778 819 778 471 778 464 779 810 779 647 779 195 780 647 780 923 780 659 781 925 781 649 781 195 782 649 782 814 782 196 783 466 783 809 783 452 784 922 784 660 784 196 785 660 785 924 785 460 786 813 786 466 786 197 787 456 787 805 787 444 788 920 788 661 788 197 789 661 789 922 789 452 790 809 790 456 790 458 791 806 791 645 791 198 792 645 792 921 792 662 793 923 793 647 793 198 794 647 794 810 794 199 795 451 795 802 795 643 796 919 796 663 796 199 797 663 797 921 797 645 798 806 798 451 798 200 799 442 799 731 799 629 800 905 800 664 800 200 801 664 801 919 801 643 802 802 802 442 802 201 803 449 803 801 803 436 804 918 804 665 804 201 805 665 805 920 805 444 806 805 806 449 806 403 807 778 807 639 807 202 808 639 808 915 808 666 809 917 809 641 809 202 810 641 810 782 810 203 811 400 811 777 811 388 812 914 812 667 812 667 813 916 813 396 813 203 814 396 814 781 814 398 815 781 815 396 815 204 816 396 816 916 816 668 817 917 817 397 817 204 818 397 818 783 818 205 819 394 819 773 819 380 820 912 820 669 820 205 821 669 821 914 821 388 822 777 822 394 822 206 823 387 823 769 823 372 824 910 824 670 824 206 825 670 825 912 825 380 826 773 826 387 826 384 827 770 827 635 827 207 828 635 828 911 828 671 829 913 829 637 829 207 830 637 830 774 830 393 831 774 831 637 831 208 832 637 832 913 832 672 833 915 833 639 833 208 834 639 834 778 834 209 835 378 835 717 835 268 836 898 836 673 836 209 837 673 837 910 837 372 838 769 838 378 838 210 839 376 839 720 839 624 840 900 840 674 840 210 841 674 841 911 841 210 842 635 842 770 842 315 843 734 843 303 843 211 844 303 844 907 844 675 845 909 845 311 845 211 846 311 846 738 846 212 847 312 847 733 847 212 848 300 848 906 848 676 849 908 849 308 849 212 850 308 850 737 850 213 851 652 851 856 851 309 852 738 852 311 852 213 853 311 853 909 853 213 854 677 854 928 854 304 855 730 855 295 855 214 856 295 856 905 856 678 857 907 857 303 857 214 858 303 858 734 858 215 859 306 859 729 859 215 860 292 860 904 860 679 861 906 861 300 861 300 862 733 862 306 862 299 863 725 863 284 863 216 864 284 864 902 864 680 865 904 865 292 865 292 866 729 866 299 866 217 867 291 867 722 867 279 868 901 868 681 868 217 869 681 869 903 869 287 870 726 870 291 870 288 871 721 871 276 871 276 872 900 872 682 872 682 873 902 873 284 873 218 874 284 874 725 874 219 875 441 875 726 875 287 876 903 876 683 876 219 877 683 877 918 877 436 878 801 878 441 878 283 879 718 879 271 879 220 880 271 880 899 880 684 881 901 881 279 881 279 882 722 882 283 882 275 883 714 883 263 883 221 884 263 884 897 884 685 885 899 885 271 885 271 886 718 886 275 886 222 887 272 887 713 887 222 888 260 888 896 888 222 889 686 889 898 889 268 890 717 890 272 890 267 891 709 891 252 891 223 892 252 892 894 892 687 893 896 893 260 893 260 894 713 894 267 894 259 895 706 895 247 895 224 896 247 896 893 896 688 897 895 897 255 897 255 898 710 898 259 898 225 899 256 899 705 899 244 900 892 900 689 900 225 901 689 901 894 901 252 902 709 902 256 902 226 903 265 903 710 903 226 904 255 904 895 904 690 905 897 905 263 905 226 906 263 906 714 906 251 907 703 907 243 907 227 908 243 908 891 908 691 909 893 909 247 909 227 910 247 910 706 910 248 911 701 911 240 911 228 912 240 912 890 912 228 913 692 913 892 913 244 914 705 914 248 914 229 915 613 915 698 915 229 916 238 916 702 916 615 917 891 917 693 917 693 918 889 918 613 918 612 919 696 919 234 919 230 920 234 920 700 920 614 921 890 921 694 921 230 922 694 922 888 922 231 923 233 923 836 923 611 924 929 924 695 924 231 925 695 925 889 925 231 926 237 926 699 926 0 927 695 927 653 927 235 928 0 928 837 928 613 929 0 929 698 929 695 930 0 930 889 930 511 931 1 931 839 931 1 932 511 932 248 932 513 933 1 933 705 933 610 934 1 934 841 934 694 935 2 935 888 935 2 936 694 936 240 936 236 937 2 937 701 937 2 938 236 938 232 938 609 939 3 939 837 939 3 940 609 940 242 940 3 941 242 941 238 941 3 942 238 942 235 942 4 943 237 943 693 943 4 944 693 944 243 944 239 945 4 945 703 945 237 946 4 946 699 946 5 947 241 947 608 947 5 948 608 948 233 948 5 949 233 949 239 949 5 950 239 950 241 950 6 951 607 951 513 951 6 952 513 952 256 952 515 953 6 953 709 953 6 954 515 954 607 954 614 955 7 955 890 955 7 956 614 956 250 956 616 957 7 957 704 957 7 958 616 958 692 958 615 959 8 959 891 959 8 960 615 960 249 960 617 961 8 961 707 961 8 962 617 962 691 962 241 963 9 963 838 963 251 964 9 964 703 964 9 965 251 965 245 965 9 966 245 966 606 966 619 967 10 967 895 967 10 968 619 968 264 968 10 969 264 969 621 969 690 970 10 970 897 970 11 971 689 971 616 971 11 972 616 972 258 972 11 973 258 973 618 973 689 974 11 974 894 974 617 975 12 975 893 975 12 976 617 976 257 976 619 977 12 977 711 977 12 978 619 978 688 978 13 979 605 979 245 979 259 980 13 980 706 980 13 981 259 981 253 981 605 982 13 982 842 982 14 983 345 983 272 983 14 984 272 984 344 984 14 985 344 985 342 985 345 986 14 986 752 986 15 987 321 987 265 987 15 988 265 988 320 988 15 989 320 989 318 989 321 990 15 990 741 990 515 991 16 991 843 991 16 992 515 992 267 992 16 993 267 993 517 993 604 994 16 994 845 994 618 995 17 995 894 995 266 996 17 996 708 996 620 997 17 997 712 997 17 998 620 998 687 998 519 999 18 999 847 999 18 1000 519 1000 280 1000 18 1001 280 1001 521 1001 18 1002 521 1002 603 1002 620 1003 19 1003 896 1003 19 1004 620 1004 274 1004 19 1005 274 1005 622 1005 686 1006 19 1006 898 1006 20 1007 685 1007 621 1007 273 1008 20 1008 715 1008 20 1009 273 1009 623 1009 685 1010 20 1010 899 1010 261 1011 21 1011 844 1011 21 1012 261 1012 275 1012 269 1013 21 1013 718 1013 21 1014 269 1014 602 1014 521 1015 22 1015 849 1015 288 1016 22 1016 721 1016 523 1017 22 1017 725 1017 22 1018 523 1018 601 1018 23 1019 377 1019 282 1019 376 1020 23 1020 720 1020 23 1021 376 1021 375 1021 377 1022 23 1022 768 1022 24 1023 684 1023 623 1023 281 1024 24 1024 719 1024 24 1025 281 1025 625 1025 684 1026 24 1026 901 1026 269 1027 25 1027 846 1027 25 1028 269 1028 283 1028 25 1029 283 1029 277 1029 25 1030 277 1030 600 1030 26 1031 683 1031 627 1031 440 1032 26 1032 727 1032 26 1033 440 1033 642 1033 683 1034 26 1034 918 1034 624 1035 27 1035 900 1035 27 1036 624 1036 290 1036 626 1037 27 1037 724 1037 27 1038 626 1038 682 1038 28 1039 681 1039 625 1039 289 1040 28 1040 723 1040 28 1041 289 1041 627 1041 681 1042 28 1042 903 1042 29 1043 409 1043 291 1043 29 1044 291 1044 408 1044 407 1045 29 1045 787 1045 409 1046 29 1046 785 1046 293 1047 30 1047 852 1047 30 1048 293 1048 304 1048 30 1049 304 1049 301 1049 30 1050 301 1050 599 1050 285 1051 31 1051 850 1051 31 1052 285 1052 297 1052 293 1053 31 1053 730 1053 31 1054 293 1054 598 1054 523 1055 32 1055 851 1055 32 1056 523 1056 299 1056 32 1057 299 1057 525 1057 32 1058 525 1058 597 1058 33 1059 680 1059 626 1059 33 1060 626 1060 298 1060 33 1061 298 1061 628 1061 680 1062 33 1062 904 1062 527 1063 34 1063 855 1063 34 1064 527 1064 312 1064 529 1065 34 1065 737 1065 34 1066 529 1066 596 1066 35 1067 595 1067 302 1067 480 1068 35 1068 735 1068 477 1069 35 1069 823 1069 35 1070 477 1070 595 1070 628 1071 36 1071 904 1071 36 1072 628 1072 305 1072 630 1073 36 1073 732 1073 36 1074 630 1074 679 1074 629 1075 37 1075 905 1075 37 1076 629 1076 307 1076 37 1077 307 1077 631 1077 37 1078 631 1078 678 1078 677 152 38 152 928 152 633 1079 38 1079 909 1079 38 1080 633 1080 310 1080 594 1081 38 1081 857 1081 630 1082 39 1082 906 1082 39 1083 630 1083 314 1083 632 1084 39 1084 736 1084 39 1085 632 1085 676 1085 631 1086 40 1086 907 1086 313 1087 40 1087 735 1087 633 1088 40 1088 739 1088 40 1089 633 1089 675 1089 301 1090 41 1090 854 1090 41 1091 301 1091 315 1091 309 1092 41 1092 738 1092 41 1093 309 1093 593 1093 42 1094 329 1094 318 1094 328 1095 42 1095 743 1095 42 1096 328 1096 326 1096 329 1097 42 1097 745 1097 43 1098 592 1098 516 1098 322 1099 43 1099 712 1099 531 1100 43 1100 742 1100 43 1101 531 1101 592 1101 44 1102 322 1102 266 1102 44 1103 266 1103 323 1103 319 1104 44 1104 740 1104 44 1105 319 1105 322 1105 45 1106 591 1106 253 1106 321 1107 45 1107 710 1107 45 1108 321 1108 316 1108 591 1109 45 1109 858 1109 46 1110 337 1110 326 1110 336 1111 46 1111 747 1111 334 1112 46 1112 751 1112 337 1113 46 1113 749 1113 47 1114 590 1114 316 1114 329 1115 47 1115 741 1115 47 1116 329 1116 324 1116 590 1117 47 1117 860 1117 319 1118 48 1118 742 1118 48 1119 319 1119 330 1119 327 1120 48 1120 744 1120 48 1121 327 1121 331 1121 531 1122 49 1122 859 1122 49 1123 531 1123 331 1123 533 1124 49 1124 746 1124 49 1125 533 1125 589 1125 332 1126 50 1126 862 1126 50 1127 332 1127 334 1127 50 1128 334 1128 333 1128 588 1129 50 1129 863 1129 324 1130 51 1130 860 1130 51 1131 324 1131 337 1131 332 1132 51 1132 749 1132 51 1133 332 1133 587 1133 327 1134 52 1134 746 1134 52 1135 327 1135 338 1135 335 1136 52 1136 748 1136 339 1137 52 1137 750 1137 533 1138 53 1138 861 1138 53 1139 533 1139 339 1139 535 1140 53 1140 750 1140 53 1141 535 1141 586 1141 54 1142 353 1142 342 1142 352 1143 54 1143 754 1143 54 1144 352 1144 350 1144 353 1145 54 1145 756 1145 55 1146 585 1146 270 1146 346 1147 55 1147 719 1147 341 1148 55 1148 755 1148 55 1149 341 1149 585 1149 56 1150 584 1150 517 1150 345 1151 56 1151 713 1151 56 1152 345 1152 536 1152 584 1153 56 1153 864 1153 273 1154 57 1154 719 1154 57 1155 273 1155 347 1155 343 1156 57 1156 753 1156 57 1157 343 1157 346 1157 58 1158 583 1158 538 1158 360 1159 58 1159 756 1159 58 1160 360 1160 540 1160 583 1161 58 1161 868 1161 59 1162 582 1162 536 1162 353 1163 59 1163 752 1163 59 1164 353 1164 538 1164 582 1165 59 1165 866 1165 343 1166 60 1166 755 1166 60 1167 343 1167 354 1167 351 1168 60 1168 757 1168 60 1169 351 1169 355 1169 341 1170 61 1170 865 1170 61 1171 341 1171 355 1171 349 1172 61 1172 759 1172 61 1173 349 1173 581 1173 359 1174 62 1174 763 1174 62 1175 359 1175 368 1175 367 1176 62 1176 765 1176 62 1177 367 1177 369 1177 63 1178 362 1178 351 1178 63 1179 351 1179 361 1179 359 1180 63 1180 761 1180 63 1181 359 1181 362 1181 349 1182 64 1182 867 1182 362 1183 64 1183 759 1183 357 1184 64 1184 763 1184 64 1185 357 1185 580 1185 65 1186 360 1186 350 1186 65 1187 350 1187 363 1187 65 1188 363 1188 358 1188 360 1189 65 1189 760 1189 542 1190 66 1190 870 1190 66 1191 542 1191 366 1191 66 1192 366 1192 543 1192 579 1193 66 1193 871 1193 357 1194 67 1194 869 1194 67 1195 357 1195 369 1195 365 1196 67 1196 767 1196 67 1197 365 1197 578 1197 68 1198 371 1198 358 1198 370 1199 68 1199 762 1199 68 1200 370 1200 366 1200 371 1201 68 1201 764 1201 69 1202 577 1202 540 1202 371 1203 69 1203 760 1203 542 1204 69 1204 764 1204 69 1205 542 1205 577 1205 70 1206 385 1206 375 1206 384 1207 70 1207 770 1207 70 1208 384 1208 383 1208 385 1209 70 1209 772 1209 280 1210 71 1210 721 1210 71 1211 280 1211 378 1211 374 1212 71 1212 769 1212 71 1213 374 1213 379 1213 276 1214 72 1214 900 1214 379 1215 72 1215 721 1215 373 1216 72 1216 771 1216 72 1217 373 1217 674 1217 73 1218 673 1218 622 1218 377 1219 73 1219 716 1219 73 1220 377 1220 634 1220 673 1221 73 1221 910 1221 381 1222 74 1222 913 1222 74 1223 381 1223 392 1223 389 1224 74 1224 779 1224 74 1225 389 1225 672 1225 373 1226 75 1226 911 1226 75 1227 373 1227 386 1227 381 1228 75 1228 775 1228 75 1229 381 1229 671 1229 374 1230 76 1230 771 1230 76 1231 374 1231 387 1231 382 1232 76 1232 773 1232 76 1233 382 1233 386 1233 77 1234 670 1234 634 1234 385 1235 77 1235 768 1235 77 1236 385 1236 636 1236 670 1237 77 1237 912 1237 390 1238 78 1238 779 1238 78 1239 390 1239 400 1239 398 1240 78 1240 781 1240 78 1241 398 1241 401 1241 382 1242 79 1242 775 1242 79 1243 382 1243 394 1243 390 1244 79 1244 777 1244 79 1245 390 1245 392 1245 80 1246 669 1246 636 1246 395 1247 80 1247 772 1247 80 1248 395 1248 638 1248 669 1249 80 1249 914 1249 81 1250 395 1250 383 1250 393 1251 81 1251 774 1251 81 1252 393 1252 391 1252 395 1253 81 1253 776 1253 640 1254 82 1254 916 1254 82 1255 640 1255 399 1255 641 1256 82 1256 782 1256 82 1257 641 1257 668 1257 83 1258 667 1258 638 1258 402 1259 83 1259 776 1259 640 1260 83 1260 780 1260 83 1261 640 1261 667 1261 84 1262 402 1262 391 1262 403 1263 84 1263 778 1263 84 1264 403 1264 399 1264 402 1265 84 1265 780 1265 389 1266 85 1266 915 1266 85 1267 389 1267 401 1267 397 1268 85 1268 783 1268 85 1269 397 1269 666 1269 86 1270 417 1270 406 1270 416 1271 86 1271 784 1271 86 1272 416 1272 414 1272 417 1273 86 1273 790 1273 522 1274 87 1274 850 1274 410 1275 87 1275 724 1275 545 1276 87 1276 786 1276 87 1277 545 1277 576 1277 88 1278 410 1278 290 1278 88 1279 290 1279 411 1279 406 1280 88 1280 784 1280 410 1281 88 1281 786 1281 277 1282 89 1282 848 1282 409 1283 89 1283 722 1283 404 1284 89 1284 785 1284 89 1285 404 1285 575 1285 414 1286 90 1286 790 1286 90 1287 414 1287 424 1287 422 1288 90 1288 792 1288 90 1289 422 1289 425 1289 404 1290 91 1290 872 1290 91 1291 404 1291 418 1291 412 1292 91 1292 789 1292 91 1293 412 1293 574 1293 407 1294 92 1294 785 1294 92 1295 407 1295 419 1295 415 1296 92 1296 791 1296 92 1297 415 1297 418 1297 545 1298 93 1298 873 1298 417 1299 93 1299 786 1299 93 1300 417 1300 547 1300 93 1301 547 1301 573 1301 94 1302 433 1302 423 1302 432 1303 94 1303 795 1303 431 1304 94 1304 799 1304 433 1305 94 1305 797 1305 412 1306 95 1306 874 1306 95 1307 412 1307 426 1307 95 1308 426 1308 420 1308 95 1309 420 1309 572 1309 96 1310 426 1310 415 1310 427 1311 96 1311 791 1311 96 1312 427 1312 423 1312 426 1313 96 1313 793 1313 547 1314 97 1314 875 1314 97 1315 547 1315 425 1315 549 1316 97 1316 794 1316 97 1317 549 1317 571 1317 428 1318 98 1318 878 1318 98 1319 428 1319 431 1319 98 1320 431 1320 429 1320 570 1321 98 1321 879 1321 549 1322 99 1322 877 1322 99 1323 549 1323 434 1323 551 1324 99 1324 798 1324 99 1325 551 1325 569 1325 422 1326 100 1326 794 1326 100 1327 422 1327 435 1327 430 1328 100 1328 796 1328 434 1329 100 1329 798 1329 420 1330 101 1330 876 1330 433 1331 101 1331 793 1331 428 1332 101 1332 797 1332 101 1333 428 1333 568 1333 102 1334 665 1334 642 1334 448 1335 102 1335 800 1335 102 1336 448 1336 644 1336 665 1337 102 1337 920 1337 103 1338 440 1338 296 1338 103 1339 296 1339 442 1339 438 1340 103 1340 802 1340 440 1341 103 1341 800 1341 104 1342 443 1342 297 1342 104 1343 297 1343 441 1343 439 1344 104 1344 801 1344 443 1345 104 1345 803 1345 105 1346 664 1346 295 1346 443 1347 105 1347 730 1347 105 1348 443 1348 437 1348 664 1349 105 1349 919 1349 447 1350 106 1350 807 1350 106 1351 447 1351 456 1351 455 1352 106 1352 809 1352 106 1353 455 1353 457 1353 107 1354 450 1354 439 1354 107 1355 439 1355 449 1355 447 1356 107 1356 805 1356 450 1357 107 1357 807 1357 108 1358 663 1358 437 1358 450 1359 108 1359 803 1359 108 1360 450 1360 445 1360 663 1361 108 1361 921 1361 109 1362 448 1362 438 1362 109 1363 438 1363 451 1363 446 1364 109 1364 806 1364 448 1365 109 1365 804 1365 110 1366 465 1366 454 1366 464 1367 110 1367 810 1367 110 1368 464 1368 462 1368 465 1369 110 1369 812 1369 445 1370 111 1370 921 1370 111 1371 445 1371 457 1371 453 1372 111 1372 811 1372 111 1373 453 1373 662 1373 112 1374 459 1374 446 1374 458 1375 112 1375 806 1375 112 1376 458 1376 454 1376 459 1377 112 1377 808 1377 113 1378 661 1378 644 1378 459 1379 113 1379 804 1379 113 1380 459 1380 646 1380 661 1381 113 1381 922 1381 463 1382 114 1382 815 1382 114 1383 463 1383 472 1383 471 1384 114 1384 817 1384 114 1385 471 1385 473 1385 646 1386 115 1386 922 1386 465 1387 115 1387 808 1387 115 1388 465 1388 648 1388 115 1389 648 1389 660 1389 455 1390 116 1390 811 1390 116 1391 455 1391 466 1391 463 1392 116 1392 813 1392 116 1393 463 1393 467 1393 453 1394 117 1394 923 1394 117 1395 453 1395 467 1395 461 1396 117 1396 815 1396 659 1397 117 1397 925 1397 650 1398 118 1398 926 1398 118 1399 650 1399 470 1399 118 1400 470 1400 651 1400 658 1401 118 1401 927 1401 119 1402 657 1402 461 1402 119 1403 461 1403 473 1403 469 1404 119 1404 819 1404 657 1405 119 1405 927 1405 120 1406 475 1406 462 1406 474 1407 120 1407 814 1407 120 1408 474 1408 470 1408 475 1409 120 1409 816 1409 648 1410 121 1410 924 1410 475 1411 121 1411 812 1411 650 1412 121 1412 816 1412 121 1413 650 1413 656 1413 122 1414 489 1414 478 1414 488 1415 122 1415 822 1415 122 1416 488 1416 486 1416 489 1417 122 1417 824 1417 123 1418 480 1418 307 1418 123 1419 307 1419 482 1419 479 1420 123 1420 821 1420 123 1421 479 1421 480 1421 525 1422 124 1422 853 1422 483 1423 124 1423 729 1423 124 1424 483 1424 552 1424 124 1425 552 1425 567 1425 125 1426 483 1426 306 1426 125 1427 306 1427 481 1427 125 1428 481 1428 478 1428 483 1429 125 1429 820 1429 487 1430 126 1430 827 1430 126 1431 487 1431 496 1431 495 1432 126 1432 829 1432 126 1433 495 1433 497 1433 552 1434 127 1434 880 1434 489 1435 127 1435 820 1435 127 1436 489 1436 554 1436 566 1437 127 1437 882 1437 479 1438 128 1438 823 1438 128 1439 479 1439 490 1439 487 1440 128 1440 825 1440 128 1441 487 1441 491 1441 477 1442 129 1442 881 1442 129 1443 477 1443 491 1443 485 1444 129 1444 827 1444 129 1445 485 1445 565 1445 130 1446 505 1446 494 1446 504 1447 130 1447 830 1447 130 1448 504 1448 502 1448 505 1449 130 1449 832 1449 485 1450 131 1450 883 1450 131 1451 485 1451 497 1451 493 1452 131 1452 831 1452 131 1453 493 1453 564 1453 132 1454 499 1454 486 1454 498 1455 132 1455 826 1455 132 1456 498 1456 494 1456 499 1457 132 1457 828 1457 133 1458 563 1458 554 1458 499 1459 133 1459 824 1459 133 1460 499 1460 556 1460 563 1461 133 1461 884 1461 134 1462 562 1462 558 1462 134 1463 558 1463 502 1463 134 1464 502 1464 559 1464 134 1465 559 1465 562 1465 135 1466 561 1466 556 1466 505 1467 135 1467 828 1467 558 1468 135 1468 832 1468 561 1469 135 1469 886 1469 495 1470 136 1470 831 1470 136 1471 495 1471 506 1471 503 1472 136 1472 833 1472 136 1473 503 1473 507 1473 493 1474 137 1474 885 1474 137 1475 493 1475 507 1475 501 1476 137 1476 835 1476 137 1477 501 1477 560 1477 138 1478 504 1478 557 1478 560 1479 138 1479 885 1479 559 1480 138 1480 887 1480 504 1481 138 1481 834 1481 492 1482 139 1482 829 1482 139 1483 492 1483 561 1483 500 1484 139 1484 886 1484 506 1485 139 1485 833 1485 140 1486 503 1486 500 1486 140 1487 500 1487 562 1487 501 1488 140 1488 887 1488 140 1489 501 1489 503 1489 484 1490 141 1490 825 1490 141 1491 484 1491 563 1491 492 1492 141 1492 884 1492 141 1493 492 1493 496 1493 142 1494 498 1494 555 1494 564 1495 142 1495 883 1495 142 1496 564 1496 557 1496 498 1497 142 1497 830 1497 143 1498 488 1498 553 1498 565 1499 143 1499 881 1499 143 1500 565 1500 555 1500 488 1501 143 1501 826 1501 476 1502 144 1502 821 1502 566 1503 144 1503 880 1503 484 1504 144 1504 882 1504 144 1505 484 1505 490 1505 294 1506 145 1506 731 1506 567 1507 145 1507 853 1507 145 1508 567 1508 476 1508 145 1509 476 1509 482 1509 548 1510 146 1510 792 1510 568 1511 146 1511 876 1511 146 1512 568 1512 550 1512 435 1513 146 1513 796 1513 147 1514 432 1514 421 1514 569 1515 147 1515 877 1515 147 1516 569 1516 429 1516 432 1517 147 1517 799 1517 148 1518 430 1518 550 1518 570 1519 148 1519 878 1519 551 1520 148 1520 879 1520 148 1521 551 1521 430 1521 149 1522 427 1522 413 1522 571 1523 149 1523 875 1523 149 1524 571 1524 421 1524 427 1525 149 1525 795 1525 150 1526 424 1526 546 1526 572 1527 150 1527 874 1527 150 1528 572 1528 548 1528 150 1529 548 1529 424 1529 405 1530 151 1530 787 1530 151 1531 405 1531 573 1531 151 1532 573 1532 413 1532 151 1533 413 1533 419 1533 152 1534 416 1534 544 1534 574 1535 152 1535 872 1535 152 1536 574 1536 546 1536 416 1537 152 1537 788 1537 520 1538 153 1538 720 1538 575 1539 153 1539 848 1539 153 1540 575 1540 544 1540 411 1541 153 1541 784 1541 285 1542 154 1542 726 1542 154 1543 285 1543 576 1543 154 1544 576 1544 405 1544 154 1545 405 1545 408 1545 356 1546 155 1546 761 1546 155 1547 356 1547 577 1547 155 1548 577 1548 364 1548 368 1549 155 1549 765 1549 156 1550 370 1550 541 1550 578 1551 156 1551 869 1551 156 1552 578 1552 543 1552 370 1553 156 1553 766 1553 157 1554 367 1554 364 1554 579 1555 157 1555 870 1555 365 1556 157 1556 871 1556 157 1557 365 1557 367 1557 539 1558 158 1558 758 1558 580 1559 158 1559 867 1559 158 1560 580 1560 541 1560 363 1561 158 1561 762 1561 159 1562 352 1562 537 1562 581 1563 159 1563 865 1563 159 1564 581 1564 539 1564 352 1565 159 1565 758 1565 340 1566 160 1566 753 1566 160 1567 340 1567 582 1567 348 1568 160 1568 866 1568 160 1569 348 1569 354 1569 348 1570 161 1570 757 1570 161 1571 348 1571 583 1571 356 1572 161 1572 868 1572 161 1573 356 1573 361 1573 262 1574 162 1574 715 1574 162 1575 262 1575 584 1575 340 1576 162 1576 864 1576 162 1577 340 1577 347 1577 519 1578 163 1578 717 1578 163 1579 519 1579 585 1579 163 1580 585 1580 537 1580 344 1581 163 1581 754 1581 164 1582 336 1582 325 1582 586 1583 164 1583 861 1583 164 1584 586 1584 333 1584 336 1585 164 1585 751 1585 165 1586 338 1586 532 1586 587 1587 165 1587 860 1587 165 1588 587 1588 534 1588 338 1589 165 1589 748 1589 166 1590 335 1590 534 1590 588 1591 166 1591 862 1591 535 1592 166 1592 863 1592 166 1593 535 1593 335 1593 167 1594 328 1594 317 1594 589 1595 167 1595 859 1595 167 1596 589 1596 325 1596 328 1597 167 1597 747 1597 530 1598 168 1598 740 1598 168 1599 530 1599 590 1599 532 1600 168 1600 860 1600 168 1601 532 1601 330 1601 514 1602 169 1602 708 1602 169 1603 514 1603 591 1603 530 1604 169 1604 858 1604 169 1605 530 1605 323 1605 261 1606 170 1606 714 1606 170 1607 261 1607 592 1607 170 1608 592 1608 317 1608 320 1609 170 1609 743 1609 171 1610 314 1610 526 1610 593 1611 171 1611 854 1611 171 1612 593 1612 528 1612 314 1613 171 1613 736 1613 655 1614 172 1614 908 1614 172 152 655 152 594 152 529 1615 172 1615 857 1615 172 1616 529 1616 308 1616 527 1617 173 1617 733 1617 173 1618 527 1618 595 1618 553 1619 173 1619 881 1619 481 1620 173 1620 822 1620 174 1621 313 1621 302 1621 596 1622 174 1622 855 1622 174 1623 596 1623 310 1623 313 1624 174 1624 739 1624 175 1625 296 1625 286 1625 597 1626 175 1626 851 1626 175 1627 597 1627 294 1627 175 1628 294 1628 296 1628 176 1629 298 1629 522 1629 598 1630 176 1630 850 1630 176 1631 598 1631 524 1631 298 1632 176 1632 728 1632 177 1633 305 1633 524 1633 599 1634 177 1634 852 1634 177 1635 599 1635 526 1635 305 1636 177 1636 732 1636 518 1637 178 1637 716 1637 178 1638 518 1638 600 1638 520 1639 178 1639 848 1639 178 1640 520 1640 282 1640 179 1641 289 1641 278 1641 601 1642 179 1642 849 1642 179 1643 601 1643 286 1643 289 1644 179 1644 727 1644 180 1645 274 1645 516 1645 602 1646 180 1646 844 1646 180 1647 602 1647 518 1647 180 1648 518 1648 274 1648 181 1649 281 1649 270 1649 603 1650 181 1650 847 1650 181 1651 603 1651 278 1651 281 1652 181 1652 723 1652 254 1653 182 1653 711 1653 182 1654 254 1654 604 1654 182 1655 604 1655 262 1655 182 1656 262 1656 264 1656 512 1657 183 1657 704 1657 183 1658 512 1658 605 1658 514 1659 183 1659 842 1659 183 1660 514 1660 258 1660 184 1661 250 1661 510 1661 606 1662 184 1662 838 1662 512 1663 184 1663 840 1663 250 1664 184 1664 704 1664 246 1665 185 1665 707 1665 185 1666 246 1666 607 1666 254 1667 185 1667 843 1667 185 1668 254 1668 257 1668 234 1669 186 1669 700 1669 186 1670 234 1670 508 1670 608 1671 186 1671 836 1671 186 1672 608 1672 510 1672 187 1673 509 1673 236 1673 511 1674 187 1674 701 1674 187 1675 511 1675 609 1675 509 1676 187 1676 837 1676 242 1677 188 1677 702 1677 610 1678 188 1678 839 1678 188 1679 610 1679 246 1679 188 1680 246 1680 249 1680 232 1681 189 1681 888 1681 189 1682 232 1682 509 1682 653 1683 189 1683 837 1683 189 1684 653 1684 654 1684 190 1685 508 1685 612 1685 654 1686 190 1686 888 1686 190 1687 654 1687 611 1687 508 1688 190 1688 836 1688 191 1689 632 1689 528 1689 652 1690 191 1690 856 1690 191 152 652 152 655 152 632 1691 191 1691 908 1691 460 1692 192 1692 813 1692 192 1693 460 1693 656 1693 468 1694 192 1694 926 1694 472 1695 192 1695 817 1695 193 1696 474 1696 649 1696 657 1697 193 1697 925 1697 193 1698 657 1698 651 1698 474 1699 193 1699 818 1699 194 1700 471 1700 468 1700 194 1701 468 1701 658 1701 194 1702 658 1702 469 1702 194 1703 469 1703 471 1703 195 1704 464 1704 647 1704 659 1705 195 1705 923 1705 195 1706 659 1706 649 1706 464 1707 195 1707 814 1707 452 1708 196 1708 809 1708 196 1709 452 1709 660 1709 460 1710 196 1710 924 1710 196 1711 460 1711 466 1711 444 1712 197 1712 805 1712 197 1713 444 1713 661 1713 452 1714 197 1714 922 1714 197 1715 452 1715 456 1715 198 1716 458 1716 645 1716 662 1717 198 1717 921 1717 198 1718 662 1718 647 1718 458 1719 198 1719 810 1719 643 1720 199 1720 802 1720 199 1721 643 1721 663 1721 645 1722 199 1722 921 1722 199 1723 645 1723 451 1723 629 1724 200 1724 731 1724 200 1725 629 1725 664 1725 643 1726 200 1726 919 1726 200 1727 643 1727 442 1727 436 1728 201 1728 801 1728 201 1729 436 1729 665 1729 444 1730 201 1730 920 1730 201 1731 444 1731 449 1731 202 1732 403 1732 639 1732 666 1733 202 1733 915 1733 202 1734 666 1734 641 1734 403 1735 202 1735 782 1735 388 1736 203 1736 777 1736 203 1737 388 1737 667 1737 203 1738 667 1738 396 1738 400 1739 203 1739 781 1739 204 1740 398 1740 396 1740 668 1741 204 1741 916 1741 204 1742 668 1742 397 1742 398 1743 204 1743 783 1743 380 1744 205 1744 773 1744 205 1745 380 1745 669 1745 388 1746 205 1746 914 1746 205 1747 388 1747 394 1747 372 1748 206 1748 769 1748 206 1749 372 1749 670 1749 380 1750 206 1750 912 1750 206 1751 380 1751 387 1751 207 1752 384 1752 635 1752 671 1753 207 1753 911 1753 207 1754 671 1754 637 1754 384 1755 207 1755 774 1755 208 1756 393 1756 637 1756 672 1757 208 1757 913 1757 208 1758 672 1758 639 1758 393 1759 208 1759 778 1759 268 1760 209 1760 717 1760 209 1761 268 1761 673 1761 372 1762 209 1762 910 1762 209 1763 372 1763 378 1763 624 1764 210 1764 720 1764 210 1765 624 1765 674 1765 635 1766 210 1766 911 1766 376 1767 210 1767 770 1767 211 1768 315 1768 303 1768 675 1769 211 1769 907 1769 211 1770 675 1770 311 1770 315 1771 211 1771 738 1771 300 1772 212 1772 733 1772 676 1773 212 1773 906 1773 212 1774 676 1774 308 1774 312 1775 212 1775 737 1775 309 1776 213 1776 856 1776 213 1777 309 1777 311 1777 677 1778 213 1778 909 1778 652 152 213 152 928 152 214 1779 304 1779 295 1779 678 1780 214 1780 905 1780 214 1781 678 1781 303 1781 304 1782 214 1782 734 1782 292 1783 215 1783 729 1783 679 1784 215 1784 904 1784 215 1785 679 1785 300 1785 215 1786 300 1786 306 1786 216 1787 299 1787 284 1787 680 1788 216 1788 902 1788 216 1789 680 1789 292 1789 216 1790 292 1790 299 1790 279 1791 217 1791 722 1791 217 1792 279 1792 681 1792 287 1793 217 1793 903 1793 217 1794 287 1794 291 1794 218 1795 288 1795 276 1795 218 1796 276 1796 682 1796 218 1797 682 1797 284 1797 288 1798 218 1798 725 1798 287 1799 219 1799 726 1799 219 1800 287 1800 683 1800 436 1801 219 1801 918 1801 219 1802 436 1802 441 1802 220 1803 283 1803 271 1803 684 1804 220 1804 899 1804 220 1805 684 1805 279 1805 220 1806 279 1806 283 1806 221 1807 275 1807 263 1807 685 1808 221 1808 897 1808 221 1809 685 1809 271 1809 221 1810 271 1810 275 1810 260 1811 222 1811 713 1811 686 1812 222 1812 896 1812 268 1813 222 1813 898 1813 222 1814 268 1814 272 1814 223 1815 267 1815 252 1815 687 1816 223 1816 894 1816 223 1817 687 1817 260 1817 223 1818 260 1818 267 1818 224 1819 259 1819 247 1819 688 1820 224 1820 893 1820 224 1821 688 1821 255 1821 224 1822 255 1822 259 1822 244 1823 225 1823 705 1823 225 1824 244 1824 689 1824 252 1825 225 1825 894 1825 225 1826 252 1826 256 1826 255 1827 226 1827 710 1827 690 1828 226 1828 895 1828 226 1829 690 1829 263 1829 265 1830 226 1830 714 1830 227 1831 251 1831 243 1831 691 1832 227 1832 891 1832 227 1833 691 1833 247 1833 251 1834 227 1834 706 1834 228 1835 248 1835 240 1835 692 1836 228 1836 890 1836 244 1837 228 1837 892 1837 228 1838 244 1838 248 1838 238 1839 229 1839 698 1839 615 1840 229 1840 702 1840 229 1841 615 1841 693 1841 229 1842 693 1842 613 1842 230 1843 612 1843 234 1843 614 1844 230 1844 700 1844 230 1845 614 1845 694 1845 612 1846 230 1846 888 1846 611 1847 231 1847 836 1847 231 1848 611 1848 695 1848 237 1849 231 1849 889 1849 233 1850 231 1850 699 1850</p>
        </polylist>
      </mesh>
    </geometry>
  </library_geometries>
  <library_controllers/>
  <library_visual_scenes>
    <visual_scene id="Scene" name="Scene">
      <node id="giantSequioa" name="giantSequioa" type="NODE">
        <matrix sid="transform">0.2535045 0 0 4.269567 0 0.2535045 0 -0.6814253 0 0 0.2535045 0.009221279 0 0 0 1</matrix>
        <instance_geometry url="#Cube-mesh" name="giantSequioa">
          <bind_material>
            <technique_common>
              <instance_material symbol="bark-material" target="#bark-material"/>
            </technique_common>
          </bind_material>
        </instance_geometry>
        <node id="Icosphere" name="Icosphere" type="NODE">
          <matrix sid="transform">1.114946 -0.2444204 0.01367024 1.031776 0.2447329 1.114408 -0.03509966 3.327214 -0.005830166 0.03721385 1.140882 19.46444 0 0 0 1</matrix>
          <instance_geometry url="#Icosphere-mesh" name="Icosphere">
            <bind_material>
              <technique_common>
                <instance_material symbol="foliage-material" target="#foliage-material"/>
              </technique_common>
            </bind_material>
          </instance_geometry>
        </node>
        <node id="Icosphere_001" name="Icosphere_001" type="NODE">
          <matrix sid="transform">-0.9043206 0.1689236 0.02115235 -0.2549839 -0.1687223 -0.9045456 0.0104037 -3.224424 0.02270221 0.006345757 0.9199035 22.35453 0 0 0 1</matrix>
          <instance_geometry url="#Icosphere_001-mesh" name="Icosphere_001">
            <bind_material>
              <technique_common>
                <instance_material symbol="foliage-material" target="#foliage-material"/>
              </technique_common>
            </bind_material>
          </instance_geometry>
        </node>
        <node id="Icosphere_002" name="Icosphere_002" type="NODE">
          <matrix sid="transform">-0.1433742 0.6968501 -0.06461649 1.707958 -0.6906788 -0.1515302 -0.1016496 -0.403899 -0.1128621 0.0420722 0.7041472 25.88864 0 0 0 1</matrix>
          <instance_geometry url="#Icosphere_002-mesh" name="Icosphere_002">
            <bind_material>
              <technique_common>
                <instance_material symbol="foliage-material" target="#foliage-material"/>
              </technique_common>
            </bind_material>
          </instance_geometry>
        </node>
        <node id="Icosphere_003" name="Icosphere_003" type="NODE">
          <matrix sid="transform">0.4828039 -0.3220946 -0.03921707 -0.217392 0.3080325 0.4770769 -0.1260797 1.379446 0.1019743 0.08387677 0.5665231 26.03465 0 0 0 1</matrix>
          <instance_geometry url="#Icosphere_003-mesh" name="Icosphere_003">
            <bind_material>
              <technique_common>
                <instance_material symbol="foliage-material" target="#foliage-material"/>
              </technique_common>
            </bind_material>
          </instance_geometry>
        </node>
        <node id="Icosphere_004" name="Icosphere_004" type="NODE">
          <matrix sid="transform">0.07954008 -0.4244139 0.06039985 -1.701268 0.4286875 0.07895806 -0.00971807 -0.2334883 -0.001478352 0.06115881 0.4316934 27.1237 0 0 0 1</matrix>
          <instance_geometry url="#Icosphere_004-mesh" name="Icosphere_004">
            <bind_material>
              <technique_common>
                <instance_material symbol="foliage-material" target="#foliage-material"/>
              </technique_common>
            </bind_material>
          </instance_geometry>
        </node>
        <node id="Icosphere_005" name="Icosphere_005" type="NODE">
          <matrix sid="transform">-0.06966721 -0.2911019 -0.003452953 -0.03357506 0.2820056 -0.06659926 -0.07512025 -0.6338925 0.07228409 -0.02073605 0.2897425 28.11784 0 0 0 1</matrix>
          <instance_geometry url="#Icosphere_005-mesh" name="Icosphere_005">
            <bind_material>
              <technique_common>
                <instance_material symbol="foliage-material" target="#foliage-material"/>
              </technique_common>
            </bind_material>
          </instance_geometry>
        </node>
        <node id="Icosphere_006" name="Icosphere_006" type="NODE">
          <matrix sid="transform">-0.1701965 0.1505819 0.05482043 -0.1575718 -0.1147056 -0.2259457 0.032433 0.09830046 0.06376052 -0.00452837 0.2046799 28.85938 0 0 0 1</matrix>
          <instance_geometry url="#Icosphere_006-mesh" name="Icosphere_006">
            <bind_material>
              <technique_common>
                <instance_material symbol="foliage-material" target="#foliage-material"/>
              </technique_common>
            </bind_material>
          </instance_geometry>
        </node>
        <node id="Icosphere_007" name="Icosphere_007" type="NODE">
          <matrix sid="transform">0.1590862 -0.7371283 -0.1069143 -3.414749 0.7408903 0.1453582 0.1002474 -0.1348042 -0.07661658 -0.1249404 0.7474067 21.08995 0 0 0 1</matrix>
          <instance_geometry url="#Icosphere_007-mesh" name="Icosphere_007">
            <bind_material>
              <technique_common>
                <instance_material symbol="foliage-material" target="#foliage-material"/>
              </technique_common>
            </bind_material>
          </instance_geometry>
        </node>
        <node id="Icosphere_008" name="Icosphere_008" type="NODE">
          <matrix sid="transform">0.1960395 -0.9083515 -0.1317488 4.130789 0.9129874 0.1791226 0.1235333 0.9645844 -0.0944134 -0.1539621 0.9210176 22.09036 0 0 0 1</matrix>
          <instance_geometry url="#Icosphere_008-mesh" name="Icosphere_008">
            <bind_material>
              <technique_common>
                <instance_material symbol="foliage-material" target="#foliage-material"/>
              </technique_common>
            </bind_material>
          </instance_geometry>
        </node>
        <node id="Icosphere_009" name="Icosphere_009" type="NODE">
          <matrix sid="transform">0.1117071 -0.5175961 -0.07507299 -1.047724 0.5202377 0.1020675 0.07039165 2.492197 -0.05379857 -0.08773056 0.5248135 23.15386 0 0 0 1</matrix>
          <instance_geometry url="#Icosphere_009-mesh" name="Icosphere_009">
            <bind_material>
              <technique_common>
                <instance_material symbol="foliage-material" target="#foliage-material"/>
              </technique_common>
            </bind_material>
          </instance_geometry>
        </node>
      </node>
    </visual_scene>
  </library_visual_scenes>
  <scene>
    <instance_visual_scene url="#Scene"/>
  </scene>
</COLLADA>